2025-06-17 21:23:34,593 - streaming_ordering_chatbot.api.flows.conversation_flows_SK - ERROR - Error setting up prompt function: Failed to tokenize code block: #message 'system'. A FunctionIdBlock is composed of either a plugin name and function name separated by a single dot, or just a function name. Both plugin and function names can only contain letters, numbers and underscores. The content provided was: #message
2025-06-17 21:25:48,056 - streaming_ordering_chatbot.api.flows.conversation_flows_SK - ERROR - Error setting up prompt function: Failed to tokenize code block: /message. A FunctionIdBlock is composed of either a plugin name and function name separated by a single dot, or just a function name. Both plugin and function names can only contain letters, numbers and underscores. The content provided was: /message
2025-06-17 21:26:22,191 - streaming_ordering_chatbot.api.flows.conversation_flows_SK - ERROR - Error setting up prompt function: Failed to tokenize code block: message role content. Unexpected type for the second token type, should be variable, value or named_arg: BlockTypes.FUNCTION_ID
2025-06-17 21:29:11,048 - streaming_ordering_chatbot.api.flows.conversation_flows_SK - ERROR - Error setting up prompt function: Failed to tokenize code block: message role content. Unexpected type for the second token type, should be variable, value or named_arg: BlockTypes.FUNCTION_ID
2025-06-17 21:29:50,648 - streaming_ordering_chatbot.api.flows.conversation_flows_SK - ERROR - Error setting up prompt function: Failed to tokenize code block: message role content. Unexpected type for the second token type, should be variable, value or named_arg: BlockTypes.FUNCTION_ID
2025-06-17 21:32:34,159 - streaming_ordering_chatbot.api.flows.conversation_flows_SK - ERROR - Error setting up prompt function: Failed to tokenize code block: $item.content. A VarBlock starts with a '$' followed by at least one letter, number or underscore, anything else is invalid. The content provided was: $item.content
2025-06-17 21:34:31,146 - streaming_ordering_chatbot.api.flows.conversation_flows_SK - ERROR - Error setting up prompt function: Failed to tokenize code block: /each. A FunctionIdBlock is composed of either a plugin name and function name separated by a single dot, or just a function name. Both plugin and function names can only contain letters, numbers and underscores. The content provided was: /each
2025-06-17 21:34:56,123 - streaming_ordering_chatbot.api.flows.conversation_flows_SK - ERROR - Error in conversation flow: object async_generator can't be used in 'await' expression
2025-06-17 21:34:56,940 - streaming_ordering_chatbot.api.flows.conversation_flows_SK - ERROR - Error in conversation flow: object async_generator can't be used in 'await' expression
2025-06-17 21:39:17,771 - streaming_ordering_chatbot.api.flows.conversation_flows_SK - ERROR - Error setting up prompt function: Failed to tokenize code block: #message 'system'. A FunctionIdBlock is composed of either a plugin name and function name separated by a single dot, or just a function name. Both plugin and function names can only contain letters, numbers and underscores. The content provided was: #message
2025-06-17 21:39:53,375 - streaming_ordering_chatbot.api.flows.conversation_flows_SK - ERROR - Error setting up prompt function: Failed to tokenize code block: /message. A FunctionIdBlock is composed of either a plugin name and function name separated by a single dot, or just a function name. Both plugin and function names can only contain letters, numbers and underscores. The content provided was: /message
2025-06-17 21:40:17,692 - streaming_ordering_chatbot.api.flows.conversation_flows_SK - ERROR - Error in conversation flow: object async_generator can't be used in 'await' expression
2025-06-17 21:40:18,277 - streaming_ordering_chatbot.api.flows.conversation_flows_SK - ERROR - Error in conversation flow: object async_generator can't be used in 'await' expression
2025-06-17 21:40:25,072 - streaming_ordering_chatbot.api.flows.conversation_flows_SK - ERROR - Error in conversation flow: object async_generator can't be used in 'await' expression
2025-06-17 21:40:25,268 - streaming_ordering_chatbot.api.flows.conversation_flows_SK - ERROR - Error in conversation flow: object async_generator can't be used in 'await' expression
2025-06-17 22:53:17,437 - streaming_ordering_chatbot.api.flows.conversation_flows_SK - ERROR - Error in conversation flow: object async_generator can't be used in 'await' expression
2025-06-17 22:53:18,194 - streaming_ordering_chatbot.api.flows.conversation_flows_SK - ERROR - Error in conversation flow: object async_generator can't be used in 'await' expression
2025-06-17 22:55:17,752 - streaming_ordering_chatbot.api.flows.conversation_flows_SK - ERROR - Error setting up prompt function: Failed to tokenize code block: /message. A FunctionIdBlock is composed of either a plugin name and function name separated by a single dot, or just a function name. Both plugin and function names can only contain letters, numbers and underscores. The content provided was: /message
2025-06-17 22:56:45,750 - streaming_ordering_chatbot.api.flows.conversation_flows_SK - ERROR - Error in conversation flow: object async_generator can't be used in 'await' expression
2025-06-17 22:57:57,679 - streaming_ordering_chatbot.api.flows.conversation_flows_SK - ERROR - Error setting up prompt function: Failed to tokenize code block: /if. A FunctionIdBlock is composed of either a plugin name and function name separated by a single dot, or just a function name. Both plugin and function names can only contain letters, numbers and underscores. The content provided was: /if
2025-06-17 22:59:13,617 - streaming_ordering_chatbot.api.flows.conversation_flows_SK - ERROR - Error in order assistant flow: 'NoneType' object has no attribute 'lower'
2025-06-17 22:59:14,143 - streaming_ordering_chatbot.api.flows.conversation_flows_SK - ERROR - Error in order assistant flow: 'NoneType' object has no attribute 'lower'
2025-06-17 23:06:41,589 - streaming_ordering_chatbot.api.flows.conversation_flows_SK - ERROR - Error in order assistant flow: 'NoneType' object has no attribute 'lower'
2025-06-17 23:06:42,064 - streaming_ordering_chatbot.api.flows.conversation_flows_SK - ERROR - Error in order assistant flow: 'NoneType' object has no attribute 'lower'
2025-06-17 23:08:18,174 - streaming_ordering_chatbot.api.flows.conversation_flows_SK - ERROR - Error in order assistant flow: 'NoneType' object has no attribute 'lower'
2025-06-17 23:08:18,967 - streaming_ordering_chatbot.api.flows.conversation_flows_SK - ERROR - Error in order assistant flow: 'NoneType' object has no attribute 'lower'
2025-06-17 23:08:19,124 - streaming_ordering_chatbot.api.flows.conversation_flows_SK - ERROR - Error in order assistant flow: 'NoneType' object has no attribute 'lower'
2025-06-18 00:03:41,263 - streaming_ordering_chatbot.api.flows.conversation_flows_SK - ERROR - Error in conversation flow: object async_generator can't be used in 'await' expression
2025-06-18 00:04:01,553 - streaming_ordering_chatbot.api.flows.conversation_flows_SK - ERROR - Error in conversation flow: object async_generator can't be used in 'await' expression
2025-06-18 00:20:57,339 - streaming_ordering_chatbot.api.flows.conversation_flows_SK - ERROR - Error in conversation flow: object async_generator can't be used in 'await' expression
2025-06-18 00:29:36,034 - streaming_ordering_chatbot.api.flows.conversation_flows_SK - ERROR - Error in conversation flow: Error rendering code block: Function `message` not found
2025-06-18 00:31:03,771 - streaming_ordering_chatbot.api.flows.conversation_flows_SK - ERROR - Error in order assistant flow: Error rendering code block: Function `message` not found
2025-06-18 00:31:23,830 - streaming_ordering_chatbot.api.flows.conversation_flows_SK - ERROR - Error in order assistant flow: Error rendering code block: Function `message` not found
2025-06-18 00:31:43,738 - streaming_ordering_chatbot.api.flows.conversation_flows_SK - ERROR - Error in order assistant flow: Error rendering code block: Function `message` not found
2025-06-18 00:31:58,779 - streaming_ordering_chatbot.api.flows.conversation_flows_SK - ERROR - Error in order assistant flow: Error rendering code block: Function `message` not found
2025-06-18 00:32:02,961 - streaming_ordering_chatbot.api.flows.conversation_flows_SK - ERROR - Error in order assistant flow: Error rendering code block: Function `message` not found
2025-06-18 00:32:06,005 - streaming_ordering_chatbot.api.flows.conversation_flows_SK - ERROR - Error in order assistant flow: Error rendering code block: Function `message` not found
2025-06-18 10:23:54,192 - streaming_ordering_chatbot.api.flows.conversation_flows_SK - ERROR - Error in conversation flow: Error rendering code block: Function `message` not found
2025-06-18 15:06:07,028 - streaming_ordering_chatbot.api.flows.conversation_flows_SK - INFO - Produced token: Hello
2025-06-18 15:06:04,699 - streaming_ordering_chatbot.api.flows.conversation_flows_SK - INFO - Produced token:  and
2025-06-18 15:06:04,753 - streaming_ordering_chatbot.api.flows.conversation_flows_SK - INFO - Produced token:  welcome
2025-06-18 15:06:04,809 - streaming_ordering_chatbot.api.flows.conversation_flows_SK - INFO - Produced token: !
2025-06-18 15:06:04,866 - streaming_ordering_chatbot.api.flows.conversation_flows_SK - INFO - Produced token:  We're
2025-06-18 15:06:04,922 - streaming_ordering_chatbot.api.flows.conversation_flows_SK - INFO - Produced token:  so
2025-06-18 15:06:05,119 - streaming_ordering_chatbot.api.flows.conversation_flows_SK - INFO - Produced token:  glad
2025-06-18 15:06:05,176 - streaming_ordering_chatbot.api.flows.conversation_flows_SK - INFO - Produced token:  you're
2025-06-18 15:06:05,232 - streaming_ordering_chatbot.api.flows.conversation_flows_SK - INFO - Produced token:  here
2025-06-18 15:06:05,289 - streaming_ordering_chatbot.api.flows.conversation_flows_SK - INFO - Produced token: !
2025-06-18 15:06:05,345 - streaming_ordering_chatbot.api.flows.conversation_flows_SK - INFO - Produced token:  😊
2025-06-18 15:06:05,543 - streaming_ordering_chatbot.api.flows.conversation_flows_SK - INFO - Produced token:  I
2025-06-18 15:06:05,600 - streaming_ordering_chatbot.api.flows.conversation_flows_SK - INFO - Produced token:  can
2025-06-18 15:06:05,656 - streaming_ordering_chatbot.api.flows.conversation_flows_SK - INFO - Produced token:  help
2025-06-18 15:06:05,713 - streaming_ordering_chatbot.api.flows.conversation_flows_SK - INFO - Produced token:  with
2025-06-18 15:06:05,768 - streaming_ordering_chatbot.api.flows.conversation_flows_SK - INFO - Produced token:  questions
2025-06-18 15:06:05,975 - streaming_ordering_chatbot.api.flows.conversation_flows_SK - INFO - Produced token:  about
2025-06-18 15:06:06,030 - streaming_ordering_chatbot.api.flows.conversation_flows_SK - INFO - Produced token:  the
2025-06-18 15:06:06,086 - streaming_ordering_chatbot.api.flows.conversation_flows_SK - INFO - Produced token:  menu
2025-06-18 15:06:06,143 - streaming_ordering_chatbot.api.flows.conversation_flows_SK - INFO - Produced token: ,
2025-06-18 15:06:06,196 - streaming_ordering_chatbot.api.flows.conversation_flows_SK - INFO - Produced token:  taking
2025-06-18 15:06:06,401 - streaming_ordering_chatbot.api.flows.conversation_flows_SK - INFO - Produced token:  or
2025-06-18 15:06:06,455 - streaming_ordering_chatbot.api.flows.conversation_flows_SK - INFO - Produced token:  customizing
2025-06-18 15:06:06,507 - streaming_ordering_chatbot.api.flows.conversation_flows_SK - INFO - Produced token:  your
2025-06-18 15:06:06,563 - streaming_ordering_chatbot.api.flows.conversation_flows_SK - INFO - Produced token:  order
2025-06-18 15:06:06,616 - streaming_ordering_chatbot.api.flows.conversation_flows_SK - INFO - Produced token: ,
2025-06-18 15:06:06,824 - streaming_ordering_chatbot.api.flows.conversation_flows_SK - INFO - Produced token:  and
2025-06-18 15:06:06,878 - streaming_ordering_chatbot.api.flows.conversation_flows_SK - INFO - Produced token:  sharing
2025-06-18 15:06:06,934 - streaming_ordering_chatbot.api.flows.conversation_flows_SK - INFO - Produced token:  info
2025-06-18 15:06:06,989 - streaming_ordering_chatbot.api.flows.conversation_flows_SK - INFO - Produced token:  about
2025-06-18 15:06:07,045 - streaming_ordering_chatbot.api.flows.conversation_flows_SK - INFO - Produced token:  our
2025-06-18 15:06:07,255 - streaming_ordering_chatbot.api.flows.conversation_flows_SK - INFO - Produced token:  restaurant
2025-06-18 15:06:07,311 - streaming_ordering_chatbot.api.flows.conversation_flows_SK - INFO - Produced token: .
2025-06-18 15:06:07,367 - streaming_ordering_chatbot.api.flows.conversation_flows_SK - INFO - Produced token:  Let
2025-06-18 15:06:07,424 - streaming_ordering_chatbot.api.flows.conversation_flows_SK - INFO - Produced token:  me
2025-06-18 15:06:07,480 - streaming_ordering_chatbot.api.flows.conversation_flows_SK - INFO - Produced token:  know
2025-06-18 15:06:07,682 - streaming_ordering_chatbot.api.flows.conversation_flows_SK - INFO - Produced token:  how
2025-06-18 15:06:07,738 - streaming_ordering_chatbot.api.flows.conversation_flows_SK - INFO - Produced token:  I
2025-06-18 15:06:07,794 - streaming_ordering_chatbot.api.flows.conversation_flows_SK - INFO - Produced token:  can
2025-06-18 15:06:07,849 - streaming_ordering_chatbot.api.flows.conversation_flows_SK - INFO - Produced token:  make
2025-06-18 15:06:07,905 - streaming_ordering_chatbot.api.flows.conversation_flows_SK - INFO - Produced token:  your
2025-06-18 15:06:08,108 - streaming_ordering_chatbot.api.flows.conversation_flows_SK - INFO - Produced token:  visit
2025-06-18 15:06:08,164 - streaming_ordering_chatbot.api.flows.conversation_flows_SK - INFO - Produced token:  amazing
2025-06-18 15:06:08,220 - streaming_ordering_chatbot.api.flows.conversation_flows_SK - INFO - Produced token: !
2025-06-18 15:07:01,926 - streaming_ordering_chatbot.api.flows.conversation_flows_SK - INFO - Produced token: Hello
2025-06-18 15:07:02,147 - streaming_ordering_chatbot.api.flows.conversation_flows_SK - INFO - Produced token:  and
2025-06-18 15:07:02,203 - streaming_ordering_chatbot.api.flows.conversation_flows_SK - INFO - Produced token:  welcome
2025-06-18 15:07:02,258 - streaming_ordering_chatbot.api.flows.conversation_flows_SK - INFO - Produced token: !
2025-06-18 15:07:02,312 - streaming_ordering_chatbot.api.flows.conversation_flows_SK - INFO - Produced token:  😊
2025-06-18 15:07:02,368 - streaming_ordering_chatbot.api.flows.conversation_flows_SK - INFO - Produced token:  We're
2025-06-18 15:07:02,569 - streaming_ordering_chatbot.api.flows.conversation_flows_SK - INFO - Produced token:  so
2025-06-18 15:07:02,626 - streaming_ordering_chatbot.api.flows.conversation_flows_SK - INFO - Produced token:  glad
2025-06-18 15:07:02,682 - streaming_ordering_chatbot.api.flows.conversation_flows_SK - INFO - Produced token:  you're
2025-06-18 15:07:02,737 - streaming_ordering_chatbot.api.flows.conversation_flows_SK - INFO - Produced token:  here
2025-06-18 15:07:02,794 - streaming_ordering_chatbot.api.flows.conversation_flows_SK - INFO - Produced token: .
2025-06-18 15:07:02,995 - streaming_ordering_chatbot.api.flows.conversation_flows_SK - INFO - Produced token:  I
2025-06-18 15:07:03,049 - streaming_ordering_chatbot.api.flows.conversation_flows_SK - INFO - Produced token:  can
2025-06-18 15:07:03,104 - streaming_ordering_chatbot.api.flows.conversation_flows_SK - INFO - Produced token:  help
2025-06-18 15:07:03,160 - streaming_ordering_chatbot.api.flows.conversation_flows_SK - INFO - Produced token:  you
2025-06-18 15:07:03,216 - streaming_ordering_chatbot.api.flows.conversation_flows_SK - INFO - Produced token:  explore
2025-06-18 15:07:03,418 - streaming_ordering_chatbot.api.flows.conversation_flows_SK - INFO - Produced token:  our
2025-06-18 15:07:03,475 - streaming_ordering_chatbot.api.flows.conversation_flows_SK - INFO - Produced token:  menu
2025-06-18 15:07:03,529 - streaming_ordering_chatbot.api.flows.conversation_flows_SK - INFO - Produced token: ,
2025-06-18 15:07:03,585 - streaming_ordering_chatbot.api.flows.conversation_flows_SK - INFO - Produced token:  take
2025-06-18 15:07:03,641 - streaming_ordering_chatbot.api.flows.conversation_flows_SK - INFO - Produced token:  or
2025-06-18 15:07:03,837 - streaming_ordering_chatbot.api.flows.conversation_flows_SK - INFO - Produced token:  customize
2025-06-18 15:07:03,892 - streaming_ordering_chatbot.api.flows.conversation_flows_SK - INFO - Produced token:  your
2025-06-18 15:07:03,948 - streaming_ordering_chatbot.api.flows.conversation_flows_SK - INFO - Produced token:  order
2025-06-18 15:07:04,003 - streaming_ordering_chatbot.api.flows.conversation_flows_SK - INFO - Produced token: ,
2025-06-18 15:07:04,058 - streaming_ordering_chatbot.api.flows.conversation_flows_SK - INFO - Produced token:  and
2025-06-18 15:07:04,256 - streaming_ordering_chatbot.api.flows.conversation_flows_SK - INFO - Produced token:  share
2025-06-18 15:07:04,312 - streaming_ordering_chatbot.api.flows.conversation_flows_SK - INFO - Produced token:  info
2025-06-18 15:07:04,366 - streaming_ordering_chatbot.api.flows.conversation_flows_SK - INFO - Produced token:  about
2025-06-18 15:07:04,422 - streaming_ordering_chatbot.api.flows.conversation_flows_SK - INFO - Produced token:  our
2025-06-18 15:07:04,478 - streaming_ordering_chatbot.api.flows.conversation_flows_SK - INFO - Produced token:  restaurant
2025-06-18 15:07:04,688 - streaming_ordering_chatbot.api.flows.conversation_flows_SK - INFO - Produced token: .
2025-06-18 15:07:04,743 - streaming_ordering_chatbot.api.flows.conversation_flows_SK - INFO - Produced token:  Just
2025-06-18 15:07:04,800 - streaming_ordering_chatbot.api.flows.conversation_flows_SK - INFO - Produced token:  let
2025-06-18 15:07:04,856 - streaming_ordering_chatbot.api.flows.conversation_flows_SK - INFO - Produced token:  me
2025-06-18 15:07:04,911 - streaming_ordering_chatbot.api.flows.conversation_flows_SK - INFO - Produced token:  know
2025-06-18 15:07:05,119 - streaming_ordering_chatbot.api.flows.conversation_flows_SK - INFO - Produced token:  how
2025-06-18 15:07:05,175 - streaming_ordering_chatbot.api.flows.conversation_flows_SK - INFO - Produced token:  I
2025-06-18 15:07:05,231 - streaming_ordering_chatbot.api.flows.conversation_flows_SK - INFO - Produced token:  can
2025-06-18 15:07:05,284 - streaming_ordering_chatbot.api.flows.conversation_flows_SK - INFO - Produced token:  make
2025-06-18 15:07:05,340 - streaming_ordering_chatbot.api.flows.conversation_flows_SK - INFO - Produced token:  your
2025-06-18 15:07:05,551 - streaming_ordering_chatbot.api.flows.conversation_flows_SK - INFO - Produced token:  visit
2025-06-18 15:07:05,607 - streaming_ordering_chatbot.api.flows.conversation_flows_SK - INFO - Produced token:  great
2025-06-18 15:07:05,663 - streaming_ordering_chatbot.api.flows.conversation_flows_SK - INFO - Produced token: !
2025-06-18 15:07:05,718 - streaming_ordering_chatbot.api.flows.conversation_flows_SK - INFO - Produced token:  🍴
2025-06-18 15:13:45,448 - streaming_ordering_chatbot.api.flows.conversation_flows_SK - INFO - Produced token: Hello
2025-06-18 15:13:45,946 - streaming_ordering_chatbot.api.flows.conversation_flows_SK - INFO - Produced token:  and
2025-06-18 15:13:45,999 - streaming_ordering_chatbot.api.flows.conversation_flows_SK - INFO - Produced token:  welcome
2025-06-18 15:13:46,055 - streaming_ordering_chatbot.api.flows.conversation_flows_SK - INFO - Produced token:  to
2025-06-18 15:13:46,112 - streaming_ordering_chatbot.api.flows.conversation_flows_SK - INFO - Produced token:  our
2025-06-18 15:13:46,168 - streaming_ordering_chatbot.api.flows.conversation_flows_SK - INFO - Produced token:  restaurant
2025-06-18 15:13:46,369 - streaming_ordering_chatbot.api.flows.conversation_flows_SK - INFO - Produced token: !
2025-06-18 15:13:46,424 - streaming_ordering_chatbot.api.flows.conversation_flows_SK - INFO - Produced token:  😊
2025-06-18 15:13:46,480 - streaming_ordering_chatbot.api.flows.conversation_flows_SK - INFO - Produced token:  I
2025-06-18 15:13:46,535 - streaming_ordering_chatbot.api.flows.conversation_flows_SK - INFO - Produced token: ’m
2025-06-18 15:13:46,591 - streaming_ordering_chatbot.api.flows.conversation_flows_SK - INFO - Produced token:  here
2025-06-18 15:13:46,787 - streaming_ordering_chatbot.api.flows.conversation_flows_SK - INFO - Produced token:  to
2025-06-18 15:13:46,844 - streaming_ordering_chatbot.api.flows.conversation_flows_SK - INFO - Produced token:  help
2025-06-18 15:13:46,900 - streaming_ordering_chatbot.api.flows.conversation_flows_SK - INFO - Produced token:  with
2025-06-18 15:13:46,956 - streaming_ordering_chatbot.api.flows.conversation_flows_SK - INFO - Produced token:  any
2025-06-18 15:13:47,013 - streaming_ordering_chatbot.api.flows.conversation_flows_SK - INFO - Produced token:  questions
2025-06-18 15:13:47,203 - streaming_ordering_chatbot.api.flows.conversation_flows_SK - INFO - Produced token:  about
2025-06-18 15:13:47,259 - streaming_ordering_chatbot.api.flows.conversation_flows_SK - INFO - Produced token:  the
2025-06-18 15:13:47,316 - streaming_ordering_chatbot.api.flows.conversation_flows_SK - INFO - Produced token:  menu
2025-06-18 15:13:47,374 - streaming_ordering_chatbot.api.flows.conversation_flows_SK - INFO - Produced token: ,
2025-06-18 15:13:47,430 - streaming_ordering_chatbot.api.flows.conversation_flows_SK - INFO - Produced token:  assist
2025-06-18 15:13:47,624 - streaming_ordering_chatbot.api.flows.conversation_flows_SK - INFO - Produced token:  with
2025-06-18 15:13:47,678 - streaming_ordering_chatbot.api.flows.conversation_flows_SK - INFO - Produced token:  taking
2025-06-18 15:13:47,735 - streaming_ordering_chatbot.api.flows.conversation_flows_SK - INFO - Produced token:  or
2025-06-18 15:13:47,790 - streaming_ordering_chatbot.api.flows.conversation_flows_SK - INFO - Produced token:  customizing
2025-06-18 15:13:47,846 - streaming_ordering_chatbot.api.flows.conversation_flows_SK - INFO - Produced token:  your
2025-06-18 15:13:48,057 - streaming_ordering_chatbot.api.flows.conversation_flows_SK - INFO - Produced token:  order
2025-06-18 15:13:48,113 - streaming_ordering_chatbot.api.flows.conversation_flows_SK - INFO - Produced token: ,
2025-06-18 15:13:48,170 - streaming_ordering_chatbot.api.flows.conversation_flows_SK - INFO - Produced token:  and
2025-06-18 15:13:48,226 - streaming_ordering_chatbot.api.flows.conversation_flows_SK - INFO - Produced token:  share
2025-06-18 15:13:48,283 - streaming_ordering_chatbot.api.flows.conversation_flows_SK - INFO - Produced token:  info
2025-06-18 15:13:48,481 - streaming_ordering_chatbot.api.flows.conversation_flows_SK - INFO - Produced token:  about
2025-06-18 15:13:48,535 - streaming_ordering_chatbot.api.flows.conversation_flows_SK - INFO - Produced token:  our
2025-06-18 15:13:48,589 - streaming_ordering_chatbot.api.flows.conversation_flows_SK - INFO - Produced token:  restaurant
2025-06-18 15:13:48,643 - streaming_ordering_chatbot.api.flows.conversation_flows_SK - INFO - Produced token: .
2025-06-18 15:13:48,696 - streaming_ordering_chatbot.api.flows.conversation_flows_SK - INFO - Produced token:  Let
2025-06-18 15:13:48,882 - streaming_ordering_chatbot.api.flows.conversation_flows_SK - INFO - Produced token:  me
2025-06-18 15:13:48,936 - streaming_ordering_chatbot.api.flows.conversation_flows_SK - INFO - Produced token:  know
2025-06-18 15:13:48,992 - streaming_ordering_chatbot.api.flows.conversation_flows_SK - INFO - Produced token:  how
2025-06-18 15:13:49,049 - streaming_ordering_chatbot.api.flows.conversation_flows_SK - INFO - Produced token:  I
2025-06-18 15:13:49,104 - streaming_ordering_chatbot.api.flows.conversation_flows_SK - INFO - Produced token:  can
2025-06-18 15:13:49,300 - streaming_ordering_chatbot.api.flows.conversation_flows_SK - INFO - Produced token:  make
2025-06-18 15:13:49,356 - streaming_ordering_chatbot.api.flows.conversation_flows_SK - INFO - Produced token:  your
2025-06-18 15:13:49,411 - streaming_ordering_chatbot.api.flows.conversation_flows_SK - INFO - Produced token:  visit
2025-06-18 15:13:49,467 - streaming_ordering_chatbot.api.flows.conversation_flows_SK - INFO - Produced token:  amazing
2025-06-18 15:13:49,523 - streaming_ordering_chatbot.api.flows.conversation_flows_SK - INFO - Produced token: !
2025-06-18 15:13:49,724 - streaming_ordering_chatbot.api.flows.conversation_flows_SK - INFO - Produced token:  🍽
2025-06-18 15:13:49,780 - streaming_ordering_chatbot.api.flows.conversation_flows_SK - INFO - Produced token: ️
2025-06-18 15:14:05,027 - streaming_ordering_chatbot.api.flows.conversation_flows_SK - INFO - Produced token: Hello
2025-06-18 15:14:05,223 - streaming_ordering_chatbot.api.flows.conversation_flows_SK - INFO - Produced token:  and
2025-06-18 15:14:05,279 - streaming_ordering_chatbot.api.flows.conversation_flows_SK - INFO - Produced token:  welcome
2025-06-18 15:14:05,336 - streaming_ordering_chatbot.api.flows.conversation_flows_SK - INFO - Produced token: !
2025-06-18 15:14:05,392 - streaming_ordering_chatbot.api.flows.conversation_flows_SK - INFO - Produced token:  🌟
2025-06-18 15:14:05,448 - streaming_ordering_chatbot.api.flows.conversation_flows_SK - INFO - Produced token:  We're
2025-06-18 15:14:05,645 - streaming_ordering_chatbot.api.flows.conversation_flows_SK - INFO - Produced token:  so
2025-06-18 15:14:05,700 - streaming_ordering_chatbot.api.flows.conversation_flows_SK - INFO - Produced token:  excited
2025-06-18 15:14:05,756 - streaming_ordering_chatbot.api.flows.conversation_flows_SK - INFO - Produced token:  to
2025-06-18 15:14:05,813 - streaming_ordering_chatbot.api.flows.conversation_flows_SK - INFO - Produced token:  have
2025-06-18 15:14:05,869 - streaming_ordering_chatbot.api.flows.conversation_flows_SK - INFO - Produced token:  you
2025-06-18 15:14:06,069 - streaming_ordering_chatbot.api.flows.conversation_flows_SK - INFO - Produced token:  here
2025-06-18 15:14:06,124 - streaming_ordering_chatbot.api.flows.conversation_flows_SK - INFO - Produced token: .
2025-06-18 15:14:06,177 - streaming_ordering_chatbot.api.flows.conversation_flows_SK - INFO - Produced token:  I
2025-06-18 15:14:06,233 - streaming_ordering_chatbot.api.flows.conversation_flows_SK - INFO - Produced token: ’m
2025-06-18 15:14:06,289 - streaming_ordering_chatbot.api.flows.conversation_flows_SK - INFO - Produced token:  here
2025-06-18 15:14:06,492 - streaming_ordering_chatbot.api.flows.conversation_flows_SK - INFO - Produced token:  to
2025-06-18 15:14:06,547 - streaming_ordering_chatbot.api.flows.conversation_flows_SK - INFO - Produced token:  help
2025-06-18 15:14:06,604 - streaming_ordering_chatbot.api.flows.conversation_flows_SK - INFO - Produced token:  with
2025-06-18 15:14:06,660 - streaming_ordering_chatbot.api.flows.conversation_flows_SK - INFO - Produced token:  any
2025-06-18 15:14:06,714 - streaming_ordering_chatbot.api.flows.conversation_flows_SK - INFO - Produced token:  menu
2025-06-18 15:14:06,906 - streaming_ordering_chatbot.api.flows.conversation_flows_SK - INFO - Produced token:  questions
2025-06-18 15:14:06,960 - streaming_ordering_chatbot.api.flows.conversation_flows_SK - INFO - Produced token: ,
2025-06-18 15:14:07,016 - streaming_ordering_chatbot.api.flows.conversation_flows_SK - INFO - Produced token:  take
2025-06-18 15:14:07,071 - streaming_ordering_chatbot.api.flows.conversation_flows_SK - INFO - Produced token:  or
2025-06-18 15:14:07,127 - streaming_ordering_chatbot.api.flows.conversation_flows_SK - INFO - Produced token:  customize
2025-06-18 15:14:07,325 - streaming_ordering_chatbot.api.flows.conversation_flows_SK - INFO - Produced token:  orders
2025-06-18 15:14:07,381 - streaming_ordering_chatbot.api.flows.conversation_flows_SK - INFO - Produced token: ,
2025-06-18 15:14:07,436 - streaming_ordering_chatbot.api.flows.conversation_flows_SK - INFO - Produced token:  and
2025-06-18 15:14:07,492 - streaming_ordering_chatbot.api.flows.conversation_flows_SK - INFO - Produced token:  share
2025-06-18 15:14:07,548 - streaming_ordering_chatbot.api.flows.conversation_flows_SK - INFO - Produced token:  info
2025-06-18 15:14:07,743 - streaming_ordering_chatbot.api.flows.conversation_flows_SK - INFO - Produced token:  about
2025-06-18 15:14:07,799 - streaming_ordering_chatbot.api.flows.conversation_flows_SK - INFO - Produced token:  our
2025-06-18 15:14:07,856 - streaming_ordering_chatbot.api.flows.conversation_flows_SK - INFO - Produced token:  restaurant
2025-06-18 15:14:07,912 - streaming_ordering_chatbot.api.flows.conversation_flows_SK - INFO - Produced token: .
2025-06-18 15:14:07,965 - streaming_ordering_chatbot.api.flows.conversation_flows_SK - INFO - Produced token:  Let
2025-06-18 15:14:08,156 - streaming_ordering_chatbot.api.flows.conversation_flows_SK - INFO - Produced token:  me
2025-06-18 15:14:08,209 - streaming_ordering_chatbot.api.flows.conversation_flows_SK - INFO - Produced token:  know
2025-06-18 15:14:08,264 - streaming_ordering_chatbot.api.flows.conversation_flows_SK - INFO - Produced token:  how
2025-06-18 15:14:08,320 - streaming_ordering_chatbot.api.flows.conversation_flows_SK - INFO - Produced token:  I
2025-06-18 15:14:08,377 - streaming_ordering_chatbot.api.flows.conversation_flows_SK - INFO - Produced token:  can
2025-06-18 15:14:08,580 - streaming_ordering_chatbot.api.flows.conversation_flows_SK - INFO - Produced token:  make
2025-06-18 15:14:08,636 - streaming_ordering_chatbot.api.flows.conversation_flows_SK - INFO - Produced token:  your
2025-06-18 15:14:08,689 - streaming_ordering_chatbot.api.flows.conversation_flows_SK - INFO - Produced token:  visit
2025-06-18 15:14:08,745 - streaming_ordering_chatbot.api.flows.conversation_flows_SK - INFO - Produced token:  amazing
2025-06-18 15:14:08,801 - streaming_ordering_chatbot.api.flows.conversation_flows_SK - INFO - Produced token: !
2025-06-18 15:14:09,013 - streaming_ordering_chatbot.api.flows.conversation_flows_SK - INFO - Produced token:  🍴
2025-06-18 15:14:21,289 - streaming_ordering_chatbot.api.flows.conversation_flows_SK - INFO - Produced token: Hi
2025-06-18 15:14:21,487 - streaming_ordering_chatbot.api.flows.conversation_flows_SK - INFO - Produced token:  there
2025-06-18 15:14:21,542 - streaming_ordering_chatbot.api.flows.conversation_flows_SK - INFO - Produced token: !
2025-06-18 15:14:21,599 - streaming_ordering_chatbot.api.flows.conversation_flows_SK - INFO - Produced token:  Welcome
2025-06-18 15:14:21,655 - streaming_ordering_chatbot.api.flows.conversation_flows_SK - INFO - Produced token:  to
2025-06-18 15:14:21,711 - streaming_ordering_chatbot.api.flows.conversation_flows_SK - INFO - Produced token:  our
2025-06-18 15:14:21,919 - streaming_ordering_chatbot.api.flows.conversation_flows_SK - INFO - Produced token:  restaurant
2025-06-18 15:14:21,975 - streaming_ordering_chatbot.api.flows.conversation_flows_SK - INFO - Produced token: —
2025-06-18 15:14:22,030 - streaming_ordering_chatbot.api.flows.conversation_flows_SK - INFO - Produced token: so
2025-06-18 15:14:22,087 - streaming_ordering_chatbot.api.flows.conversation_flows_SK - INFO - Produced token:  glad
2025-06-18 15:14:22,143 - streaming_ordering_chatbot.api.flows.conversation_flows_SK - INFO - Produced token:  you're
2025-06-18 15:14:22,343 - streaming_ordering_chatbot.api.flows.conversation_flows_SK - INFO - Produced token:  here
2025-06-18 15:14:22,398 - streaming_ordering_chatbot.api.flows.conversation_flows_SK - INFO - Produced token: !
2025-06-18 15:14:22,453 - streaming_ordering_chatbot.api.flows.conversation_flows_SK - INFO - Produced token:  🎉
2025-06-18 15:14:22,510 - streaming_ordering_chatbot.api.flows.conversation_flows_SK - INFO - Produced token:  I
2025-06-18 15:14:22,566 - streaming_ordering_chatbot.api.flows.conversation_flows_SK - INFO - Produced token: ’d
2025-06-18 15:14:22,763 - streaming_ordering_chatbot.api.flows.conversation_flows_SK - INFO - Produced token:  be
2025-06-18 15:14:22,818 - streaming_ordering_chatbot.api.flows.conversation_flows_SK - INFO - Produced token:  happy
2025-06-18 15:14:22,873 - streaming_ordering_chatbot.api.flows.conversation_flows_SK - INFO - Produced token:  to
2025-06-18 15:14:22,929 - streaming_ordering_chatbot.api.flows.conversation_flows_SK - INFO - Produced token:  help
2025-06-18 15:14:22,984 - streaming_ordering_chatbot.api.flows.conversation_flows_SK - INFO - Produced token:  answer
2025-06-18 15:14:23,196 - streaming_ordering_chatbot.api.flows.conversation_flows_SK - INFO - Produced token:  any
2025-06-18 15:14:23,251 - streaming_ordering_chatbot.api.flows.conversation_flows_SK - INFO - Produced token:  menu
2025-06-18 15:14:23,307 - streaming_ordering_chatbot.api.flows.conversation_flows_SK - INFO - Produced token:  questions
2025-06-18 15:14:23,362 - streaming_ordering_chatbot.api.flows.conversation_flows_SK - INFO - Produced token: ,
2025-06-18 15:14:23,415 - streaming_ordering_chatbot.api.flows.conversation_flows_SK - INFO - Produced token:  take
2025-06-18 15:14:23,621 - streaming_ordering_chatbot.api.flows.conversation_flows_SK - INFO - Produced token:  or
2025-06-18 15:14:23,677 - streaming_ordering_chatbot.api.flows.conversation_flows_SK - INFO - Produced token:  customize
2025-06-18 15:14:23,732 - streaming_ordering_chatbot.api.flows.conversation_flows_SK - INFO - Produced token:  your
2025-06-18 15:14:23,788 - streaming_ordering_chatbot.api.flows.conversation_flows_SK - INFO - Produced token:  order
2025-06-18 15:14:23,844 - streaming_ordering_chatbot.api.flows.conversation_flows_SK - INFO - Produced token: ,
2025-06-18 15:14:24,045 - streaming_ordering_chatbot.api.flows.conversation_flows_SK - INFO - Produced token:  and
2025-06-18 15:14:24,101 - streaming_ordering_chatbot.api.flows.conversation_flows_SK - INFO - Produced token:  share
2025-06-18 15:14:24,153 - streaming_ordering_chatbot.api.flows.conversation_flows_SK - INFO - Produced token:  info
2025-06-18 15:14:24,209 - streaming_ordering_chatbot.api.flows.conversation_flows_SK - INFO - Produced token:  about
2025-06-18 15:14:24,264 - streaming_ordering_chatbot.api.flows.conversation_flows_SK - INFO - Produced token:  us
2025-06-18 15:14:24,460 - streaming_ordering_chatbot.api.flows.conversation_flows_SK - INFO - Produced token: .
2025-06-18 15:14:24,515 - streaming_ordering_chatbot.api.flows.conversation_flows_SK - INFO - Produced token:  Let
2025-06-18 15:14:24,571 - streaming_ordering_chatbot.api.flows.conversation_flows_SK - INFO - Produced token:  me
2025-06-18 15:14:24,627 - streaming_ordering_chatbot.api.flows.conversation_flows_SK - INFO - Produced token:  know
2025-06-18 15:14:24,682 - streaming_ordering_chatbot.api.flows.conversation_flows_SK - INFO - Produced token:  how
2025-06-18 15:14:24,875 - streaming_ordering_chatbot.api.flows.conversation_flows_SK - INFO - Produced token:  I
2025-06-18 15:14:24,931 - streaming_ordering_chatbot.api.flows.conversation_flows_SK - INFO - Produced token:  can
2025-06-18 15:14:24,987 - streaming_ordering_chatbot.api.flows.conversation_flows_SK - INFO - Produced token:  assist
2025-06-18 15:14:25,042 - streaming_ordering_chatbot.api.flows.conversation_flows_SK - INFO - Produced token: !
2025-06-18 15:14:25,098 - streaming_ordering_chatbot.api.flows.conversation_flows_SK - INFO - Produced token:  😊
2025-06-18 15:23:05,636 - streaming_ordering_chatbot.api.flows.conversation_flows_SK - INFO - Produced token: Hello
2025-06-18 15:23:06,130 - streaming_ordering_chatbot.api.flows.conversation_flows_SK - INFO - Produced token:  and
2025-06-18 15:23:06,186 - streaming_ordering_chatbot.api.flows.conversation_flows_SK - INFO - Produced token:  welcome
2025-06-18 15:23:06,241 - streaming_ordering_chatbot.api.flows.conversation_flows_SK - INFO - Produced token: !
2025-06-18 15:23:06,297 - streaming_ordering_chatbot.api.flows.conversation_flows_SK - INFO - Produced token:  😊
2025-06-18 15:23:06,354 - streaming_ordering_chatbot.api.flows.conversation_flows_SK - INFO - Produced token:  We're
2025-06-18 15:23:06,550 - streaming_ordering_chatbot.api.flows.conversation_flows_SK - INFO - Produced token:  so
2025-06-18 15:23:06,606 - streaming_ordering_chatbot.api.flows.conversation_flows_SK - INFO - Produced token:  glad
2025-06-18 15:23:06,662 - streaming_ordering_chatbot.api.flows.conversation_flows_SK - INFO - Produced token:  you're
2025-06-18 15:23:06,718 - streaming_ordering_chatbot.api.flows.conversation_flows_SK - INFO - Produced token:  here
2025-06-18 15:23:06,774 - streaming_ordering_chatbot.api.flows.conversation_flows_SK - INFO - Produced token: .
2025-06-18 15:23:06,969 - streaming_ordering_chatbot.api.flows.conversation_flows_SK - INFO - Produced token:  I
2025-06-18 15:23:07,024 - streaming_ordering_chatbot.api.flows.conversation_flows_SK - INFO - Produced token:  can
2025-06-18 15:23:07,080 - streaming_ordering_chatbot.api.flows.conversation_flows_SK - INFO - Produced token:  help
2025-06-18 15:23:07,136 - streaming_ordering_chatbot.api.flows.conversation_flows_SK - INFO - Produced token:  answer
2025-06-18 15:23:07,192 - streaming_ordering_chatbot.api.flows.conversation_flows_SK - INFO - Produced token:  any
2025-06-18 15:23:07,391 - streaming_ordering_chatbot.api.flows.conversation_flows_SK - INFO - Produced token:  questions
2025-06-18 15:23:07,448 - streaming_ordering_chatbot.api.flows.conversation_flows_SK - INFO - Produced token:  about
2025-06-18 15:23:07,504 - streaming_ordering_chatbot.api.flows.conversation_flows_SK - INFO - Produced token:  our
2025-06-18 15:23:07,560 - streaming_ordering_chatbot.api.flows.conversation_flows_SK - INFO - Produced token:  menu
2025-06-18 15:23:07,615 - streaming_ordering_chatbot.api.flows.conversation_flows_SK - INFO - Produced token: ,
2025-06-18 15:23:07,808 - streaming_ordering_chatbot.api.flows.conversation_flows_SK - INFO - Produced token:  take
2025-06-18 15:23:07,864 - streaming_ordering_chatbot.api.flows.conversation_flows_SK - INFO - Produced token:  or
2025-06-18 15:23:07,920 - streaming_ordering_chatbot.api.flows.conversation_flows_SK - INFO - Produced token:  tweak
2025-06-18 15:23:07,975 - streaming_ordering_chatbot.api.flows.conversation_flows_SK - INFO - Produced token:  your
2025-06-18 15:23:08,030 - streaming_ordering_chatbot.api.flows.conversation_flows_SK - INFO - Produced token:  order
2025-06-18 15:23:08,233 - streaming_ordering_chatbot.api.flows.conversation_flows_SK - INFO - Produced token: ,
2025-06-18 15:23:08,288 - streaming_ordering_chatbot.api.flows.conversation_flows_SK - INFO - Produced token:  and
2025-06-18 15:23:08,345 - streaming_ordering_chatbot.api.flows.conversation_flows_SK - INFO - Produced token:  share
2025-06-18 15:23:08,401 - streaming_ordering_chatbot.api.flows.conversation_flows_SK - INFO - Produced token:  info
2025-06-18 15:23:08,457 - streaming_ordering_chatbot.api.flows.conversation_flows_SK - INFO - Produced token:  about
2025-06-18 15:23:08,657 - streaming_ordering_chatbot.api.flows.conversation_flows_SK - INFO - Produced token:  our
2025-06-18 15:23:08,713 - streaming_ordering_chatbot.api.flows.conversation_flows_SK - INFO - Produced token:  restaurant
2025-06-18 15:23:08,769 - streaming_ordering_chatbot.api.flows.conversation_flows_SK - INFO - Produced token: .
2025-06-18 15:23:08,826 - streaming_ordering_chatbot.api.flows.conversation_flows_SK - INFO - Produced token:  Just
2025-06-18 15:23:08,882 - streaming_ordering_chatbot.api.flows.conversation_flows_SK - INFO - Produced token:  let
2025-06-18 15:23:09,085 - streaming_ordering_chatbot.api.flows.conversation_flows_SK - INFO - Produced token:  me
2025-06-18 15:23:09,141 - streaming_ordering_chatbot.api.flows.conversation_flows_SK - INFO - Produced token:  know
2025-06-18 15:23:09,198 - streaming_ordering_chatbot.api.flows.conversation_flows_SK - INFO - Produced token:  how
2025-06-18 15:23:09,254 - streaming_ordering_chatbot.api.flows.conversation_flows_SK - INFO - Produced token:  I
2025-06-18 15:23:09,310 - streaming_ordering_chatbot.api.flows.conversation_flows_SK - INFO - Produced token:  can
2025-06-18 15:23:09,516 - streaming_ordering_chatbot.api.flows.conversation_flows_SK - INFO - Produced token:  assist
2025-06-18 15:23:09,572 - streaming_ordering_chatbot.api.flows.conversation_flows_SK - INFO - Produced token: !
2025-06-18 15:32:15,381 - streaming_ordering_chatbot.api.flows.conversation_flows_SK - INFO - Produced token: Hi
2025-06-18 15:32:15,889 - streaming_ordering_chatbot.api.flows.conversation_flows_SK - INFO - Produced token:  there
2025-06-18 15:32:15,945 - streaming_ordering_chatbot.api.flows.conversation_flows_SK - INFO - Produced token: !
2025-06-18 15:32:16,001 - streaming_ordering_chatbot.api.flows.conversation_flows_SK - INFO - Produced token:  Welcome
2025-06-18 15:32:16,053 - streaming_ordering_chatbot.api.flows.conversation_flows_SK - INFO - Produced token:  to
2025-06-18 15:32:16,109 - streaming_ordering_chatbot.api.flows.conversation_flows_SK - INFO - Produced token:  our
2025-06-18 15:32:16,317 - streaming_ordering_chatbot.api.flows.conversation_flows_SK - INFO - Produced token:  restaurant
2025-06-18 15:32:16,371 - streaming_ordering_chatbot.api.flows.conversation_flows_SK - INFO - Produced token: !
2025-06-18 15:32:16,427 - streaming_ordering_chatbot.api.flows.conversation_flows_SK - INFO - Produced token:  🍴
2025-06-18 15:32:16,482 - streaming_ordering_chatbot.api.flows.conversation_flows_SK - INFO - Produced token:  I'm
2025-06-18 15:32:16,538 - streaming_ordering_chatbot.api.flows.conversation_flows_SK - INFO - Produced token:  here
2025-06-18 15:32:16,749 - streaming_ordering_chatbot.api.flows.conversation_flows_SK - INFO - Produced token:  to
2025-06-18 15:32:16,804 - streaming_ordering_chatbot.api.flows.conversation_flows_SK - INFO - Produced token:  help
2025-06-18 15:32:16,860 - streaming_ordering_chatbot.api.flows.conversation_flows_SK - INFO - Produced token:  you
2025-06-18 15:32:16,916 - streaming_ordering_chatbot.api.flows.conversation_flows_SK - INFO - Produced token:  with
2025-06-18 15:32:16,969 - streaming_ordering_chatbot.api.flows.conversation_flows_SK - INFO - Produced token:  any
2025-06-18 15:32:17,169 - streaming_ordering_chatbot.api.flows.conversation_flows_SK - INFO - Produced token:  questions
2025-06-18 15:32:17,225 - streaming_ordering_chatbot.api.flows.conversation_flows_SK - INFO - Produced token:  about
2025-06-18 15:32:17,281 - streaming_ordering_chatbot.api.flows.conversation_flows_SK - INFO - Produced token:  the
2025-06-18 15:32:17,336 - streaming_ordering_chatbot.api.flows.conversation_flows_SK - INFO - Produced token:  menu
2025-06-18 15:32:17,392 - streaming_ordering_chatbot.api.flows.conversation_flows_SK - INFO - Produced token: ,
2025-06-18 15:32:17,594 - streaming_ordering_chatbot.api.flows.conversation_flows_SK - INFO - Produced token:  take
2025-06-18 15:32:17,650 - streaming_ordering_chatbot.api.flows.conversation_flows_SK - INFO - Produced token:  or
2025-06-18 15:32:17,707 - streaming_ordering_chatbot.api.flows.conversation_flows_SK - INFO - Produced token:  modify
2025-06-18 15:32:17,762 - streaming_ordering_chatbot.api.flows.conversation_flows_SK - INFO - Produced token:  your
2025-06-18 15:32:17,819 - streaming_ordering_chatbot.api.flows.conversation_flows_SK - INFO - Produced token:  order
2025-06-18 15:32:18,065 - streaming_ordering_chatbot.api.flows.conversation_flows_SK - INFO - Produced token: ,
2025-06-18 15:32:18,121 - streaming_ordering_chatbot.api.flows.conversation_flows_SK - INFO - Produced token:  or
2025-06-18 15:32:18,177 - streaming_ordering_chatbot.api.flows.conversation_flows_SK - INFO - Produced token:  share
2025-06-18 15:32:18,232 - streaming_ordering_chatbot.api.flows.conversation_flows_SK - INFO - Produced token:  info
2025-06-18 15:32:18,287 - streaming_ordering_chatbot.api.flows.conversation_flows_SK - INFO - Produced token:  about
2025-06-18 15:32:18,490 - streaming_ordering_chatbot.api.flows.conversation_flows_SK - INFO - Produced token:  our
2025-06-18 15:32:18,545 - streaming_ordering_chatbot.api.flows.conversation_flows_SK - INFO - Produced token:  place
2025-06-18 15:32:18,600 - streaming_ordering_chatbot.api.flows.conversation_flows_SK - INFO - Produced token: .
2025-06-18 15:32:18,652 - streaming_ordering_chatbot.api.flows.conversation_flows_SK - INFO - Produced token:  Let
2025-06-18 15:32:18,707 - streaming_ordering_chatbot.api.flows.conversation_flows_SK - INFO - Produced token:  me
2025-06-18 15:32:18,917 - streaming_ordering_chatbot.api.flows.conversation_flows_SK - INFO - Produced token:  know
2025-06-18 15:32:18,972 - streaming_ordering_chatbot.api.flows.conversation_flows_SK - INFO - Produced token:  how
2025-06-18 15:32:19,027 - streaming_ordering_chatbot.api.flows.conversation_flows_SK - INFO - Produced token:  I
2025-06-18 15:32:19,083 - streaming_ordering_chatbot.api.flows.conversation_flows_SK - INFO - Produced token:  can
2025-06-18 15:32:19,139 - streaming_ordering_chatbot.api.flows.conversation_flows_SK - INFO - Produced token:  assist
2025-06-18 15:32:19,343 - streaming_ordering_chatbot.api.flows.conversation_flows_SK - INFO - Produced token:  you
2025-06-18 15:32:19,398 - streaming_ordering_chatbot.api.flows.conversation_flows_SK - INFO - Produced token: !
2025-06-18 15:32:19,454 - streaming_ordering_chatbot.api.flows.conversation_flows_SK - INFO - Produced token:  😊
2025-06-18 15:38:05,917 - streaming_ordering_chatbot.api.flows.conversation_flows_SK - INFO - Produced token: Hi
2025-06-18 15:38:06,408 - streaming_ordering_chatbot.api.flows.conversation_flows_SK - INFO - Produced token:  there
2025-06-18 15:38:06,463 - streaming_ordering_chatbot.api.flows.conversation_flows_SK - INFO - Produced token: !
2025-06-18 15:38:06,519 - streaming_ordering_chatbot.api.flows.conversation_flows_SK - INFO - Produced token:  Welcome
2025-06-18 15:38:06,575 - streaming_ordering_chatbot.api.flows.conversation_flows_SK - INFO - Produced token:  to
2025-06-18 15:38:06,631 - streaming_ordering_chatbot.api.flows.conversation_flows_SK - INFO - Produced token:  our
2025-06-18 15:38:06,838 - streaming_ordering_chatbot.api.flows.conversation_flows_SK - INFO - Produced token:  restaurant
2025-06-18 15:38:06,894 - streaming_ordering_chatbot.api.flows.conversation_flows_SK - INFO - Produced token: !
2025-06-18 15:38:06,951 - streaming_ordering_chatbot.api.flows.conversation_flows_SK - INFO - Produced token:  😊
2025-06-18 15:38:07,006 - streaming_ordering_chatbot.api.flows.conversation_flows_SK - INFO - Produced token:  I
2025-06-18 15:38:07,063 - streaming_ordering_chatbot.api.flows.conversation_flows_SK - INFO - Produced token: ’m
2025-06-18 15:38:07,264 - streaming_ordering_chatbot.api.flows.conversation_flows_SK - INFO - Produced token:  here
2025-06-18 15:38:07,321 - streaming_ordering_chatbot.api.flows.conversation_flows_SK - INFO - Produced token:  to
2025-06-18 15:38:07,377 - streaming_ordering_chatbot.api.flows.conversation_flows_SK - INFO - Produced token:  help
2025-06-18 15:38:07,432 - streaming_ordering_chatbot.api.flows.conversation_flows_SK - INFO - Produced token:  with
2025-06-18 15:38:07,488 - streaming_ordering_chatbot.api.flows.conversation_flows_SK - INFO - Produced token:  any
2025-06-18 15:38:07,691 - streaming_ordering_chatbot.api.flows.conversation_flows_SK - INFO - Produced token:  menu
2025-06-18 15:38:07,747 - streaming_ordering_chatbot.api.flows.conversation_flows_SK - INFO - Produced token:  questions
2025-06-18 15:38:07,803 - streaming_ordering_chatbot.api.flows.conversation_flows_SK - INFO - Produced token: ,
2025-06-18 15:38:07,859 - streaming_ordering_chatbot.api.flows.conversation_flows_SK - INFO - Produced token:  take
2025-06-18 15:38:07,914 - streaming_ordering_chatbot.api.flows.conversation_flows_SK - INFO - Produced token:  your
2025-06-18 15:38:08,125 - streaming_ordering_chatbot.api.flows.conversation_flows_SK - INFO - Produced token:  order
2025-06-18 15:38:08,179 - streaming_ordering_chatbot.api.flows.conversation_flows_SK - INFO - Produced token:  or
2025-06-18 15:38:08,235 - streaming_ordering_chatbot.api.flows.conversation_flows_SK - INFO - Produced token:  modify
2025-06-18 15:38:08,291 - streaming_ordering_chatbot.api.flows.conversation_flows_SK - INFO - Produced token:  it
2025-06-18 15:38:08,347 - streaming_ordering_chatbot.api.flows.conversation_flows_SK - INFO - Produced token: ,
2025-06-18 15:38:08,552 - streaming_ordering_chatbot.api.flows.conversation_flows_SK - INFO - Produced token:  and
2025-06-18 15:38:08,607 - streaming_ordering_chatbot.api.flows.conversation_flows_SK - INFO - Produced token:  share
2025-06-18 15:38:08,663 - streaming_ordering_chatbot.api.flows.conversation_flows_SK - INFO - Produced token:  info
2025-06-18 15:38:08,718 - streaming_ordering_chatbot.api.flows.conversation_flows_SK - INFO - Produced token:  about
2025-06-18 15:38:08,774 - streaming_ordering_chatbot.api.flows.conversation_flows_SK - INFO - Produced token:  our
2025-06-18 15:38:08,977 - streaming_ordering_chatbot.api.flows.conversation_flows_SK - INFO - Produced token:  place
2025-06-18 15:38:09,033 - streaming_ordering_chatbot.api.flows.conversation_flows_SK - INFO - Produced token: .
2025-06-18 15:38:09,089 - streaming_ordering_chatbot.api.flows.conversation_flows_SK - INFO - Produced token:  Let
2025-06-18 15:38:09,146 - streaming_ordering_chatbot.api.flows.conversation_flows_SK - INFO - Produced token:  me
2025-06-18 15:38:09,201 - streaming_ordering_chatbot.api.flows.conversation_flows_SK - INFO - Produced token:  know
2025-06-18 15:38:09,488 - streaming_ordering_chatbot.api.flows.conversation_flows_SK - INFO - Produced token:  how
2025-06-18 15:38:09,544 - streaming_ordering_chatbot.api.flows.conversation_flows_SK - INFO - Produced token:  I
2025-06-18 15:38:09,600 - streaming_ordering_chatbot.api.flows.conversation_flows_SK - INFO - Produced token:  can
2025-06-18 15:38:09,655 - streaming_ordering_chatbot.api.flows.conversation_flows_SK - INFO - Produced token:  assist
2025-06-18 15:38:09,711 - streaming_ordering_chatbot.api.flows.conversation_flows_SK - INFO - Produced token:  you
2025-06-18 15:38:09,919 - streaming_ordering_chatbot.api.flows.conversation_flows_SK - INFO - Produced token: !
2025-06-19 08:45:48,407 - streaming_ordering_chatbot.api.flows.conversation_flows_SK - INFO - Produced token: Hi
2025-06-19 08:45:48,881 - streaming_ordering_chatbot.api.flows.conversation_flows_SK - INFO - Produced token:  there
2025-06-19 08:45:48,933 - streaming_ordering_chatbot.api.flows.conversation_flows_SK - INFO - Produced token: !
2025-06-19 08:45:48,986 - streaming_ordering_chatbot.api.flows.conversation_flows_SK - INFO - Produced token:  Welcome
2025-06-19 08:45:49,038 - streaming_ordering_chatbot.api.flows.conversation_flows_SK - INFO - Produced token:  to
2025-06-19 08:45:49,090 - streaming_ordering_chatbot.api.flows.conversation_flows_SK - INFO - Produced token:  our
2025-06-19 08:45:49,285 - streaming_ordering_chatbot.api.flows.conversation_flows_SK - INFO - Produced token:  restaurant
2025-06-19 08:45:49,337 - streaming_ordering_chatbot.api.flows.conversation_flows_SK - INFO - Produced token: !
2025-06-19 08:45:49,389 - streaming_ordering_chatbot.api.flows.conversation_flows_SK - INFO - Produced token:  😊
2025-06-19 08:45:49,441 - streaming_ordering_chatbot.api.flows.conversation_flows_SK - INFO - Produced token:  I
2025-06-19 08:45:49,494 - streaming_ordering_chatbot.api.flows.conversation_flows_SK - INFO - Produced token: ’m
2025-06-19 08:45:49,694 - streaming_ordering_chatbot.api.flows.conversation_flows_SK - INFO - Produced token:  here
2025-06-19 08:45:49,746 - streaming_ordering_chatbot.api.flows.conversation_flows_SK - INFO - Produced token:  to
2025-06-19 08:45:49,798 - streaming_ordering_chatbot.api.flows.conversation_flows_SK - INFO - Produced token:  help
2025-06-19 08:45:49,850 - streaming_ordering_chatbot.api.flows.conversation_flows_SK - INFO - Produced token:  with
2025-06-19 08:45:49,903 - streaming_ordering_chatbot.api.flows.conversation_flows_SK - INFO - Produced token:  any
2025-06-19 08:45:50,091 - streaming_ordering_chatbot.api.flows.conversation_flows_SK - INFO - Produced token:  questions
2025-06-19 08:45:50,142 - streaming_ordering_chatbot.api.flows.conversation_flows_SK - INFO - Produced token:  about
2025-06-19 08:45:50,194 - streaming_ordering_chatbot.api.flows.conversation_flows_SK - INFO - Produced token:  the
2025-06-19 08:45:50,246 - streaming_ordering_chatbot.api.flows.conversation_flows_SK - INFO - Produced token:  menu
2025-06-19 08:45:50,299 - streaming_ordering_chatbot.api.flows.conversation_flows_SK - INFO - Produced token: ,
2025-06-19 08:45:50,483 - streaming_ordering_chatbot.api.flows.conversation_flows_SK - INFO - Produced token:  take
2025-06-19 08:45:50,535 - streaming_ordering_chatbot.api.flows.conversation_flows_SK - INFO - Produced token:  or
2025-06-19 08:45:50,587 - streaming_ordering_chatbot.api.flows.conversation_flows_SK - INFO - Produced token:  customize
2025-06-19 08:45:50,639 - streaming_ordering_chatbot.api.flows.conversation_flows_SK - INFO - Produced token:  your
2025-06-19 08:45:50,691 - streaming_ordering_chatbot.api.flows.conversation_flows_SK - INFO - Produced token:  order
2025-06-19 08:45:50,879 - streaming_ordering_chatbot.api.flows.conversation_flows_SK - INFO - Produced token: ,
2025-06-19 08:45:50,930 - streaming_ordering_chatbot.api.flows.conversation_flows_SK - INFO - Produced token:  and
2025-06-19 08:45:50,982 - streaming_ordering_chatbot.api.flows.conversation_flows_SK - INFO - Produced token:  share
2025-06-19 08:45:51,034 - streaming_ordering_chatbot.api.flows.conversation_flows_SK - INFO - Produced token:  info
2025-06-19 08:45:51,087 - streaming_ordering_chatbot.api.flows.conversation_flows_SK - INFO - Produced token:  about
2025-06-19 08:45:51,314 - streaming_ordering_chatbot.api.flows.conversation_flows_SK - INFO - Produced token:  us
2025-06-19 08:45:51,366 - streaming_ordering_chatbot.api.flows.conversation_flows_SK - INFO - Produced token: .
2025-06-19 08:45:51,418 - streaming_ordering_chatbot.api.flows.conversation_flows_SK - INFO - Produced token:  Let
2025-06-19 08:45:51,470 - streaming_ordering_chatbot.api.flows.conversation_flows_SK - INFO - Produced token:  me
2025-06-19 08:45:51,523 - streaming_ordering_chatbot.api.flows.conversation_flows_SK - INFO - Produced token:  know
2025-06-19 08:45:51,797 - streaming_ordering_chatbot.api.flows.conversation_flows_SK - INFO - Produced token:  how
2025-06-19 08:45:51,850 - streaming_ordering_chatbot.api.flows.conversation_flows_SK - INFO - Produced token:  I
2025-06-19 08:45:51,902 - streaming_ordering_chatbot.api.flows.conversation_flows_SK - INFO - Produced token:  can
2025-06-19 08:45:51,953 - streaming_ordering_chatbot.api.flows.conversation_flows_SK - INFO - Produced token:  assist
2025-06-19 08:45:52,006 - streaming_ordering_chatbot.api.flows.conversation_flows_SK - INFO - Produced token:  you
2025-06-19 08:45:52,200 - streaming_ordering_chatbot.api.flows.conversation_flows_SK - INFO - Produced token:  today
2025-06-19 08:45:52,251 - streaming_ordering_chatbot.api.flows.conversation_flows_SK - INFO - Produced token: !
2025-06-19 08:53:05,747 - streaming_ordering_chatbot.api.flows.conversation_flows_SK - INFO - Produced token: Hi
2025-06-19 08:53:06,204 - streaming_ordering_chatbot.api.flows.conversation_flows_SK - INFO - Produced token:  there
2025-06-19 08:53:06,256 - streaming_ordering_chatbot.api.flows.conversation_flows_SK - INFO - Produced token: !
2025-06-19 08:53:06,308 - streaming_ordering_chatbot.api.flows.conversation_flows_SK - INFO - Produced token:  😊
2025-06-19 08:53:06,360 - streaming_ordering_chatbot.api.flows.conversation_flows_SK - INFO - Produced token:  Welcome
2025-06-19 08:53:06,413 - streaming_ordering_chatbot.api.flows.conversation_flows_SK - INFO - Produced token:  to
2025-06-19 08:53:06,598 - streaming_ordering_chatbot.api.flows.conversation_flows_SK - INFO - Produced token:  our
2025-06-19 08:53:06,650 - streaming_ordering_chatbot.api.flows.conversation_flows_SK - INFO - Produced token:  restaurant
2025-06-19 08:53:06,702 - streaming_ordering_chatbot.api.flows.conversation_flows_SK - INFO - Produced token: !
2025-06-19 08:53:06,754 - streaming_ordering_chatbot.api.flows.conversation_flows_SK - INFO - Produced token:  I
2025-06-19 08:53:06,806 - streaming_ordering_chatbot.api.flows.conversation_flows_SK - INFO - Produced token: ’d
2025-06-19 08:53:06,992 - streaming_ordering_chatbot.api.flows.conversation_flows_SK - INFO - Produced token:  be
2025-06-19 08:53:07,044 - streaming_ordering_chatbot.api.flows.conversation_flows_SK - INFO - Produced token:  happy
2025-06-19 08:53:07,096 - streaming_ordering_chatbot.api.flows.conversation_flows_SK - INFO - Produced token:  to
2025-06-19 08:53:07,148 - streaming_ordering_chatbot.api.flows.conversation_flows_SK - INFO - Produced token:  tell
2025-06-19 08:53:07,199 - streaming_ordering_chatbot.api.flows.conversation_flows_SK - INFO - Produced token:  you
2025-06-19 08:53:07,388 - streaming_ordering_chatbot.api.flows.conversation_flows_SK - INFO - Produced token:  about
2025-06-19 08:53:07,441 - streaming_ordering_chatbot.api.flows.conversation_flows_SK - INFO - Produced token:  the
2025-06-19 08:53:07,493 - streaming_ordering_chatbot.api.flows.conversation_flows_SK - INFO - Produced token:  menu
2025-06-19 08:53:07,545 - streaming_ordering_chatbot.api.flows.conversation_flows_SK - INFO - Produced token: .
2025-06-19 08:53:07,597 - streaming_ordering_chatbot.api.flows.conversation_flows_SK - INFO - Produced token:  We
2025-06-19 08:53:07,794 - streaming_ordering_chatbot.api.flows.conversation_flows_SK - INFO - Produced token:  have
2025-06-19 08:53:07,846 - streaming_ordering_chatbot.api.flows.conversation_flows_SK - INFO - Produced token:  delicious
2025-06-19 08:53:07,898 - streaming_ordering_chatbot.api.flows.conversation_flows_SK - INFO - Produced token:  appetizers
2025-06-19 08:53:07,950 - streaming_ordering_chatbot.api.flows.conversation_flows_SK - INFO - Produced token: ,
2025-06-19 08:53:08,002 - streaming_ordering_chatbot.api.flows.conversation_flows_SK - INFO - Produced token:  hearty
2025-06-19 08:53:08,205 - streaming_ordering_chatbot.api.flows.conversation_flows_SK - INFO - Produced token:  mains
2025-06-19 08:53:08,257 - streaming_ordering_chatbot.api.flows.conversation_flows_SK - INFO - Produced token: ,
2025-06-19 08:53:08,309 - streaming_ordering_chatbot.api.flows.conversation_flows_SK - INFO - Produced token:  fresh
2025-06-19 08:53:08,361 - streaming_ordering_chatbot.api.flows.conversation_flows_SK - INFO - Produced token:  salads
2025-06-19 08:53:08,414 - streaming_ordering_chatbot.api.flows.conversation_flows_SK - INFO - Produced token: ,
2025-06-19 08:53:08,606 - streaming_ordering_chatbot.api.flows.conversation_flows_SK - INFO - Produced token:  and
2025-06-19 08:53:08,658 - streaming_ordering_chatbot.api.flows.conversation_flows_SK - INFO - Produced token:  tasty
2025-06-19 08:53:08,709 - streaming_ordering_chatbot.api.flows.conversation_flows_SK - INFO - Produced token:  desserts
2025-06-19 08:53:08,761 - streaming_ordering_chatbot.api.flows.conversation_flows_SK - INFO - Produced token: .
2025-06-19 08:53:08,812 - streaming_ordering_chatbot.api.flows.conversation_flows_SK - INFO - Produced token:  Let
2025-06-19 08:53:08,998 - streaming_ordering_chatbot.api.flows.conversation_flows_SK - INFO - Produced token:  me
2025-06-19 08:53:09,049 - streaming_ordering_chatbot.api.flows.conversation_flows_SK - INFO - Produced token:  know
2025-06-19 08:53:09,102 - streaming_ordering_chatbot.api.flows.conversation_flows_SK - INFO - Produced token:  what
2025-06-19 08:53:09,154 - streaming_ordering_chatbot.api.flows.conversation_flows_SK - INFO - Produced token:  you
2025-06-19 08:53:09,205 - streaming_ordering_chatbot.api.flows.conversation_flows_SK - INFO - Produced token: ’re
2025-06-19 08:53:09,392 - streaming_ordering_chatbot.api.flows.conversation_flows_SK - INFO - Produced token:  looking
2025-06-19 08:53:09,444 - streaming_ordering_chatbot.api.flows.conversation_flows_SK - INFO - Produced token:  for
2025-06-19 08:53:09,496 - streaming_ordering_chatbot.api.flows.conversation_flows_SK - INFO - Produced token: ,
2025-06-19 08:53:09,549 - streaming_ordering_chatbot.api.flows.conversation_flows_SK - INFO - Produced token:  and
2025-06-19 08:53:09,601 - streaming_ordering_chatbot.api.flows.conversation_flows_SK - INFO - Produced token:  I
2025-06-19 08:53:09,787 - streaming_ordering_chatbot.api.flows.conversation_flows_SK - INFO - Produced token: ’ll
2025-06-19 08:53:09,838 - streaming_ordering_chatbot.api.flows.conversation_flows_SK - INFO - Produced token:  help
2025-06-19 08:53:09,890 - streaming_ordering_chatbot.api.flows.conversation_flows_SK - INFO - Produced token:  you
2025-06-19 08:53:09,942 - streaming_ordering_chatbot.api.flows.conversation_flows_SK - INFO - Produced token:  explore
2025-06-19 08:53:09,994 - streaming_ordering_chatbot.api.flows.conversation_flows_SK - INFO - Produced token: !
2025-06-19 08:54:08,320 - streaming_ordering_chatbot.api.flows.conversation_flows_SK - INFO - Produced token: Great
2025-06-19 08:54:08,513 - streaming_ordering_chatbot.api.flows.conversation_flows_SK - INFO - Produced token:  choice
2025-06-19 08:54:08,566 - streaming_ordering_chatbot.api.flows.conversation_flows_SK - INFO - Produced token: !
2025-06-19 08:54:08,618 - streaming_ordering_chatbot.api.flows.conversation_flows_SK - INFO - Produced token:  Our
2025-06-19 08:54:08,670 - streaming_ordering_chatbot.api.flows.conversation_flows_SK - INFO - Produced token:  fresh
2025-06-19 08:54:08,722 - streaming_ordering_chatbot.api.flows.conversation_flows_SK - INFO - Produced token:  salads
2025-06-19 08:54:08,920 - streaming_ordering_chatbot.api.flows.conversation_flows_SK - INFO - Produced token:  are
2025-06-19 08:54:08,972 - streaming_ordering_chatbot.api.flows.conversation_flows_SK - INFO - Produced token:  a
2025-06-19 08:54:09,024 - streaming_ordering_chatbot.api.flows.conversation_flows_SK - INFO - Produced token:  hit
2025-06-19 08:54:09,075 - streaming_ordering_chatbot.api.flows.conversation_flows_SK - INFO - Produced token: .
2025-06-19 08:54:09,127 - streaming_ordering_chatbot.api.flows.conversation_flows_SK - INFO - Produced token:  🥗
2025-06-19 08:54:09,319 - streaming_ordering_chatbot.api.flows.conversation_flows_SK - INFO - Produced token:  We
2025-06-19 08:54:09,371 - streaming_ordering_chatbot.api.flows.conversation_flows_SK - INFO - Produced token:  offer
2025-06-19 08:54:09,422 - streaming_ordering_chatbot.api.flows.conversation_flows_SK - INFO - Produced token:  options
2025-06-19 08:54:09,474 - streaming_ordering_chatbot.api.flows.conversation_flows_SK - INFO - Produced token:  like
2025-06-19 08:54:09,526 - streaming_ordering_chatbot.api.flows.conversation_flows_SK - INFO - Produced token:  the
2025-06-19 08:54:09,711 - streaming_ordering_chatbot.api.flows.conversation_flows_SK - INFO - Produced token:  classic
2025-06-19 08:54:09,763 - streaming_ordering_chatbot.api.flows.conversation_flows_SK - INFO - Produced token:  Caesar
2025-06-19 08:54:09,815 - streaming_ordering_chatbot.api.flows.conversation_flows_SK - INFO - Produced token: ,
2025-06-19 08:54:09,867 - streaming_ordering_chatbot.api.flows.conversation_flows_SK - INFO - Produced token:  a
2025-06-19 08:54:09,919 - streaming_ordering_chatbot.api.flows.conversation_flows_SK - INFO - Produced token:  vibrant
2025-06-19 08:54:10,098 - streaming_ordering_chatbot.api.flows.conversation_flows_SK - INFO - Produced token:  garden
2025-06-19 08:54:10,150 - streaming_ordering_chatbot.api.flows.conversation_flows_SK - INFO - Produced token:  salad
2025-06-19 08:54:10,203 - streaming_ordering_chatbot.api.flows.conversation_flows_SK - INFO - Produced token: ,
2025-06-19 08:54:10,255 - streaming_ordering_chatbot.api.flows.conversation_flows_SK - INFO - Produced token:  and
2025-06-19 08:54:10,307 - streaming_ordering_chatbot.api.flows.conversation_flows_SK - INFO - Produced token:  a
2025-06-19 08:54:10,488 - streaming_ordering_chatbot.api.flows.conversation_flows_SK - INFO - Produced token:  protein
2025-06-19 08:54:10,540 - streaming_ordering_chatbot.api.flows.conversation_flows_SK - INFO - Produced token: -packed
2025-06-19 08:54:10,591 - streaming_ordering_chatbot.api.flows.conversation_flows_SK - INFO - Produced token:  grilled
2025-06-19 08:54:10,643 - streaming_ordering_chatbot.api.flows.conversation_flows_SK - INFO - Produced token:  chicken
2025-06-19 08:54:10,694 - streaming_ordering_chatbot.api.flows.conversation_flows_SK - INFO - Produced token:  salad
2025-06-19 08:54:10,965 - streaming_ordering_chatbot.api.flows.conversation_flows_SK - INFO - Produced token: .
2025-06-19 08:54:11,017 - streaming_ordering_chatbot.api.flows.conversation_flows_SK - INFO - Produced token:  Let
2025-06-19 08:54:11,069 - streaming_ordering_chatbot.api.flows.conversation_flows_SK - INFO - Produced token:  me
2025-06-19 08:54:11,121 - streaming_ordering_chatbot.api.flows.conversation_flows_SK - INFO - Produced token:  know
2025-06-19 08:54:11,173 - streaming_ordering_chatbot.api.flows.conversation_flows_SK - INFO - Produced token:  if
2025-06-19 08:54:11,368 - streaming_ordering_chatbot.api.flows.conversation_flows_SK - INFO - Produced token:  you'd
2025-06-19 08:54:11,420 - streaming_ordering_chatbot.api.flows.conversation_flows_SK - INFO - Produced token:  like
2025-06-19 08:54:11,473 - streaming_ordering_chatbot.api.flows.conversation_flows_SK - INFO - Produced token:  more
2025-06-19 08:54:11,525 - streaming_ordering_chatbot.api.flows.conversation_flows_SK - INFO - Produced token:  details
2025-06-19 08:54:11,578 - streaming_ordering_chatbot.api.flows.conversation_flows_SK - INFO - Produced token:  or
2025-06-19 08:54:11,780 - streaming_ordering_chatbot.api.flows.conversation_flows_SK - INFO - Produced token:  help
2025-06-19 08:54:11,833 - streaming_ordering_chatbot.api.flows.conversation_flows_SK - INFO - Produced token:  customizing
2025-06-19 08:54:11,885 - streaming_ordering_chatbot.api.flows.conversation_flows_SK - INFO - Produced token:  one
2025-06-19 08:54:11,937 - streaming_ordering_chatbot.api.flows.conversation_flows_SK - INFO - Produced token:  to
2025-06-19 08:54:11,989 - streaming_ordering_chatbot.api.flows.conversation_flows_SK - INFO - Produced token:  your
2025-06-19 08:54:12,183 - streaming_ordering_chatbot.api.flows.conversation_flows_SK - INFO - Produced token:  taste
2025-06-19 08:54:12,235 - streaming_ordering_chatbot.api.flows.conversation_flows_SK - INFO - Produced token: !
2025-06-19 08:55:19,018 - streaming_ordering_chatbot.api.flows.conversation_flows_SK - INFO - Produced token: Sure
2025-06-19 08:55:19,204 - streaming_ordering_chatbot.api.flows.conversation_flows_SK - INFO - Produced token:  thing
2025-06-19 08:55:19,257 - streaming_ordering_chatbot.api.flows.conversation_flows_SK - INFO - Produced token: !
2025-06-19 08:55:19,309 - streaming_ordering_chatbot.api.flows.conversation_flows_SK - INFO - Produced token:  🍟
2025-06-19 08:55:19,365 - streaming_ordering_chatbot.api.flows.conversation_flows_SK - INFO - Produced token:  Would
2025-06-19 08:55:19,418 - streaming_ordering_chatbot.api.flows.conversation_flows_SK - INFO - Produced token:  you
2025-06-19 08:55:19,602 - streaming_ordering_chatbot.api.flows.conversation_flows_SK - INFO - Produced token:  like
2025-06-19 08:55:19,654 - streaming_ordering_chatbot.api.flows.conversation_flows_SK - INFO - Produced token:  a
2025-06-19 08:55:19,706 - streaming_ordering_chatbot.api.flows.conversation_flows_SK - INFO - Produced token:  side
2025-06-19 08:55:19,759 - streaming_ordering_chatbot.api.flows.conversation_flows_SK - INFO - Produced token:  of
2025-06-19 08:55:19,811 - streaming_ordering_chatbot.api.flows.conversation_flows_SK - INFO - Produced token:  fries
2025-06-19 08:55:19,992 - streaming_ordering_chatbot.api.flows.conversation_flows_SK - INFO - Produced token:  or
2025-06-19 08:55:20,045 - streaming_ordering_chatbot.api.flows.conversation_flows_SK - INFO - Produced token:  a
2025-06-19 08:55:20,097 - streaming_ordering_chatbot.api.flows.conversation_flows_SK - INFO - Produced token:  full
2025-06-19 08:55:20,148 - streaming_ordering_chatbot.api.flows.conversation_flows_SK - INFO - Produced token:  plate
2025-06-19 08:55:20,201 - streaming_ordering_chatbot.api.flows.conversation_flows_SK - INFO - Produced token:  as
2025-06-19 08:55:20,388 - streaming_ordering_chatbot.api.flows.conversation_flows_SK - INFO - Produced token:  your
2025-06-19 08:55:20,440 - streaming_ordering_chatbot.api.flows.conversation_flows_SK - INFO - Produced token:  main
2025-06-19 08:55:20,492 - streaming_ordering_chatbot.api.flows.conversation_flows_SK - INFO - Produced token: ?
2025-06-19 08:55:20,544 - streaming_ordering_chatbot.api.flows.conversation_flows_SK - INFO - Produced token:  Let
2025-06-19 08:55:20,596 - streaming_ordering_chatbot.api.flows.conversation_flows_SK - INFO - Produced token:  me
2025-06-19 08:55:20,801 - streaming_ordering_chatbot.api.flows.conversation_flows_SK - INFO - Produced token:  know
2025-06-19 08:55:20,853 - streaming_ordering_chatbot.api.flows.conversation_flows_SK - INFO - Produced token:  if
2025-06-19 08:55:20,905 - streaming_ordering_chatbot.api.flows.conversation_flows_SK - INFO - Produced token:  you'd
2025-06-19 08:55:20,956 - streaming_ordering_chatbot.api.flows.conversation_flows_SK - INFO - Produced token:  like
2025-06-19 08:55:21,008 - streaming_ordering_chatbot.api.flows.conversation_flows_SK - INFO - Produced token:  to
2025-06-19 08:55:21,198 - streaming_ordering_chatbot.api.flows.conversation_flows_SK - INFO - Produced token:  pair
2025-06-19 08:55:21,250 - streaming_ordering_chatbot.api.flows.conversation_flows_SK - INFO - Produced token:  it
2025-06-19 08:55:21,302 - streaming_ordering_chatbot.api.flows.conversation_flows_SK - INFO - Produced token:  with
2025-06-19 08:55:21,354 - streaming_ordering_chatbot.api.flows.conversation_flows_SK - INFO - Produced token:  something
2025-06-19 08:55:21,406 - streaming_ordering_chatbot.api.flows.conversation_flows_SK - INFO - Produced token:  else
2025-06-19 08:55:21,587 - streaming_ordering_chatbot.api.flows.conversation_flows_SK - INFO - Produced token:  or
2025-06-19 08:55:21,640 - streaming_ordering_chatbot.api.flows.conversation_flows_SK - INFO - Produced token:  customize
2025-06-19 08:55:21,692 - streaming_ordering_chatbot.api.flows.conversation_flows_SK - INFO - Produced token:  it
2025-06-19 08:55:21,743 - streaming_ordering_chatbot.api.flows.conversation_flows_SK - INFO - Produced token: !
2025-06-19 08:55:21,795 - streaming_ordering_chatbot.api.flows.conversation_flows_SK - INFO - Produced token:  😊
2025-06-19 08:55:42,149 - streaming_ordering_chatbot.api.flows.conversation_flows_SK - INFO - Produced token: Got
2025-06-19 08:55:42,333 - streaming_ordering_chatbot.api.flows.conversation_flows_SK - INFO - Produced token:  it
2025-06-19 08:55:42,385 - streaming_ordering_chatbot.api.flows.conversation_flows_SK - INFO - Produced token: !
2025-06-19 08:55:42,437 - streaming_ordering_chatbot.api.flows.conversation_flows_SK - INFO - Produced token:  😊
2025-06-19 08:55:42,489 - streaming_ordering_chatbot.api.flows.conversation_flows_SK - INFO - Produced token:  A
2025-06-19 08:55:42,541 - streaming_ordering_chatbot.api.flows.conversation_flows_SK - INFO - Produced token:  side
2025-06-19 08:55:42,725 - streaming_ordering_chatbot.api.flows.conversation_flows_SK - INFO - Produced token:  of
2025-06-19 08:55:42,776 - streaming_ordering_chatbot.api.flows.conversation_flows_SK - INFO - Produced token:  crispy
2025-06-19 08:55:42,828 - streaming_ordering_chatbot.api.flows.conversation_flows_SK - INFO - Produced token:  fries
2025-06-19 08:55:42,879 - streaming_ordering_chatbot.api.flows.conversation_flows_SK - INFO - Produced token:  coming
2025-06-19 08:55:42,931 - streaming_ordering_chatbot.api.flows.conversation_flows_SK - INFO - Produced token:  up
2025-06-19 08:55:43,123 - streaming_ordering_chatbot.api.flows.conversation_flows_SK - INFO - Produced token: .
2025-06-19 08:55:43,175 - streaming_ordering_chatbot.api.flows.conversation_flows_SK - INFO - Produced token:  Anything
2025-06-19 08:55:43,227 - streaming_ordering_chatbot.api.flows.conversation_flows_SK - INFO - Produced token:  else
2025-06-19 08:55:43,280 - streaming_ordering_chatbot.api.flows.conversation_flows_SK - INFO - Produced token:  you'd
2025-06-19 08:55:43,332 - streaming_ordering_chatbot.api.flows.conversation_flows_SK - INFO - Produced token:  like
2025-06-19 08:55:43,513 - streaming_ordering_chatbot.api.flows.conversation_flows_SK - INFO - Produced token:  to
2025-06-19 08:55:43,565 - streaming_ordering_chatbot.api.flows.conversation_flows_SK - INFO - Produced token:  add
2025-06-19 08:55:43,617 - streaming_ordering_chatbot.api.flows.conversation_flows_SK - INFO - Produced token:  to
2025-06-19 08:55:43,668 - streaming_ordering_chatbot.api.flows.conversation_flows_SK - INFO - Produced token:  your
2025-06-19 08:55:43,720 - streaming_ordering_chatbot.api.flows.conversation_flows_SK - INFO - Produced token:  order
2025-06-19 08:55:43,902 - streaming_ordering_chatbot.api.flows.conversation_flows_SK - INFO - Produced token:  or
2025-06-19 08:55:43,955 - streaming_ordering_chatbot.api.flows.conversation_flows_SK - INFO - Produced token:  any
2025-06-19 08:55:44,007 - streaming_ordering_chatbot.api.flows.conversation_flows_SK - INFO - Produced token:  questions
2025-06-19 08:55:44,059 - streaming_ordering_chatbot.api.flows.conversation_flows_SK - INFO - Produced token:  I
2025-06-19 08:55:44,111 - streaming_ordering_chatbot.api.flows.conversation_flows_SK - INFO - Produced token:  can
2025-06-19 08:55:44,294 - streaming_ordering_chatbot.api.flows.conversation_flows_SK - INFO - Produced token:  help
2025-06-19 08:55:44,346 - streaming_ordering_chatbot.api.flows.conversation_flows_SK - INFO - Produced token:  with
2025-06-19 08:55:44,398 - streaming_ordering_chatbot.api.flows.conversation_flows_SK - INFO - Produced token: ?
2025-06-19 08:56:02,164 - streaming_ordering_chatbot.api.flows.conversation_flows_SK - INFO - Produced token: Sure
2025-06-19 08:56:02,352 - streaming_ordering_chatbot.api.flows.conversation_flows_SK - INFO - Produced token: !
2025-06-19 08:56:02,404 - streaming_ordering_chatbot.api.flows.conversation_flows_SK - INFO - Produced token:  🥗
2025-06-19 08:56:02,456 - streaming_ordering_chatbot.api.flows.conversation_flows_SK - INFO - Produced token:  Would
2025-06-19 08:56:02,508 - streaming_ordering_chatbot.api.flows.conversation_flows_SK - INFO - Produced token:  you
2025-06-19 08:56:02,559 - streaming_ordering_chatbot.api.flows.conversation_flows_SK - INFO - Produced token:  like
2025-06-19 08:56:02,744 - streaming_ordering_chatbot.api.flows.conversation_flows_SK - INFO - Produced token:  the
2025-06-19 08:56:02,797 - streaming_ordering_chatbot.api.flows.conversation_flows_SK - INFO - Produced token:  classic
2025-06-19 08:56:02,849 - streaming_ordering_chatbot.api.flows.conversation_flows_SK - INFO - Produced token:  Caesar
2025-06-19 08:56:02,900 - streaming_ordering_chatbot.api.flows.conversation_flows_SK - INFO - Produced token: ,
2025-06-19 08:56:02,952 - streaming_ordering_chatbot.api.flows.conversation_flows_SK - INFO - Produced token:  vibrant
2025-06-19 08:56:03,232 - streaming_ordering_chatbot.api.flows.conversation_flows_SK - INFO - Produced token:  garden
2025-06-19 08:56:03,284 - streaming_ordering_chatbot.api.flows.conversation_flows_SK - INFO - Produced token:  salad
2025-06-19 08:56:03,335 - streaming_ordering_chatbot.api.flows.conversation_flows_SK - INFO - Produced token: ,
2025-06-19 08:56:03,387 - streaming_ordering_chatbot.api.flows.conversation_flows_SK - INFO - Produced token:  or
2025-06-19 08:56:03,439 - streaming_ordering_chatbot.api.flows.conversation_flows_SK - INFO - Produced token:  the
2025-06-19 08:56:03,627 - streaming_ordering_chatbot.api.flows.conversation_flows_SK - INFO - Produced token:  grilled
2025-06-19 08:56:03,680 - streaming_ordering_chatbot.api.flows.conversation_flows_SK - INFO - Produced token:  chicken
2025-06-19 08:56:03,732 - streaming_ordering_chatbot.api.flows.conversation_flows_SK - INFO - Produced token:  salad
2025-06-19 08:56:03,785 - streaming_ordering_chatbot.api.flows.conversation_flows_SK - INFO - Produced token: ?
2025-06-19 08:56:03,837 - streaming_ordering_chatbot.api.flows.conversation_flows_SK - INFO - Produced token:  Let
2025-06-19 08:56:04,019 - streaming_ordering_chatbot.api.flows.conversation_flows_SK - INFO - Produced token:  me
2025-06-19 08:56:04,071 - streaming_ordering_chatbot.api.flows.conversation_flows_SK - INFO - Produced token:  know
2025-06-19 08:56:04,123 - streaming_ordering_chatbot.api.flows.conversation_flows_SK - INFO - Produced token:  if
2025-06-19 08:56:04,174 - streaming_ordering_chatbot.api.flows.conversation_flows_SK - INFO - Produced token:  you'd
2025-06-19 08:56:04,226 - streaming_ordering_chatbot.api.flows.conversation_flows_SK - INFO - Produced token:  like
2025-06-19 08:56:04,410 - streaming_ordering_chatbot.api.flows.conversation_flows_SK - INFO - Produced token:  to
2025-06-19 08:56:04,461 - streaming_ordering_chatbot.api.flows.conversation_flows_SK - INFO - Produced token:  customize
2025-06-19 08:56:04,512 - streaming_ordering_chatbot.api.flows.conversation_flows_SK - INFO - Produced token:  it
2025-06-19 08:56:04,564 - streaming_ordering_chatbot.api.flows.conversation_flows_SK - INFO - Produced token:  or
2025-06-19 08:56:04,616 - streaming_ordering_chatbot.api.flows.conversation_flows_SK - INFO - Produced token:  add
2025-06-19 08:56:04,809 - streaming_ordering_chatbot.api.flows.conversation_flows_SK - INFO - Produced token:  something
2025-06-19 08:56:04,861 - streaming_ordering_chatbot.api.flows.conversation_flows_SK - INFO - Produced token:  else
2025-06-19 08:56:04,913 - streaming_ordering_chatbot.api.flows.conversation_flows_SK - INFO - Produced token:  to
2025-06-19 08:56:04,965 - streaming_ordering_chatbot.api.flows.conversation_flows_SK - INFO - Produced token:  your
2025-06-19 08:56:05,017 - streaming_ordering_chatbot.api.flows.conversation_flows_SK - INFO - Produced token:  order
2025-06-19 08:56:05,204 - streaming_ordering_chatbot.api.flows.conversation_flows_SK - INFO - Produced token: !
2025-06-19 08:56:22,767 - streaming_ordering_chatbot.api.flows.conversation_flows_SK - INFO - Produced token: Got
2025-06-19 08:56:22,947 - streaming_ordering_chatbot.api.flows.conversation_flows_SK - INFO - Produced token:  it
2025-06-19 08:56:22,999 - streaming_ordering_chatbot.api.flows.conversation_flows_SK - INFO - Produced token: !
2025-06-19 08:56:23,050 - streaming_ordering_chatbot.api.flows.conversation_flows_SK - INFO - Produced token:  😊
2025-06-19 08:56:23,101 - streaming_ordering_chatbot.api.flows.conversation_flows_SK - INFO - Produced token:  A
2025-06-19 08:56:23,153 - streaming_ordering_chatbot.api.flows.conversation_flows_SK - INFO - Produced token:  fresh
2025-06-19 08:56:23,337 - streaming_ordering_chatbot.api.flows.conversation_flows_SK - INFO - Produced token:  salad
2025-06-19 08:56:23,388 - streaming_ordering_chatbot.api.flows.conversation_flows_SK - INFO - Produced token:  and
2025-06-19 08:56:23,440 - streaming_ordering_chatbot.api.flows.conversation_flows_SK - INFO - Produced token:  a
2025-06-19 08:56:23,491 - streaming_ordering_chatbot.api.flows.conversation_flows_SK - INFO - Produced token:  side
2025-06-19 08:56:23,543 - streaming_ordering_chatbot.api.flows.conversation_flows_SK - INFO - Produced token:  of
2025-06-19 08:56:23,718 - streaming_ordering_chatbot.api.flows.conversation_flows_SK - INFO - Produced token:  crispy
2025-06-19 08:56:23,770 - streaming_ordering_chatbot.api.flows.conversation_flows_SK - INFO - Produced token:  fries
2025-06-19 08:56:23,822 - streaming_ordering_chatbot.api.flows.conversation_flows_SK - INFO - Produced token:  coming
2025-06-19 08:56:23,875 - streaming_ordering_chatbot.api.flows.conversation_flows_SK - INFO - Produced token:  up
2025-06-19 08:56:23,927 - streaming_ordering_chatbot.api.flows.conversation_flows_SK - INFO - Produced token: .
2025-06-19 08:56:24,118 - streaming_ordering_chatbot.api.flows.conversation_flows_SK - INFO - Produced token:  Would
2025-06-19 08:56:24,170 - streaming_ordering_chatbot.api.flows.conversation_flows_SK - INFO - Produced token:  you
2025-06-19 08:56:24,222 - streaming_ordering_chatbot.api.flows.conversation_flows_SK - INFO - Produced token:  like
2025-06-19 08:56:24,275 - streaming_ordering_chatbot.api.flows.conversation_flows_SK - INFO - Produced token:  to
2025-06-19 08:56:24,327 - streaming_ordering_chatbot.api.flows.conversation_flows_SK - INFO - Produced token:  choose
2025-06-19 08:56:24,508 - streaming_ordering_chatbot.api.flows.conversation_flows_SK - INFO - Produced token:  a
2025-06-19 08:56:24,559 - streaming_ordering_chatbot.api.flows.conversation_flows_SK - INFO - Produced token:  specific
2025-06-19 08:56:24,611 - streaming_ordering_chatbot.api.flows.conversation_flows_SK - INFO - Produced token:  salad
2025-06-19 08:56:24,662 - streaming_ordering_chatbot.api.flows.conversation_flows_SK - INFO - Produced token:  or
2025-06-19 08:56:24,714 - streaming_ordering_chatbot.api.flows.conversation_flows_SK - INFO - Produced token:  customize
2025-06-19 08:56:24,932 - streaming_ordering_chatbot.api.flows.conversation_flows_SK - INFO - Produced token:  it
2025-06-19 08:56:24,983 - streaming_ordering_chatbot.api.flows.conversation_flows_SK - INFO - Produced token: ?
2025-06-19 08:56:33,979 - streaming_ordering_chatbot.api.flows.conversation_flows_SK - INFO - Produced token: Thanks
2025-06-19 08:56:34,214 - streaming_ordering_chatbot.api.flows.conversation_flows_SK - INFO - Produced token:  for
2025-06-19 08:56:34,266 - streaming_ordering_chatbot.api.flows.conversation_flows_SK - INFO - Produced token:  asking
2025-06-19 08:56:34,318 - streaming_ordering_chatbot.api.flows.conversation_flows_SK - INFO - Produced token: !
2025-06-19 08:56:34,370 - streaming_ordering_chatbot.api.flows.conversation_flows_SK - INFO - Produced token:  😊
2025-06-19 08:56:34,423 - streaming_ordering_chatbot.api.flows.conversation_flows_SK - INFO - Produced token:  The
2025-06-19 08:56:34,618 - streaming_ordering_chatbot.api.flows.conversation_flows_SK - INFO - Produced token:  price
2025-06-19 08:56:34,670 - streaming_ordering_chatbot.api.flows.conversation_flows_SK - INFO - Produced token:  for
2025-06-19 08:56:34,722 - streaming_ordering_chatbot.api.flows.conversation_flows_SK - INFO - Produced token:  a
2025-06-19 08:56:34,774 - streaming_ordering_chatbot.api.flows.conversation_flows_SK - INFO - Produced token:  side
2025-06-19 08:56:34,825 - streaming_ordering_chatbot.api.flows.conversation_flows_SK - INFO - Produced token:  of
2025-06-19 08:56:35,001 - streaming_ordering_chatbot.api.flows.conversation_flows_SK - INFO - Produced token:  fries
2025-06-19 08:56:35,052 - streaming_ordering_chatbot.api.flows.conversation_flows_SK - INFO - Produced token:  is
2025-06-19 08:56:35,103 - streaming_ordering_chatbot.api.flows.conversation_flows_SK - INFO - Produced token:  $
2025-06-19 08:56:35,155 - streaming_ordering_chatbot.api.flows.conversation_flows_SK - INFO - Produced token: 3
2025-06-19 08:56:35,207 - streaming_ordering_chatbot.api.flows.conversation_flows_SK - INFO - Produced token: ,
2025-06-19 08:56:35,398 - streaming_ordering_chatbot.api.flows.conversation_flows_SK - INFO - Produced token:  and
2025-06-19 08:56:35,449 - streaming_ordering_chatbot.api.flows.conversation_flows_SK - INFO - Produced token:  our
2025-06-19 08:56:35,500 - streaming_ordering_chatbot.api.flows.conversation_flows_SK - INFO - Produced token:  salads
2025-06-19 08:56:35,552 - streaming_ordering_chatbot.api.flows.conversation_flows_SK - INFO - Produced token:  range
2025-06-19 08:56:35,603 - streaming_ordering_chatbot.api.flows.conversation_flows_SK - INFO - Produced token:  from
2025-06-19 08:56:35,792 - streaming_ordering_chatbot.api.flows.conversation_flows_SK - INFO - Produced token:  $
2025-06-19 08:56:35,843 - streaming_ordering_chatbot.api.flows.conversation_flows_SK - INFO - Produced token: 7
2025-06-19 08:56:35,894 - streaming_ordering_chatbot.api.flows.conversation_flows_SK - INFO - Produced token:  to
2025-06-19 08:56:35,946 - streaming_ordering_chatbot.api.flows.conversation_flows_SK - INFO - Produced token:  $
2025-06-19 08:56:35,997 - streaming_ordering_chatbot.api.flows.conversation_flows_SK - INFO - Produced token: 12
2025-06-19 08:56:36,188 - streaming_ordering_chatbot.api.flows.conversation_flows_SK - INFO - Produced token:  depending
2025-06-19 08:56:36,241 - streaming_ordering_chatbot.api.flows.conversation_flows_SK - INFO - Produced token:  on
2025-06-19 08:56:36,292 - streaming_ordering_chatbot.api.flows.conversation_flows_SK - INFO - Produced token:  your
2025-06-19 08:56:36,347 - streaming_ordering_chatbot.api.flows.conversation_flows_SK - INFO - Produced token:  choice
2025-06-19 08:56:36,398 - streaming_ordering_chatbot.api.flows.conversation_flows_SK - INFO - Produced token:  (
2025-06-19 08:56:36,590 - streaming_ordering_chatbot.api.flows.conversation_flows_SK - INFO - Produced token: Ca
2025-06-19 08:56:36,642 - streaming_ordering_chatbot.api.flows.conversation_flows_SK - INFO - Produced token: esar
2025-06-19 08:56:36,694 - streaming_ordering_chatbot.api.flows.conversation_flows_SK - INFO - Produced token: ,
2025-06-19 08:56:36,746 - streaming_ordering_chatbot.api.flows.conversation_flows_SK - INFO - Produced token:  garden
2025-06-19 08:56:36,797 - streaming_ordering_chatbot.api.flows.conversation_flows_SK - INFO - Produced token: ,
2025-06-19 08:56:36,984 - streaming_ordering_chatbot.api.flows.conversation_flows_SK - INFO - Produced token:  or
2025-06-19 08:56:37,036 - streaming_ordering_chatbot.api.flows.conversation_flows_SK - INFO - Produced token:  grilled
2025-06-19 08:56:37,087 - streaming_ordering_chatbot.api.flows.conversation_flows_SK - INFO - Produced token:  chicken
2025-06-19 08:56:37,139 - streaming_ordering_chatbot.api.flows.conversation_flows_SK - INFO - Produced token: ).
2025-06-19 08:56:37,191 - streaming_ordering_chatbot.api.flows.conversation_flows_SK - INFO - Produced token:  Let
2025-06-19 08:56:37,374 - streaming_ordering_chatbot.api.flows.conversation_flows_SK - INFO - Produced token:  me
2025-06-19 08:56:37,425 - streaming_ordering_chatbot.api.flows.conversation_flows_SK - INFO - Produced token:  know
2025-06-19 08:56:37,476 - streaming_ordering_chatbot.api.flows.conversation_flows_SK - INFO - Produced token:  which
2025-06-19 08:56:37,527 - streaming_ordering_chatbot.api.flows.conversation_flows_SK - INFO - Produced token:  salad
2025-06-19 08:56:37,578 - streaming_ordering_chatbot.api.flows.conversation_flows_SK - INFO - Produced token:  you'd
2025-06-19 08:56:37,760 - streaming_ordering_chatbot.api.flows.conversation_flows_SK - INFO - Produced token:  like
2025-06-19 08:56:37,811 - streaming_ordering_chatbot.api.flows.conversation_flows_SK - INFO - Produced token: ,
2025-06-19 08:56:37,863 - streaming_ordering_chatbot.api.flows.conversation_flows_SK - INFO - Produced token:  and
2025-06-19 08:56:37,915 - streaming_ordering_chatbot.api.flows.conversation_flows_SK - INFO - Produced token:  I'll
2025-06-19 08:56:37,966 - streaming_ordering_chatbot.api.flows.conversation_flows_SK - INFO - Produced token:  confirm
2025-06-19 08:56:38,157 - streaming_ordering_chatbot.api.flows.conversation_flows_SK - INFO - Produced token:  the
2025-06-19 08:56:38,209 - streaming_ordering_chatbot.api.flows.conversation_flows_SK - INFO - Produced token:  total
2025-06-19 08:56:38,261 - streaming_ordering_chatbot.api.flows.conversation_flows_SK - INFO - Produced token:  for
2025-06-19 08:56:38,313 - streaming_ordering_chatbot.api.flows.conversation_flows_SK - INFO - Produced token:  you
2025-06-19 08:56:38,365 - streaming_ordering_chatbot.api.flows.conversation_flows_SK - INFO - Produced token: !
2025-06-19 09:02:54,955 - streaming_ordering_chatbot.api.flows.conversation_flows_SK - INFO - Produced token: Hi
2025-06-19 09:02:55,392 - streaming_ordering_chatbot.api.flows.conversation_flows_SK - INFO - Produced token:  there
2025-06-19 09:02:55,444 - streaming_ordering_chatbot.api.flows.conversation_flows_SK - INFO - Produced token: !
2025-06-19 09:02:55,495 - streaming_ordering_chatbot.api.flows.conversation_flows_SK - INFO - Produced token:  😊
2025-06-19 09:02:55,546 - streaming_ordering_chatbot.api.flows.conversation_flows_SK - INFO - Produced token:  Welcome
2025-06-19 09:02:55,598 - streaming_ordering_chatbot.api.flows.conversation_flows_SK - INFO - Produced token:  to
2025-06-19 09:02:55,782 - streaming_ordering_chatbot.api.flows.conversation_flows_SK - INFO - Produced token:  our
2025-06-19 09:02:55,834 - streaming_ordering_chatbot.api.flows.conversation_flows_SK - INFO - Produced token:  restaurant
2025-06-19 09:02:55,886 - streaming_ordering_chatbot.api.flows.conversation_flows_SK - INFO - Produced token: !
2025-06-19 09:02:55,938 - streaming_ordering_chatbot.api.flows.conversation_flows_SK - INFO - Produced token:  I
2025-06-19 09:02:55,990 - streaming_ordering_chatbot.api.flows.conversation_flows_SK - INFO - Produced token: ’m
2025-06-19 09:02:56,177 - streaming_ordering_chatbot.api.flows.conversation_flows_SK - INFO - Produced token:  here
2025-06-19 09:02:56,229 - streaming_ordering_chatbot.api.flows.conversation_flows_SK - INFO - Produced token:  to
2025-06-19 09:02:56,280 - streaming_ordering_chatbot.api.flows.conversation_flows_SK - INFO - Produced token:  help
2025-06-19 09:02:56,331 - streaming_ordering_chatbot.api.flows.conversation_flows_SK - INFO - Produced token:  with
2025-06-19 09:02:56,383 - streaming_ordering_chatbot.api.flows.conversation_flows_SK - INFO - Produced token:  menu
2025-06-19 09:02:56,568 - streaming_ordering_chatbot.api.flows.conversation_flows_SK - INFO - Produced token:  questions
2025-06-19 09:02:56,641 - streaming_ordering_chatbot.api.flows.conversation_flows_SK - INFO - Produced token: ,
2025-06-19 09:02:56,694 - streaming_ordering_chatbot.api.flows.conversation_flows_SK - INFO - Produced token:  taking
2025-06-19 09:02:56,745 - streaming_ordering_chatbot.api.flows.conversation_flows_SK - INFO - Produced token:  or
2025-06-19 09:02:56,797 - streaming_ordering_chatbot.api.flows.conversation_flows_SK - INFO - Produced token:  customizing
2025-06-19 09:02:56,984 - streaming_ordering_chatbot.api.flows.conversation_flows_SK - INFO - Produced token:  orders
2025-06-19 09:02:57,036 - streaming_ordering_chatbot.api.flows.conversation_flows_SK - INFO - Produced token: ,
2025-06-19 09:02:57,089 - streaming_ordering_chatbot.api.flows.conversation_flows_SK - INFO - Produced token:  and
2025-06-19 09:02:57,141 - streaming_ordering_chatbot.api.flows.conversation_flows_SK - INFO - Produced token:  sharing
2025-06-19 09:02:57,194 - streaming_ordering_chatbot.api.flows.conversation_flows_SK - INFO - Produced token:  info
2025-06-19 09:02:57,384 - streaming_ordering_chatbot.api.flows.conversation_flows_SK - INFO - Produced token:  about
2025-06-19 09:02:57,436 - streaming_ordering_chatbot.api.flows.conversation_flows_SK - INFO - Produced token:  us
2025-06-19 09:02:57,488 - streaming_ordering_chatbot.api.flows.conversation_flows_SK - INFO - Produced token: .
2025-06-19 09:02:57,541 - streaming_ordering_chatbot.api.flows.conversation_flows_SK - INFO - Produced token:  Let
2025-06-19 09:02:57,593 - streaming_ordering_chatbot.api.flows.conversation_flows_SK - INFO - Produced token:  me
2025-06-19 09:02:57,781 - streaming_ordering_chatbot.api.flows.conversation_flows_SK - INFO - Produced token:  know
2025-06-19 09:02:57,835 - streaming_ordering_chatbot.api.flows.conversation_flows_SK - INFO - Produced token:  how
2025-06-19 09:02:57,888 - streaming_ordering_chatbot.api.flows.conversation_flows_SK - INFO - Produced token:  I
2025-06-19 09:02:57,940 - streaming_ordering_chatbot.api.flows.conversation_flows_SK - INFO - Produced token:  can
2025-06-19 09:02:57,992 - streaming_ordering_chatbot.api.flows.conversation_flows_SK - INFO - Produced token:  assist
2025-06-19 09:02:58,174 - streaming_ordering_chatbot.api.flows.conversation_flows_SK - INFO - Produced token:  you
2025-06-19 09:02:58,227 - streaming_ordering_chatbot.api.flows.conversation_flows_SK - INFO - Produced token:  today
2025-06-19 09:02:58,279 - streaming_ordering_chatbot.api.flows.conversation_flows_SK - INFO - Produced token: !
2025-06-19 09:05:20,204 - streaming_ordering_chatbot.api.flows.conversation_flows_SK - INFO - Produced token: Hi
2025-06-19 09:05:20,647 - streaming_ordering_chatbot.api.flows.conversation_flows_SK - INFO - Produced token:  there
2025-06-19 09:05:20,699 - streaming_ordering_chatbot.api.flows.conversation_flows_SK - INFO - Produced token: !
2025-06-19 09:05:20,751 - streaming_ordering_chatbot.api.flows.conversation_flows_SK - INFO - Produced token:  😊
2025-06-19 09:05:20,804 - streaming_ordering_chatbot.api.flows.conversation_flows_SK - INFO - Produced token:  Welcome
2025-06-19 09:05:20,856 - streaming_ordering_chatbot.api.flows.conversation_flows_SK - INFO - Produced token:  to
2025-06-19 09:05:21,037 - streaming_ordering_chatbot.api.flows.conversation_flows_SK - INFO - Produced token:  our
2025-06-19 09:05:21,090 - streaming_ordering_chatbot.api.flows.conversation_flows_SK - INFO - Produced token:  restaurant
2025-06-19 09:05:21,142 - streaming_ordering_chatbot.api.flows.conversation_flows_SK - INFO - Produced token: !
2025-06-19 09:05:21,195 - streaming_ordering_chatbot.api.flows.conversation_flows_SK - INFO - Produced token:  I'm
2025-06-19 09:05:21,247 - streaming_ordering_chatbot.api.flows.conversation_flows_SK - INFO - Produced token:  here
2025-06-19 09:05:21,425 - streaming_ordering_chatbot.api.flows.conversation_flows_SK - INFO - Produced token:  to
2025-06-19 09:05:21,477 - streaming_ordering_chatbot.api.flows.conversation_flows_SK - INFO - Produced token:  help
2025-06-19 09:05:21,529 - streaming_ordering_chatbot.api.flows.conversation_flows_SK - INFO - Produced token:  with
2025-06-19 09:05:21,582 - streaming_ordering_chatbot.api.flows.conversation_flows_SK - INFO - Produced token:  any
2025-06-19 09:05:21,635 - streaming_ordering_chatbot.api.flows.conversation_flows_SK - INFO - Produced token:  questions
2025-06-19 09:05:21,822 - streaming_ordering_chatbot.api.flows.conversation_flows_SK - INFO - Produced token:  about
2025-06-19 09:05:21,874 - streaming_ordering_chatbot.api.flows.conversation_flows_SK - INFO - Produced token:  our
2025-06-19 09:05:21,926 - streaming_ordering_chatbot.api.flows.conversation_flows_SK - INFO - Produced token:  menu
2025-06-19 09:05:21,978 - streaming_ordering_chatbot.api.flows.conversation_flows_SK - INFO - Produced token: ,
2025-06-19 09:05:22,031 - streaming_ordering_chatbot.api.flows.conversation_flows_SK - INFO - Produced token:  take
2025-06-19 09:05:22,216 - streaming_ordering_chatbot.api.flows.conversation_flows_SK - INFO - Produced token:  or
2025-06-19 09:05:22,268 - streaming_ordering_chatbot.api.flows.conversation_flows_SK - INFO - Produced token:  customize
2025-06-19 09:05:22,320 - streaming_ordering_chatbot.api.flows.conversation_flows_SK - INFO - Produced token:  your
2025-06-19 09:05:22,371 - streaming_ordering_chatbot.api.flows.conversation_flows_SK - INFO - Produced token:  order
2025-06-19 09:05:22,424 - streaming_ordering_chatbot.api.flows.conversation_flows_SK - INFO - Produced token: ,
2025-06-19 09:05:22,604 - streaming_ordering_chatbot.api.flows.conversation_flows_SK - INFO - Produced token:  and
2025-06-19 09:05:22,656 - streaming_ordering_chatbot.api.flows.conversation_flows_SK - INFO - Produced token:  provide
2025-06-19 09:05:22,708 - streaming_ordering_chatbot.api.flows.conversation_flows_SK - INFO - Produced token:  info
2025-06-19 09:05:22,761 - streaming_ordering_chatbot.api.flows.conversation_flows_SK - INFO - Produced token:  about
2025-06-19 09:05:22,813 - streaming_ordering_chatbot.api.flows.conversation_flows_SK - INFO - Produced token:  us
2025-06-19 09:05:22,992 - streaming_ordering_chatbot.api.flows.conversation_flows_SK - INFO - Produced token: .
2025-06-19 09:05:23,044 - streaming_ordering_chatbot.api.flows.conversation_flows_SK - INFO - Produced token:  Let
2025-06-19 09:05:23,096 - streaming_ordering_chatbot.api.flows.conversation_flows_SK - INFO - Produced token:  me
2025-06-19 09:05:23,149 - streaming_ordering_chatbot.api.flows.conversation_flows_SK - INFO - Produced token:  know
2025-06-19 09:05:23,201 - streaming_ordering_chatbot.api.flows.conversation_flows_SK - INFO - Produced token:  how
2025-06-19 09:05:23,382 - streaming_ordering_chatbot.api.flows.conversation_flows_SK - INFO - Produced token:  I
2025-06-19 09:05:23,434 - streaming_ordering_chatbot.api.flows.conversation_flows_SK - INFO - Produced token:  can
2025-06-19 09:05:23,486 - streaming_ordering_chatbot.api.flows.conversation_flows_SK - INFO - Produced token:  assist
2025-06-19 09:05:23,537 - streaming_ordering_chatbot.api.flows.conversation_flows_SK - INFO - Produced token:  you
2025-06-19 09:05:23,589 - streaming_ordering_chatbot.api.flows.conversation_flows_SK - INFO - Produced token:  today
2025-06-19 09:05:23,772 - streaming_ordering_chatbot.api.flows.conversation_flows_SK - INFO - Produced token: !
2025-06-19 09:06:30,674 - streaming_ordering_chatbot.api.flows.conversation_flows_SK - INFO - Produced token: Hi
2025-06-19 09:06:30,859 - streaming_ordering_chatbot.api.flows.conversation_flows_SK - INFO - Produced token:  there
2025-06-19 09:06:30,912 - streaming_ordering_chatbot.api.flows.conversation_flows_SK - INFO - Produced token: !
2025-06-19 09:06:30,966 - streaming_ordering_chatbot.api.flows.conversation_flows_SK - INFO - Produced token:  😊
2025-06-19 09:06:31,019 - streaming_ordering_chatbot.api.flows.conversation_flows_SK - INFO - Produced token:  Welcome
2025-06-19 09:06:31,071 - streaming_ordering_chatbot.api.flows.conversation_flows_SK - INFO - Produced token:  to
2025-06-19 09:06:31,251 - streaming_ordering_chatbot.api.flows.conversation_flows_SK - INFO - Produced token:  our
2025-06-19 09:06:31,303 - streaming_ordering_chatbot.api.flows.conversation_flows_SK - INFO - Produced token:  restaurant
2025-06-19 09:06:31,355 - streaming_ordering_chatbot.api.flows.conversation_flows_SK - INFO - Produced token: !
2025-06-19 09:06:31,408 - streaming_ordering_chatbot.api.flows.conversation_flows_SK - INFO - Produced token:  I'm
2025-06-19 09:06:31,459 - streaming_ordering_chatbot.api.flows.conversation_flows_SK - INFO - Produced token:  here
2025-06-19 09:06:31,637 - streaming_ordering_chatbot.api.flows.conversation_flows_SK - INFO - Produced token:  to
2025-06-19 09:06:31,690 - streaming_ordering_chatbot.api.flows.conversation_flows_SK - INFO - Produced token:  help
2025-06-19 09:06:31,741 - streaming_ordering_chatbot.api.flows.conversation_flows_SK - INFO - Produced token:  with
2025-06-19 09:06:31,794 - streaming_ordering_chatbot.api.flows.conversation_flows_SK - INFO - Produced token:  any
2025-06-19 09:06:31,847 - streaming_ordering_chatbot.api.flows.conversation_flows_SK - INFO - Produced token:  questions
2025-06-19 09:06:32,030 - streaming_ordering_chatbot.api.flows.conversation_flows_SK - INFO - Produced token:  about
2025-06-19 09:06:32,082 - streaming_ordering_chatbot.api.flows.conversation_flows_SK - INFO - Produced token:  the
2025-06-19 09:06:32,135 - streaming_ordering_chatbot.api.flows.conversation_flows_SK - INFO - Produced token:  menu
2025-06-19 09:06:32,187 - streaming_ordering_chatbot.api.flows.conversation_flows_SK - INFO - Produced token: ,
2025-06-19 09:06:32,239 - streaming_ordering_chatbot.api.flows.conversation_flows_SK - INFO - Produced token:  take
2025-06-19 09:06:32,420 - streaming_ordering_chatbot.api.flows.conversation_flows_SK - INFO - Produced token:  or
2025-06-19 09:06:32,473 - streaming_ordering_chatbot.api.flows.conversation_flows_SK - INFO - Produced token:  customize
2025-06-19 09:06:32,526 - streaming_ordering_chatbot.api.flows.conversation_flows_SK - INFO - Produced token:  your
2025-06-19 09:06:32,579 - streaming_ordering_chatbot.api.flows.conversation_flows_SK - INFO - Produced token:  order
2025-06-19 09:06:32,631 - streaming_ordering_chatbot.api.flows.conversation_flows_SK - INFO - Produced token: ,
2025-06-19 09:06:32,820 - streaming_ordering_chatbot.api.flows.conversation_flows_SK - INFO - Produced token:  and
2025-06-19 09:06:32,873 - streaming_ordering_chatbot.api.flows.conversation_flows_SK - INFO - Produced token:  share
2025-06-19 09:06:32,925 - streaming_ordering_chatbot.api.flows.conversation_flows_SK - INFO - Produced token:  information
2025-06-19 09:06:32,978 - streaming_ordering_chatbot.api.flows.conversation_flows_SK - INFO - Produced token:  about
2025-06-19 09:06:33,030 - streaming_ordering_chatbot.api.flows.conversation_flows_SK - INFO - Produced token:  us
2025-06-19 09:06:33,211 - streaming_ordering_chatbot.api.flows.conversation_flows_SK - INFO - Produced token: .
2025-06-19 09:06:33,264 - streaming_ordering_chatbot.api.flows.conversation_flows_SK - INFO - Produced token:  Let
2025-06-19 09:06:33,316 - streaming_ordering_chatbot.api.flows.conversation_flows_SK - INFO - Produced token:  me
2025-06-19 09:06:33,369 - streaming_ordering_chatbot.api.flows.conversation_flows_SK - INFO - Produced token:  know
2025-06-19 09:06:33,421 - streaming_ordering_chatbot.api.flows.conversation_flows_SK - INFO - Produced token:  how
2025-06-19 09:06:33,606 - streaming_ordering_chatbot.api.flows.conversation_flows_SK - INFO - Produced token:  I
2025-06-19 09:06:33,658 - streaming_ordering_chatbot.api.flows.conversation_flows_SK - INFO - Produced token:  can
2025-06-19 09:06:33,710 - streaming_ordering_chatbot.api.flows.conversation_flows_SK - INFO - Produced token:  assist
2025-06-19 09:06:33,762 - streaming_ordering_chatbot.api.flows.conversation_flows_SK - INFO - Produced token:  you
2025-06-19 09:06:33,814 - streaming_ordering_chatbot.api.flows.conversation_flows_SK - INFO - Produced token:  today
2025-06-19 09:06:34,001 - streaming_ordering_chatbot.api.flows.conversation_flows_SK - INFO - Produced token: !
2025-06-19 09:07:44,284 - streaming_ordering_chatbot.api.flows.conversation_flows_SK - INFO - Produced token: Welcome
2025-06-19 09:07:44,724 - streaming_ordering_chatbot.api.flows.conversation_flows_SK - INFO - Produced token:  to
2025-06-19 09:07:44,775 - streaming_ordering_chatbot.api.flows.conversation_flows_SK - INFO - Produced token:  Cont
2025-06-19 09:07:44,827 - streaming_ordering_chatbot.api.flows.conversation_flows_SK - INFO - Produced token: oso
2025-06-19 09:07:44,879 - streaming_ordering_chatbot.api.flows.conversation_flows_SK - INFO - Produced token:  Burger
2025-06-19 09:07:44,932 - streaming_ordering_chatbot.api.flows.conversation_flows_SK - INFO - Produced token: !
2025-06-19 09:07:45,111 - streaming_ordering_chatbot.api.flows.conversation_flows_SK - INFO - Produced token:  🍔
2025-06-19 09:07:45,163 - streaming_ordering_chatbot.api.flows.conversation_flows_SK - INFO - Produced token:  We're
2025-06-19 09:07:45,215 - streaming_ordering_chatbot.api.flows.conversation_flows_SK - INFO - Produced token:  so
2025-06-19 09:07:45,268 - streaming_ordering_chatbot.api.flows.conversation_flows_SK - INFO - Produced token:  glad
2025-06-19 09:07:45,320 - streaming_ordering_chatbot.api.flows.conversation_flows_SK - INFO - Produced token:  you're
2025-06-19 09:07:45,563 - streaming_ordering_chatbot.api.flows.conversation_flows_SK - INFO - Produced token:  here
2025-06-19 09:07:45,616 - streaming_ordering_chatbot.api.flows.conversation_flows_SK - INFO - Produced token: .
2025-06-19 09:07:45,668 - streaming_ordering_chatbot.api.flows.conversation_flows_SK - INFO - Produced token:  I
2025-06-19 09:07:45,720 - streaming_ordering_chatbot.api.flows.conversation_flows_SK - INFO - Produced token:  can
2025-06-19 09:07:45,772 - streaming_ordering_chatbot.api.flows.conversation_flows_SK - INFO - Produced token:  help
2025-06-19 09:07:45,959 - streaming_ordering_chatbot.api.flows.conversation_flows_SK - INFO - Produced token:  with
2025-06-19 09:07:46,011 - streaming_ordering_chatbot.api.flows.conversation_flows_SK - INFO - Produced token:  questions
2025-06-19 09:07:46,063 - streaming_ordering_chatbot.api.flows.conversation_flows_SK - INFO - Produced token:  about
2025-06-19 09:07:46,117 - streaming_ordering_chatbot.api.flows.conversation_flows_SK - INFO - Produced token:  our
2025-06-19 09:07:46,169 - streaming_ordering_chatbot.api.flows.conversation_flows_SK - INFO - Produced token:  menu
2025-06-19 09:07:46,357 - streaming_ordering_chatbot.api.flows.conversation_flows_SK - INFO - Produced token: ,
2025-06-19 09:07:46,409 - streaming_ordering_chatbot.api.flows.conversation_flows_SK - INFO - Produced token:  take
2025-06-19 09:07:46,461 - streaming_ordering_chatbot.api.flows.conversation_flows_SK - INFO - Produced token:  or
2025-06-19 09:07:46,513 - streaming_ordering_chatbot.api.flows.conversation_flows_SK - INFO - Produced token:  modify
2025-06-19 09:07:46,565 - streaming_ordering_chatbot.api.flows.conversation_flows_SK - INFO - Produced token:  your
2025-06-19 09:07:46,756 - streaming_ordering_chatbot.api.flows.conversation_flows_SK - INFO - Produced token:  order
2025-06-19 09:07:46,808 - streaming_ordering_chatbot.api.flows.conversation_flows_SK - INFO - Produced token: ,
2025-06-19 09:07:46,860 - streaming_ordering_chatbot.api.flows.conversation_flows_SK - INFO - Produced token:  and
2025-06-19 09:07:46,912 - streaming_ordering_chatbot.api.flows.conversation_flows_SK - INFO - Produced token:  share
2025-06-19 09:07:46,965 - streaming_ordering_chatbot.api.flows.conversation_flows_SK - INFO - Produced token:  info
2025-06-19 09:07:47,166 - streaming_ordering_chatbot.api.flows.conversation_flows_SK - INFO - Produced token:  about
2025-06-19 09:07:47,218 - streaming_ordering_chatbot.api.flows.conversation_flows_SK - INFO - Produced token:  our
2025-06-19 09:07:47,270 - streaming_ordering_chatbot.api.flows.conversation_flows_SK - INFO - Produced token:  restaurant
2025-06-19 09:07:47,337 - streaming_ordering_chatbot.api.flows.conversation_flows_SK - INFO - Produced token: .
2025-06-19 09:07:47,389 - streaming_ordering_chatbot.api.flows.conversation_flows_SK - INFO - Produced token:  Let
2025-06-19 09:07:47,584 - streaming_ordering_chatbot.api.flows.conversation_flows_SK - INFO - Produced token:  me
2025-06-19 09:07:47,637 - streaming_ordering_chatbot.api.flows.conversation_flows_SK - INFO - Produced token:  know
2025-06-19 09:07:47,689 - streaming_ordering_chatbot.api.flows.conversation_flows_SK - INFO - Produced token:  how
2025-06-19 09:07:47,742 - streaming_ordering_chatbot.api.flows.conversation_flows_SK - INFO - Produced token:  I
2025-06-19 09:07:47,794 - streaming_ordering_chatbot.api.flows.conversation_flows_SK - INFO - Produced token:  can
2025-06-19 09:07:47,984 - streaming_ordering_chatbot.api.flows.conversation_flows_SK - INFO - Produced token:  make
2025-06-19 09:07:48,036 - streaming_ordering_chatbot.api.flows.conversation_flows_SK - INFO - Produced token:  your
2025-06-19 09:07:48,088 - streaming_ordering_chatbot.api.flows.conversation_flows_SK - INFO - Produced token:  visit
2025-06-19 09:07:48,141 - streaming_ordering_chatbot.api.flows.conversation_flows_SK - INFO - Produced token:  awesome
2025-06-19 09:07:48,193 - streaming_ordering_chatbot.api.flows.conversation_flows_SK - INFO - Produced token: !
2025-06-19 09:07:48,377 - streaming_ordering_chatbot.api.flows.conversation_flows_SK - INFO - Produced token:  😊
2025-06-19 09:11:24,887 - streaming_ordering_chatbot.api.flows.conversation_flows_SK - INFO - Produced token: Welcome
2025-06-19 09:11:25,344 - streaming_ordering_chatbot.api.flows.conversation_flows_SK - INFO - Produced token:  to
2025-06-19 09:11:25,396 - streaming_ordering_chatbot.api.flows.conversation_flows_SK - INFO - Produced token:  Cont
2025-06-19 09:11:25,448 - streaming_ordering_chatbot.api.flows.conversation_flows_SK - INFO - Produced token: oso
2025-06-19 09:11:25,500 - streaming_ordering_chatbot.api.flows.conversation_flows_SK - INFO - Produced token:  Burger
2025-06-19 09:11:25,552 - streaming_ordering_chatbot.api.flows.conversation_flows_SK - INFO - Produced token: !
2025-06-19 09:11:25,738 - streaming_ordering_chatbot.api.flows.conversation_flows_SK - INFO - Produced token:   


2025-06-19 09:11:25,790 - streaming_ordering_chatbot.api.flows.conversation_flows_SK - INFO - Produced token: Hi
2025-06-19 09:11:25,842 - streaming_ordering_chatbot.api.flows.conversation_flows_SK - INFO - Produced token:  there
2025-06-19 09:11:25,893 - streaming_ordering_chatbot.api.flows.conversation_flows_SK - INFO - Produced token: .
2025-06-19 09:11:25,945 - streaming_ordering_chatbot.api.flows.conversation_flows_SK - INFO - Produced token:   


2025-06-19 09:11:25,997 - streaming_ordering_chatbot.api.flows.conversation_flows_SK - INFO - Produced token: I
2025-06-19 09:11:26,049 - streaming_ordering_chatbot.api.flows.conversation_flows_SK - INFO - Produced token:  can
2025-06-19 09:11:26,101 - streaming_ordering_chatbot.api.flows.conversation_flows_SK - INFO - Produced token:  help
2025-06-19 09:11:26,153 - streaming_ordering_chatbot.api.flows.conversation_flows_SK - INFO - Produced token:  you
2025-06-19 09:11:26,206 - streaming_ordering_chatbot.api.flows.conversation_flows_SK - INFO - Produced token:  with
2025-06-19 09:11:26,395 - streaming_ordering_chatbot.api.flows.conversation_flows_SK - INFO - Produced token:  menu
2025-06-19 09:11:26,447 - streaming_ordering_chatbot.api.flows.conversation_flows_SK - INFO - Produced token:  questions
2025-06-19 09:11:26,499 - streaming_ordering_chatbot.api.flows.conversation_flows_SK - INFO - Produced token: ,
2025-06-19 09:11:26,551 - streaming_ordering_chatbot.api.flows.conversation_flows_SK - INFO - Produced token:  take
2025-06-19 09:11:26,603 - streaming_ordering_chatbot.api.flows.conversation_flows_SK - INFO - Produced token:  your
2025-06-19 09:11:26,786 - streaming_ordering_chatbot.api.flows.conversation_flows_SK - INFO - Produced token:  order
2025-06-19 09:11:26,838 - streaming_ordering_chatbot.api.flows.conversation_flows_SK - INFO - Produced token: ,
2025-06-19 09:11:26,889 - streaming_ordering_chatbot.api.flows.conversation_flows_SK - INFO - Produced token:  or
2025-06-19 09:11:26,941 - streaming_ordering_chatbot.api.flows.conversation_flows_SK - INFO - Produced token:  share
2025-06-19 09:11:26,992 - streaming_ordering_chatbot.api.flows.conversation_flows_SK - INFO - Produced token:  information
2025-06-19 09:11:27,178 - streaming_ordering_chatbot.api.flows.conversation_flows_SK - INFO - Produced token:  about
2025-06-19 09:11:27,230 - streaming_ordering_chatbot.api.flows.conversation_flows_SK - INFO - Produced token:  our
2025-06-19 09:11:27,282 - streaming_ordering_chatbot.api.flows.conversation_flows_SK - INFO - Produced token:  restaurant
2025-06-19 09:11:27,335 - streaming_ordering_chatbot.api.flows.conversation_flows_SK - INFO - Produced token: .
2025-06-19 09:11:27,386 - streaming_ordering_chatbot.api.flows.conversation_flows_SK - INFO - Produced token:   


2025-06-19 09:11:27,438 - streaming_ordering_chatbot.api.flows.conversation_flows_SK - INFO - Produced token: What
2025-06-19 09:11:27,490 - streaming_ordering_chatbot.api.flows.conversation_flows_SK - INFO - Produced token:  can
2025-06-19 09:11:27,542 - streaming_ordering_chatbot.api.flows.conversation_flows_SK - INFO - Produced token:  I
2025-06-19 09:11:27,594 - streaming_ordering_chatbot.api.flows.conversation_flows_SK - INFO - Produced token:  do
2025-06-19 09:11:27,646 - streaming_ordering_chatbot.api.flows.conversation_flows_SK - INFO - Produced token:  for
2025-06-19 09:11:27,836 - streaming_ordering_chatbot.api.flows.conversation_flows_SK - INFO - Produced token:  you
2025-06-19 09:11:27,888 - streaming_ordering_chatbot.api.flows.conversation_flows_SK - INFO - Produced token:  today
2025-06-19 09:11:27,940 - streaming_ordering_chatbot.api.flows.conversation_flows_SK - INFO - Produced token: ?
2025-06-19 09:11:27,992 - streaming_ordering_chatbot.api.flows.conversation_flows_SK - INFO - Produced token:   
2025-06-19 09:17:35,124 - streaming_ordering_chatbot.api.flows.conversation_flows_SK - INFO - Produced token: Welcome
2025-06-19 09:17:35,585 - streaming_ordering_chatbot.api.flows.conversation_flows_SK - INFO - Produced token:  to
2025-06-19 09:17:35,636 - streaming_ordering_chatbot.api.flows.conversation_flows_SK - INFO - Produced token:  Cont
2025-06-19 09:17:35,688 - streaming_ordering_chatbot.api.flows.conversation_flows_SK - INFO - Produced token: oso
2025-06-19 09:17:35,740 - streaming_ordering_chatbot.api.flows.conversation_flows_SK - INFO - Produced token:  Burger
2025-06-19 09:17:35,791 - streaming_ordering_chatbot.api.flows.conversation_flows_SK - INFO - Produced token:  !
2025-06-19 09:17:35,973 - streaming_ordering_chatbot.api.flows.conversation_flows_SK - INFO - Produced token:  Glad
2025-06-19 09:17:36,025 - streaming_ordering_chatbot.api.flows.conversation_flows_SK - INFO - Produced token:  to
2025-06-19 09:17:36,077 - streaming_ordering_chatbot.api.flows.conversation_flows_SK - INFO - Produced token:  see
2025-06-19 09:17:36,129 - streaming_ordering_chatbot.api.flows.conversation_flows_SK - INFO - Produced token:  you
2025-06-19 09:17:36,181 - streaming_ordering_chatbot.api.flows.conversation_flows_SK - INFO - Produced token:  here
2025-06-19 09:17:36,362 - streaming_ordering_chatbot.api.flows.conversation_flows_SK - INFO - Produced token:  .
2025-06-19 09:17:36,414 - streaming_ordering_chatbot.api.flows.conversation_flows_SK - INFO - Produced token:  I
2025-06-19 09:17:36,465 - streaming_ordering_chatbot.api.flows.conversation_flows_SK - INFO - Produced token:  can
2025-06-19 09:17:36,517 - streaming_ordering_chatbot.api.flows.conversation_flows_SK - INFO - Produced token:  help
2025-06-19 09:17:36,569 - streaming_ordering_chatbot.api.flows.conversation_flows_SK - INFO - Produced token:  with
2025-06-19 09:17:36,754 - streaming_ordering_chatbot.api.flows.conversation_flows_SK - INFO - Produced token:  menu
2025-06-19 09:17:36,806 - streaming_ordering_chatbot.api.flows.conversation_flows_SK - INFO - Produced token:  questions
2025-06-19 09:17:36,859 - streaming_ordering_chatbot.api.flows.conversation_flows_SK - INFO - Produced token:  ,
2025-06-19 09:17:36,911 - streaming_ordering_chatbot.api.flows.conversation_flows_SK - INFO - Produced token:  orders
2025-06-19 09:17:36,964 - streaming_ordering_chatbot.api.flows.conversation_flows_SK - INFO - Produced token:  ,
2025-06-19 09:17:37,144 - streaming_ordering_chatbot.api.flows.conversation_flows_SK - INFO - Produced token:  or
2025-06-19 09:17:37,196 - streaming_ordering_chatbot.api.flows.conversation_flows_SK - INFO - Produced token:  restaurant
2025-06-19 09:17:37,248 - streaming_ordering_chatbot.api.flows.conversation_flows_SK - INFO - Produced token:  info
2025-06-19 09:17:37,300 - streaming_ordering_chatbot.api.flows.conversation_flows_SK - INFO - Produced token:  .
2025-06-19 09:22:40,966 - streaming_ordering_chatbot.api.flows.conversation_flows_SK - INFO - Produced token: Welcome
2025-06-19 09:22:41,408 - streaming_ordering_chatbot.api.flows.conversation_flows_SK - INFO - Produced token:  to
2025-06-19 09:22:41,460 - streaming_ordering_chatbot.api.flows.conversation_flows_SK - INFO - Produced token:  Cont
2025-06-19 09:22:41,513 - streaming_ordering_chatbot.api.flows.conversation_flows_SK - INFO - Produced token: oso
2025-06-19 09:22:41,565 - streaming_ordering_chatbot.api.flows.conversation_flows_SK - INFO - Produced token:  Restaurant
2025-06-19 09:22:41,617 - streaming_ordering_chatbot.api.flows.conversation_flows_SK - INFO - Produced token: !
2025-06-19 09:22:41,807 - streaming_ordering_chatbot.api.flows.conversation_flows_SK - INFO - Produced token:  How
2025-06-19 09:22:41,859 - streaming_ordering_chatbot.api.flows.conversation_flows_SK - INFO - Produced token:  can
2025-06-19 09:22:41,911 - streaming_ordering_chatbot.api.flows.conversation_flows_SK - INFO - Produced token:  I
2025-06-19 09:22:41,963 - streaming_ordering_chatbot.api.flows.conversation_flows_SK - INFO - Produced token:  assist
2025-06-19 09:22:42,014 - streaming_ordering_chatbot.api.flows.conversation_flows_SK - INFO - Produced token:  you
2025-06-19 09:22:42,203 - streaming_ordering_chatbot.api.flows.conversation_flows_SK - INFO - Produced token:  today
2025-06-19 09:22:42,255 - streaming_ordering_chatbot.api.flows.conversation_flows_SK - INFO - Produced token: ?
2025-06-19 09:22:42,307 - streaming_ordering_chatbot.api.flows.conversation_flows_SK - INFO - Produced token:  I
2025-06-19 09:22:42,359 - streaming_ordering_chatbot.api.flows.conversation_flows_SK - INFO - Produced token:  can
2025-06-19 09:22:42,411 - streaming_ordering_chatbot.api.flows.conversation_flows_SK - INFO - Produced token:  answer
2025-06-19 09:22:42,606 - streaming_ordering_chatbot.api.flows.conversation_flows_SK - INFO - Produced token:  questions
2025-06-19 09:22:42,658 - streaming_ordering_chatbot.api.flows.conversation_flows_SK - INFO - Produced token:  about
2025-06-19 09:22:42,710 - streaming_ordering_chatbot.api.flows.conversation_flows_SK - INFO - Produced token:  the
2025-06-19 09:22:42,762 - streaming_ordering_chatbot.api.flows.conversation_flows_SK - INFO - Produced token:  menu
2025-06-19 09:22:42,814 - streaming_ordering_chatbot.api.flows.conversation_flows_SK - INFO - Produced token: ,
2025-06-19 09:22:43,034 - streaming_ordering_chatbot.api.flows.conversation_flows_SK - INFO - Produced token:  take
2025-06-19 09:22:43,085 - streaming_ordering_chatbot.api.flows.conversation_flows_SK - INFO - Produced token:  or
2025-06-19 09:22:43,137 - streaming_ordering_chatbot.api.flows.conversation_flows_SK - INFO - Produced token:  modify
2025-06-19 09:22:43,189 - streaming_ordering_chatbot.api.flows.conversation_flows_SK - INFO - Produced token:  your
2025-06-19 09:22:43,240 - streaming_ordering_chatbot.api.flows.conversation_flows_SK - INFO - Produced token:  order
2025-06-19 09:22:43,425 - streaming_ordering_chatbot.api.flows.conversation_flows_SK - INFO - Produced token: ,
2025-06-19 09:22:43,477 - streaming_ordering_chatbot.api.flows.conversation_flows_SK - INFO - Produced token:  and
2025-06-19 09:22:43,529 - streaming_ordering_chatbot.api.flows.conversation_flows_SK - INFO - Produced token:  provide
2025-06-19 09:22:43,581 - streaming_ordering_chatbot.api.flows.conversation_flows_SK - INFO - Produced token:  information
2025-06-19 09:22:43,633 - streaming_ordering_chatbot.api.flows.conversation_flows_SK - INFO - Produced token:  about
2025-06-19 09:22:43,823 - streaming_ordering_chatbot.api.flows.conversation_flows_SK - INFO - Produced token:  our
2025-06-19 09:22:43,875 - streaming_ordering_chatbot.api.flows.conversation_flows_SK - INFO - Produced token:  restaurant
2025-06-19 09:22:43,927 - streaming_ordering_chatbot.api.flows.conversation_flows_SK - INFO - Produced token: .
2025-06-19 09:24:09,732 - streaming_ordering_chatbot.api.flows.conversation_flows_SK - INFO - Produced token: Summary
2025-06-19 09:24:09,925 - streaming_ordering_chatbot.api.flows.conversation_flows_SK - INFO - Produced token:  of
2025-06-19 09:24:09,977 - streaming_ordering_chatbot.api.flows.conversation_flows_SK - INFO - Produced token:  Interaction
2025-06-19 09:24:10,029 - streaming_ordering_chatbot.api.flows.conversation_flows_SK - INFO - Produced token: :


2025-06-19 09:24:10,081 - streaming_ordering_chatbot.api.flows.conversation_flows_SK - INFO - Produced token: -
2025-06-19 09:24:10,133 - streaming_ordering_chatbot.api.flows.conversation_flows_SK - INFO - Produced token:  **
2025-06-19 09:24:10,318 - streaming_ordering_chatbot.api.flows.conversation_flows_SK - INFO - Produced token: Main
2025-06-19 09:24:10,370 - streaming_ordering_chatbot.api.flows.conversation_flows_SK - INFO - Produced token:  Topic
2025-06-19 09:24:10,421 - streaming_ordering_chatbot.api.flows.conversation_flows_SK - INFO - Produced token: :**
2025-06-19 09:24:10,473 - streaming_ordering_chatbot.api.flows.conversation_flows_SK - INFO - Produced token:  The
2025-06-19 09:24:10,525 - streaming_ordering_chatbot.api.flows.conversation_flows_SK - INFO - Produced token:  user
2025-06-19 09:24:10,705 - streaming_ordering_chatbot.api.flows.conversation_flows_SK - INFO - Produced token:  in
2025-06-19 09:24:10,757 - streaming_ordering_chatbot.api.flows.conversation_flows_SK - INFO - Produced token: quired
2025-06-19 09:24:10,809 - streaming_ordering_chatbot.api.flows.conversation_flows_SK - INFO - Produced token:  about
2025-06-19 09:24:10,861 - streaming_ordering_chatbot.api.flows.conversation_flows_SK - INFO - Produced token:  their
2025-06-19 09:24:10,913 - streaming_ordering_chatbot.api.flows.conversation_flows_SK - INFO - Produced token:  order
2025-06-19 09:24:11,131 - streaming_ordering_chatbot.api.flows.conversation_flows_SK - INFO - Produced token: .

2025-06-19 09:24:11,183 - streaming_ordering_chatbot.api.flows.conversation_flows_SK - INFO - Produced token: -
2025-06-19 09:24:11,236 - streaming_ordering_chatbot.api.flows.conversation_flows_SK - INFO - Produced token:  **
2025-06-19 09:24:11,289 - streaming_ordering_chatbot.api.flows.conversation_flows_SK - INFO - Produced token: Specific
2025-06-19 09:24:11,341 - streaming_ordering_chatbot.api.flows.conversation_flows_SK - INFO - Produced token:  Preferences
2025-06-19 09:24:11,541 - streaming_ordering_chatbot.api.flows.conversation_flows_SK - INFO - Produced token: :**
2025-06-19 09:24:11,593 - streaming_ordering_chatbot.api.flows.conversation_flows_SK - INFO - Produced token:  None
2025-06-19 09:24:11,645 - streaming_ordering_chatbot.api.flows.conversation_flows_SK - INFO - Produced token:  mentioned
2025-06-19 09:24:11,698 - streaming_ordering_chatbot.api.flows.conversation_flows_SK - INFO - Produced token: .

2025-06-19 09:24:11,750 - streaming_ordering_chatbot.api.flows.conversation_flows_SK - INFO - Produced token: -
2025-06-19 09:24:11,935 - streaming_ordering_chatbot.api.flows.conversation_flows_SK - INFO - Produced token:  **
2025-06-19 09:24:11,988 - streaming_ordering_chatbot.api.flows.conversation_flows_SK - INFO - Produced token: Questions
2025-06-19 09:24:12,040 - streaming_ordering_chatbot.api.flows.conversation_flows_SK - INFO - Produced token:  Asked
2025-06-19 09:24:12,092 - streaming_ordering_chatbot.api.flows.conversation_flows_SK - INFO - Produced token: :**
2025-06-19 09:24:12,145 - streaming_ordering_chatbot.api.flows.conversation_flows_SK - INFO - Produced token:  "
2025-06-19 09:24:12,327 - streaming_ordering_chatbot.api.flows.conversation_flows_SK - INFO - Produced token: What
2025-06-19 09:24:12,380 - streaming_ordering_chatbot.api.flows.conversation_flows_SK - INFO - Produced token:  did
2025-06-19 09:24:12,432 - streaming_ordering_chatbot.api.flows.conversation_flows_SK - INFO - Produced token:  I
2025-06-19 09:24:12,484 - streaming_ordering_chatbot.api.flows.conversation_flows_SK - INFO - Produced token:  order
2025-06-19 09:24:12,537 - streaming_ordering_chatbot.api.flows.conversation_flows_SK - INFO - Produced token: ?"

2025-06-19 09:24:12,729 - streaming_ordering_chatbot.api.flows.conversation_flows_SK - INFO - Produced token: -
2025-06-19 09:24:12,781 - streaming_ordering_chatbot.api.flows.conversation_flows_SK - INFO - Produced token:  **
2025-06-19 09:24:12,834 - streaming_ordering_chatbot.api.flows.conversation_flows_SK - INFO - Produced token: Questions
2025-06-19 09:24:12,886 - streaming_ordering_chatbot.api.flows.conversation_flows_SK - INFO - Produced token:  Answer
2025-06-19 09:24:12,938 - streaming_ordering_chatbot.api.flows.conversation_flows_SK - INFO - Produced token: ed
2025-06-19 09:24:13,125 - streaming_ordering_chatbot.api.flows.conversation_flows_SK - INFO - Produced token: :**
2025-06-19 09:24:13,177 - streaming_ordering_chatbot.api.flows.conversation_flows_SK - INFO - Produced token:  No
2025-06-19 09:24:13,229 - streaming_ordering_chatbot.api.flows.conversation_flows_SK - INFO - Produced token:  specific
2025-06-19 09:24:13,281 - streaming_ordering_chatbot.api.flows.conversation_flows_SK - INFO - Produced token:  details
2025-06-19 09:24:13,334 - streaming_ordering_chatbot.api.flows.conversation_flows_SK - INFO - Produced token:  about
2025-06-19 09:24:13,526 - streaming_ordering_chatbot.api.flows.conversation_flows_SK - INFO - Produced token:  the
2025-06-19 09:24:13,577 - streaming_ordering_chatbot.api.flows.conversation_flows_SK - INFO - Produced token:  order
2025-06-19 09:24:13,630 - streaming_ordering_chatbot.api.flows.conversation_flows_SK - INFO - Produced token:  were
2025-06-19 09:24:13,682 - streaming_ordering_chatbot.api.flows.conversation_flows_SK - INFO - Produced token:  provided
2025-06-19 09:24:13,733 - streaming_ordering_chatbot.api.flows.conversation_flows_SK - INFO - Produced token:  in
2025-06-19 09:24:13,932 - streaming_ordering_chatbot.api.flows.conversation_flows_SK - INFO - Produced token:  the
2025-06-19 09:24:13,985 - streaming_ordering_chatbot.api.flows.conversation_flows_SK - INFO - Produced token:  conversation
2025-06-19 09:24:14,037 - streaming_ordering_chatbot.api.flows.conversation_flows_SK - INFO - Produced token: .

2025-06-19 09:24:14,089 - streaming_ordering_chatbot.api.flows.conversation_flows_SK - INFO - Produced token: -
2025-06-19 09:24:14,141 - streaming_ordering_chatbot.api.flows.conversation_flows_SK - INFO - Produced token:  **
2025-06-19 09:24:14,326 - streaming_ordering_chatbot.api.flows.conversation_flows_SK - INFO - Produced token: Next
2025-06-19 09:24:14,378 - streaming_ordering_chatbot.api.flows.conversation_flows_SK - INFO - Produced token:  Steps
2025-06-19 09:24:14,431 - streaming_ordering_chatbot.api.flows.conversation_flows_SK - INFO - Produced token: :**
2025-06-19 09:24:14,483 - streaming_ordering_chatbot.api.flows.conversation_flows_SK - INFO - Produced token:  Clar
2025-06-19 09:24:14,535 - streaming_ordering_chatbot.api.flows.conversation_flows_SK - INFO - Produced token: ify
2025-06-19 09:24:14,753 - streaming_ordering_chatbot.api.flows.conversation_flows_SK - INFO - Produced token:  or
2025-06-19 09:24:14,805 - streaming_ordering_chatbot.api.flows.conversation_flows_SK - INFO - Produced token:  revisit
2025-06-19 09:24:14,857 - streaming_ordering_chatbot.api.flows.conversation_flows_SK - INFO - Produced token:  the
2025-06-19 09:24:14,909 - streaming_ordering_chatbot.api.flows.conversation_flows_SK - INFO - Produced token:  user's
2025-06-19 09:24:14,962 - streaming_ordering_chatbot.api.flows.conversation_flows_SK - INFO - Produced token:  order
2025-06-19 09:24:15,162 - streaming_ordering_chatbot.api.flows.conversation_flows_SK - INFO - Produced token:  details
2025-06-19 09:24:15,215 - streaming_ordering_chatbot.api.flows.conversation_flows_SK - INFO - Produced token:  to
2025-06-19 09:24:15,268 - streaming_ordering_chatbot.api.flows.conversation_flows_SK - INFO - Produced token:  provide
2025-06-19 09:24:15,320 - streaming_ordering_chatbot.api.flows.conversation_flows_SK - INFO - Produced token:  the
2025-06-19 09:24:15,373 - streaming_ordering_chatbot.api.flows.conversation_flows_SK - INFO - Produced token:  requested
2025-06-19 09:24:15,562 - streaming_ordering_chatbot.api.flows.conversation_flows_SK - INFO - Produced token:  information
2025-06-19 09:24:15,614 - streaming_ordering_chatbot.api.flows.conversation_flows_SK - INFO - Produced token: .
2025-06-19 09:33:12,169 - streaming_ordering_chatbot.api.flows.conversation_flows_SK - INFO - Produced token: Welcome
2025-06-19 09:33:12,645 - streaming_ordering_chatbot.api.flows.conversation_flows_SK - INFO - Produced token:  to
2025-06-19 09:33:12,697 - streaming_ordering_chatbot.api.flows.conversation_flows_SK - INFO - Produced token:  Cont
2025-06-19 09:33:12,750 - streaming_ordering_chatbot.api.flows.conversation_flows_SK - INFO - Produced token: oso
2025-06-19 09:33:12,801 - streaming_ordering_chatbot.api.flows.conversation_flows_SK - INFO - Produced token:  Restaurant
2025-06-19 09:33:12,853 - streaming_ordering_chatbot.api.flows.conversation_flows_SK - INFO - Produced token: !
2025-06-19 09:33:13,105 - streaming_ordering_chatbot.api.flows.conversation_flows_SK - INFO - Produced token:  How
2025-06-19 09:33:13,157 - streaming_ordering_chatbot.api.flows.conversation_flows_SK - INFO - Produced token:  can
2025-06-19 09:33:13,209 - streaming_ordering_chatbot.api.flows.conversation_flows_SK - INFO - Produced token:  I
2025-06-19 09:33:13,261 - streaming_ordering_chatbot.api.flows.conversation_flows_SK - INFO - Produced token:  assist
2025-06-19 09:33:13,313 - streaming_ordering_chatbot.api.flows.conversation_flows_SK - INFO - Produced token:  you
2025-06-19 09:33:13,499 - streaming_ordering_chatbot.api.flows.conversation_flows_SK - INFO - Produced token:  today
2025-06-19 09:33:13,551 - streaming_ordering_chatbot.api.flows.conversation_flows_SK - INFO - Produced token: ?
2025-06-19 09:33:13,603 - streaming_ordering_chatbot.api.flows.conversation_flows_SK - INFO - Produced token:  I
2025-06-19 09:33:13,655 - streaming_ordering_chatbot.api.flows.conversation_flows_SK - INFO - Produced token:  can
2025-06-19 09:33:13,709 - streaming_ordering_chatbot.api.flows.conversation_flows_SK - INFO - Produced token:  help
2025-06-19 09:33:13,893 - streaming_ordering_chatbot.api.flows.conversation_flows_SK - INFO - Produced token:  answer
2025-06-19 09:33:13,945 - streaming_ordering_chatbot.api.flows.conversation_flows_SK - INFO - Produced token:  questions
2025-06-19 09:33:13,997 - streaming_ordering_chatbot.api.flows.conversation_flows_SK - INFO - Produced token:  about
2025-06-19 09:33:14,049 - streaming_ordering_chatbot.api.flows.conversation_flows_SK - INFO - Produced token:  our
2025-06-19 09:33:14,101 - streaming_ordering_chatbot.api.flows.conversation_flows_SK - INFO - Produced token:  menu
2025-06-19 09:33:14,289 - streaming_ordering_chatbot.api.flows.conversation_flows_SK - INFO - Produced token: ,
2025-06-19 09:33:14,341 - streaming_ordering_chatbot.api.flows.conversation_flows_SK - INFO - Produced token:  take
2025-06-19 09:33:14,393 - streaming_ordering_chatbot.api.flows.conversation_flows_SK - INFO - Produced token:  or
2025-06-19 09:33:14,446 - streaming_ordering_chatbot.api.flows.conversation_flows_SK - INFO - Produced token:  modify
2025-06-19 09:33:14,498 - streaming_ordering_chatbot.api.flows.conversation_flows_SK - INFO - Produced token:  orders
2025-06-19 09:33:14,689 - streaming_ordering_chatbot.api.flows.conversation_flows_SK - INFO - Produced token: ,
2025-06-19 09:33:14,741 - streaming_ordering_chatbot.api.flows.conversation_flows_SK - INFO - Produced token:  and
2025-06-19 09:33:14,793 - streaming_ordering_chatbot.api.flows.conversation_flows_SK - INFO - Produced token:  provide
2025-06-19 09:33:14,845 - streaming_ordering_chatbot.api.flows.conversation_flows_SK - INFO - Produced token:  information
2025-06-19 09:33:14,897 - streaming_ordering_chatbot.api.flows.conversation_flows_SK - INFO - Produced token:  about
2025-06-19 09:33:15,086 - streaming_ordering_chatbot.api.flows.conversation_flows_SK - INFO - Produced token:  our
2025-06-19 09:33:15,139 - streaming_ordering_chatbot.api.flows.conversation_flows_SK - INFO - Produced token:  restaurant
2025-06-19 09:33:15,191 - streaming_ordering_chatbot.api.flows.conversation_flows_SK - INFO - Produced token: .
2025-06-19 09:56:45,466 - streaming_ordering_chatbot.api.flows.conversation_flows_SK - INFO - Produced token: Great
2025-06-19 09:56:45,932 - streaming_ordering_chatbot.api.flows.conversation_flows_SK - INFO - Produced token: !
2025-06-19 09:56:45,985 - streaming_ordering_chatbot.api.flows.conversation_flows_SK - INFO - Produced token:  Let
2025-06-19 09:56:46,037 - streaming_ordering_chatbot.api.flows.conversation_flows_SK - INFO - Produced token: ’s
2025-06-19 09:56:46,090 - streaming_ordering_chatbot.api.flows.conversation_flows_SK - INFO - Produced token:  get
2025-06-19 09:56:46,142 - streaming_ordering_chatbot.api.flows.conversation_flows_SK - INFO - Produced token:  started
2025-06-19 09:56:46,323 - streaming_ordering_chatbot.api.flows.conversation_flows_SK - INFO - Produced token:  with
2025-06-19 09:56:46,376 - streaming_ordering_chatbot.api.flows.conversation_flows_SK - INFO - Produced token:  your
2025-06-19 09:56:46,428 - streaming_ordering_chatbot.api.flows.conversation_flows_SK - INFO - Produced token:  order
2025-06-19 09:56:46,481 - streaming_ordering_chatbot.api.flows.conversation_flows_SK - INFO - Produced token: .
2025-06-19 09:56:46,533 - streaming_ordering_chatbot.api.flows.conversation_flows_SK - INFO - Produced token:  What
2025-06-19 09:56:46,714 - streaming_ordering_chatbot.api.flows.conversation_flows_SK - INFO - Produced token:  would
2025-06-19 09:56:46,766 - streaming_ordering_chatbot.api.flows.conversation_flows_SK - INFO - Produced token:  you
2025-06-19 09:56:46,818 - streaming_ordering_chatbot.api.flows.conversation_flows_SK - INFO - Produced token:  like
2025-06-19 09:56:46,870 - streaming_ordering_chatbot.api.flows.conversation_flows_SK - INFO - Produced token:  to
2025-06-19 09:56:46,922 - streaming_ordering_chatbot.api.flows.conversation_flows_SK - INFO - Produced token:  have
2025-06-19 09:56:47,115 - streaming_ordering_chatbot.api.flows.conversation_flows_SK - INFO - Produced token:  today
2025-06-19 09:56:47,168 - streaming_ordering_chatbot.api.flows.conversation_flows_SK - INFO - Produced token: ?
2025-06-19 09:56:56,727 - streaming_ordering_chatbot.api.flows.conversation_flows_SK - INFO - Produced token: I'm
2025-06-19 09:56:56,918 - streaming_ordering_chatbot.api.flows.conversation_flows_SK - INFO - Produced token:  sorry
2025-06-19 09:56:56,970 - streaming_ordering_chatbot.api.flows.conversation_flows_SK - INFO - Produced token: ,
2025-06-19 09:56:57,023 - streaming_ordering_chatbot.api.flows.conversation_flows_SK - INFO - Produced token:  but
2025-06-19 09:56:57,076 - streaming_ordering_chatbot.api.flows.conversation_flows_SK - INFO - Produced token:  we
2025-06-19 09:56:57,128 - streaming_ordering_chatbot.api.flows.conversation_flows_SK - INFO - Produced token:  don't
2025-06-19 09:56:57,321 - streaming_ordering_chatbot.api.flows.conversation_flows_SK - INFO - Produced token:  have
2025-06-19 09:56:57,373 - streaming_ordering_chatbot.api.flows.conversation_flows_SK - INFO - Produced token:  salads
2025-06-19 09:56:57,426 - streaming_ordering_chatbot.api.flows.conversation_flows_SK - INFO - Produced token:  on
2025-06-19 09:56:57,478 - streaming_ordering_chatbot.api.flows.conversation_flows_SK - INFO - Produced token:  our
2025-06-19 09:56:57,530 - streaming_ordering_chatbot.api.flows.conversation_flows_SK - INFO - Produced token:  menu
2025-06-19 09:56:57,712 - streaming_ordering_chatbot.api.flows.conversation_flows_SK - INFO - Produced token: .
2025-06-19 09:56:57,764 - streaming_ordering_chatbot.api.flows.conversation_flows_SK - INFO - Produced token:  However
2025-06-19 09:56:57,816 - streaming_ordering_chatbot.api.flows.conversation_flows_SK - INFO - Produced token: ,
2025-06-19 09:56:57,869 - streaming_ordering_chatbot.api.flows.conversation_flows_SK - INFO - Produced token:  we
2025-06-19 09:56:57,921 - streaming_ordering_chatbot.api.flows.conversation_flows_SK - INFO - Produced token:  do
2025-06-19 09:56:58,106 - streaming_ordering_chatbot.api.flows.conversation_flows_SK - INFO - Produced token:  have
2025-06-19 09:56:58,158 - streaming_ordering_chatbot.api.flows.conversation_flows_SK - INFO - Produced token:  a
2025-06-19 09:56:58,211 - streaming_ordering_chatbot.api.flows.conversation_flows_SK - INFO - Produced token:  selection
2025-06-19 09:56:58,264 - streaming_ordering_chatbot.api.flows.conversation_flows_SK - INFO - Produced token:  of
2025-06-19 09:56:58,335 - streaming_ordering_chatbot.api.flows.conversation_flows_SK - INFO - Produced token:  burgers
2025-06-19 09:56:58,518 - streaming_ordering_chatbot.api.flows.conversation_flows_SK - INFO - Produced token: ,
2025-06-19 09:56:58,570 - streaming_ordering_chatbot.api.flows.conversation_flows_SK - INFO - Produced token:  fries
2025-06-19 09:56:58,623 - streaming_ordering_chatbot.api.flows.conversation_flows_SK - INFO - Produced token: ,
2025-06-19 09:56:58,675 - streaming_ordering_chatbot.api.flows.conversation_flows_SK - INFO - Produced token:  and
2025-06-19 09:56:58,727 - streaming_ordering_chatbot.api.flows.conversation_flows_SK - INFO - Produced token:  drinks
2025-06-19 09:56:58,917 - streaming_ordering_chatbot.api.flows.conversation_flows_SK - INFO - Produced token: .
2025-06-19 09:56:58,969 - streaming_ordering_chatbot.api.flows.conversation_flows_SK - INFO - Produced token:  Would
2025-06-19 09:56:59,047 - streaming_ordering_chatbot.api.flows.conversation_flows_SK - INFO - Produced token:  you
2025-06-19 09:56:59,099 - streaming_ordering_chatbot.api.flows.conversation_flows_SK - INFO - Produced token:  like
2025-06-19 09:56:59,152 - streaming_ordering_chatbot.api.flows.conversation_flows_SK - INFO - Produced token:  to
2025-06-19 09:56:59,333 - streaming_ordering_chatbot.api.flows.conversation_flows_SK - INFO - Produced token:  try
2025-06-19 09:56:59,385 - streaming_ordering_chatbot.api.flows.conversation_flows_SK - INFO - Produced token:  one
2025-06-19 09:56:59,437 - streaming_ordering_chatbot.api.flows.conversation_flows_SK - INFO - Produced token:  of
2025-06-19 09:56:59,490 - streaming_ordering_chatbot.api.flows.conversation_flows_SK - INFO - Produced token:  those
2025-06-19 09:56:59,543 - streaming_ordering_chatbot.api.flows.conversation_flows_SK - INFO - Produced token: ?
2025-06-19 09:56:59,728 - streaming_ordering_chatbot.api.flows.conversation_flows_SK - INFO - Produced token:  Let
2025-06-19 09:56:59,781 - streaming_ordering_chatbot.api.flows.conversation_flows_SK - INFO - Produced token:  me
2025-06-19 09:56:59,833 - streaming_ordering_chatbot.api.flows.conversation_flows_SK - INFO - Produced token:  know
2025-06-19 09:56:59,885 - streaming_ordering_chatbot.api.flows.conversation_flows_SK - INFO - Produced token:  what
2025-06-19 09:56:59,937 - streaming_ordering_chatbot.api.flows.conversation_flows_SK - INFO - Produced token:  you'd
2025-06-19 09:57:00,121 - streaming_ordering_chatbot.api.flows.conversation_flows_SK - INFO - Produced token:  like
2025-06-19 09:57:00,174 - streaming_ordering_chatbot.api.flows.conversation_flows_SK - INFO - Produced token: !
2025-06-19 09:57:37,181 - streaming_ordering_chatbot.api.flows.conversation_flows_SK - INFO - Produced token: Sure
2025-06-19 09:57:37,365 - streaming_ordering_chatbot.api.flows.conversation_flows_SK - INFO - Produced token: !
2025-06-19 09:57:37,417 - streaming_ordering_chatbot.api.flows.conversation_flows_SK - INFO - Produced token:  What
2025-06-19 09:57:37,469 - streaming_ordering_chatbot.api.flows.conversation_flows_SK - INFO - Produced token:  size
2025-06-19 09:57:37,521 - streaming_ordering_chatbot.api.flows.conversation_flows_SK - INFO - Produced token:  would
2025-06-19 09:57:37,574 - streaming_ordering_chatbot.api.flows.conversation_flows_SK - INFO - Produced token:  you
2025-06-19 09:57:37,763 - streaming_ordering_chatbot.api.flows.conversation_flows_SK - INFO - Produced token:  like
2025-06-19 09:57:37,816 - streaming_ordering_chatbot.api.flows.conversation_flows_SK - INFO - Produced token:  for
2025-06-19 09:57:37,868 - streaming_ordering_chatbot.api.flows.conversation_flows_SK - INFO - Produced token:  your
2025-06-19 09:57:37,920 - streaming_ordering_chatbot.api.flows.conversation_flows_SK - INFO - Produced token:  fries
2025-06-19 09:57:37,972 - streaming_ordering_chatbot.api.flows.conversation_flows_SK - INFO - Produced token: —
2025-06-19 09:57:38,165 - streaming_ordering_chatbot.api.flows.conversation_flows_SK - INFO - Produced token: small
2025-06-19 09:57:38,217 - streaming_ordering_chatbot.api.flows.conversation_flows_SK - INFO - Produced token: ,
2025-06-19 09:57:38,269 - streaming_ordering_chatbot.api.flows.conversation_flows_SK - INFO - Produced token:  medium
2025-06-19 09:57:38,321 - streaming_ordering_chatbot.api.flows.conversation_flows_SK - INFO - Produced token: ,
2025-06-19 09:57:38,373 - streaming_ordering_chatbot.api.flows.conversation_flows_SK - INFO - Produced token:  or
2025-06-19 09:57:38,559 - streaming_ordering_chatbot.api.flows.conversation_flows_SK - INFO - Produced token:  large
2025-06-19 09:57:38,612 - streaming_ordering_chatbot.api.flows.conversation_flows_SK - INFO - Produced token: ?
2025-06-19 09:57:38,664 - streaming_ordering_chatbot.api.flows.conversation_flows_SK - INFO - Produced token:  It
2025-06-19 09:57:38,717 - streaming_ordering_chatbot.api.flows.conversation_flows_SK - INFO - Produced token:  defaults
2025-06-19 09:57:38,769 - streaming_ordering_chatbot.api.flows.conversation_flows_SK - INFO - Produced token:  to
2025-06-19 09:57:38,951 - streaming_ordering_chatbot.api.flows.conversation_flows_SK - INFO - Produced token:  medium
2025-06-19 09:57:39,003 - streaming_ordering_chatbot.api.flows.conversation_flows_SK - INFO - Produced token:  if
2025-06-19 09:57:39,055 - streaming_ordering_chatbot.api.flows.conversation_flows_SK - INFO - Produced token:  you
2025-06-19 09:57:39,106 - streaming_ordering_chatbot.api.flows.conversation_flows_SK - INFO - Produced token:  don't
2025-06-19 09:57:39,158 - streaming_ordering_chatbot.api.flows.conversation_flows_SK - INFO - Produced token:  have
2025-06-19 09:57:39,338 - streaming_ordering_chatbot.api.flows.conversation_flows_SK - INFO - Produced token:  a
2025-06-19 09:57:39,391 - streaming_ordering_chatbot.api.flows.conversation_flows_SK - INFO - Produced token:  preference
2025-06-19 09:57:39,444 - streaming_ordering_chatbot.api.flows.conversation_flows_SK - INFO - Produced token: .
2025-06-19 09:57:39,496 - streaming_ordering_chatbot.api.flows.conversation_flows_SK - INFO - Produced token:  And
2025-06-19 09:57:39,549 - streaming_ordering_chatbot.api.flows.conversation_flows_SK - INFO - Produced token:  would
2025-06-19 09:57:39,732 - streaming_ordering_chatbot.api.flows.conversation_flows_SK - INFO - Produced token:  you
2025-06-19 09:57:39,784 - streaming_ordering_chatbot.api.flows.conversation_flows_SK - INFO - Produced token:  like
2025-06-19 09:57:39,836 - streaming_ordering_chatbot.api.flows.conversation_flows_SK - INFO - Produced token:  regular
2025-06-19 09:57:39,889 - streaming_ordering_chatbot.api.flows.conversation_flows_SK - INFO - Produced token:  salt
2025-06-19 09:57:39,941 - streaming_ordering_chatbot.api.flows.conversation_flows_SK - INFO - Produced token:  or
2025-06-19 09:57:40,122 - streaming_ordering_chatbot.api.flows.conversation_flows_SK - INFO - Produced token:  no
2025-06-19 09:57:40,174 - streaming_ordering_chatbot.api.flows.conversation_flows_SK - INFO - Produced token:  salt
2025-06-19 09:57:40,227 - streaming_ordering_chatbot.api.flows.conversation_flows_SK - INFO - Produced token: ?
2025-06-19 09:58:04,821 - streaming_ordering_chatbot.api.flows.conversation_flows_SK - INFO - Produced token: Got
2025-06-19 09:58:05,005 - streaming_ordering_chatbot.api.flows.conversation_flows_SK - INFO - Produced token:  it
2025-06-19 09:58:05,056 - streaming_ordering_chatbot.api.flows.conversation_flows_SK - INFO - Produced token: !
2025-06-19 09:58:05,108 - streaming_ordering_chatbot.api.flows.conversation_flows_SK - INFO - Produced token:  Adding
2025-06-19 09:58:05,159 - streaming_ordering_chatbot.api.flows.conversation_flows_SK - INFO - Produced token:  medium
2025-06-19 09:58:05,211 - streaming_ordering_chatbot.api.flows.conversation_flows_SK - INFO - Produced token:  fries
2025-06-19 09:58:05,394 - streaming_ordering_chatbot.api.flows.conversation_flows_SK - INFO - Produced token:  with
2025-06-19 09:58:05,447 - streaming_ordering_chatbot.api.flows.conversation_flows_SK - INFO - Produced token:  no
2025-06-19 09:58:05,499 - streaming_ordering_chatbot.api.flows.conversation_flows_SK - INFO - Produced token:  salt
2025-06-19 09:58:05,550 - streaming_ordering_chatbot.api.flows.conversation_flows_SK - INFO - Produced token:  to
2025-06-19 09:58:05,602 - streaming_ordering_chatbot.api.flows.conversation_flows_SK - INFO - Produced token:  your
2025-06-19 09:58:05,786 - streaming_ordering_chatbot.api.flows.conversation_flows_SK - INFO - Produced token:  order
2025-06-19 09:58:05,837 - streaming_ordering_chatbot.api.flows.conversation_flows_SK - INFO - Produced token: .
2025-06-19 09:58:05,889 - streaming_ordering_chatbot.api.flows.conversation_flows_SK - INFO - Produced token:  Would
2025-06-19 09:58:05,941 - streaming_ordering_chatbot.api.flows.conversation_flows_SK - INFO - Produced token:  you
2025-06-19 09:58:05,993 - streaming_ordering_chatbot.api.flows.conversation_flows_SK - INFO - Produced token:  like
2025-06-19 09:58:06,184 - streaming_ordering_chatbot.api.flows.conversation_flows_SK - INFO - Produced token:  anything
2025-06-19 09:58:06,236 - streaming_ordering_chatbot.api.flows.conversation_flows_SK - INFO - Produced token:  else
2025-06-19 09:58:06,288 - streaming_ordering_chatbot.api.flows.conversation_flows_SK - INFO - Produced token: ,
2025-06-19 09:58:06,340 - streaming_ordering_chatbot.api.flows.conversation_flows_SK - INFO - Produced token:  like
2025-06-19 09:58:06,392 - streaming_ordering_chatbot.api.flows.conversation_flows_SK - INFO - Produced token:  a
2025-06-19 09:58:06,583 - streaming_ordering_chatbot.api.flows.conversation_flows_SK - INFO - Produced token:  burger
2025-06-19 09:58:06,635 - streaming_ordering_chatbot.api.flows.conversation_flows_SK - INFO - Produced token:  or
2025-06-19 09:58:06,687 - streaming_ordering_chatbot.api.flows.conversation_flows_SK - INFO - Produced token:  a
2025-06-19 09:58:06,739 - streaming_ordering_chatbot.api.flows.conversation_flows_SK - INFO - Produced token:  drink
2025-06-19 09:58:06,792 - streaming_ordering_chatbot.api.flows.conversation_flows_SK - INFO - Produced token: ?
2025-06-19 09:58:06,977 - streaming_ordering_chatbot.api.flows.conversation_flows_SK - INFO - Produced token:  😊
2025-06-19 09:58:24,350 - streaming_ordering_chatbot.api.flows.conversation_flows_SK - INFO - Produced token: We
2025-06-19 09:58:24,538 - streaming_ordering_chatbot.api.flows.conversation_flows_SK - INFO - Produced token:  don
2025-06-19 09:58:24,590 - streaming_ordering_chatbot.api.flows.conversation_flows_SK - INFO - Produced token: ’t
2025-06-19 09:58:24,642 - streaming_ordering_chatbot.api.flows.conversation_flows_SK - INFO - Produced token:  have
2025-06-19 09:58:24,695 - streaming_ordering_chatbot.api.flows.conversation_flows_SK - INFO - Produced token:  Pepsi
2025-06-19 09:58:24,747 - streaming_ordering_chatbot.api.flows.conversation_flows_SK - INFO - Produced token:  on
2025-06-19 09:58:24,926 - streaming_ordering_chatbot.api.flows.conversation_flows_SK - INFO - Produced token:  our
2025-06-19 09:58:24,979 - streaming_ordering_chatbot.api.flows.conversation_flows_SK - INFO - Produced token:  menu
2025-06-19 09:58:25,031 - streaming_ordering_chatbot.api.flows.conversation_flows_SK - INFO - Produced token: ,
2025-06-19 09:58:25,084 - streaming_ordering_chatbot.api.flows.conversation_flows_SK - INFO - Produced token:  but
2025-06-19 09:58:25,136 - streaming_ordering_chatbot.api.flows.conversation_flows_SK - INFO - Produced token:  we
2025-06-19 09:58:25,320 - streaming_ordering_chatbot.api.flows.conversation_flows_SK - INFO - Produced token:  do
2025-06-19 09:58:25,373 - streaming_ordering_chatbot.api.flows.conversation_flows_SK - INFO - Produced token:  have
2025-06-19 09:58:25,424 - streaming_ordering_chatbot.api.flows.conversation_flows_SK - INFO - Produced token:  Cola
2025-06-19 09:58:25,476 - streaming_ordering_chatbot.api.flows.conversation_flows_SK - INFO - Produced token: ,
2025-06-19 09:58:25,528 - streaming_ordering_chatbot.api.flows.conversation_flows_SK - INFO - Produced token:  Diet
2025-06-19 09:58:25,713 - streaming_ordering_chatbot.api.flows.conversation_flows_SK - INFO - Produced token:  Cola
2025-06-19 09:58:25,765 - streaming_ordering_chatbot.api.flows.conversation_flows_SK - INFO - Produced token: ,
2025-06-19 09:58:25,818 - streaming_ordering_chatbot.api.flows.conversation_flows_SK - INFO - Produced token:  Lemon
2025-06-19 09:58:25,870 - streaming_ordering_chatbot.api.flows.conversation_flows_SK - INFO - Produced token: -L
2025-06-19 09:58:25,922 - streaming_ordering_chatbot.api.flows.conversation_flows_SK - INFO - Produced token: ime
2025-06-19 09:58:26,110 - streaming_ordering_chatbot.api.flows.conversation_flows_SK - INFO - Produced token: ,
2025-06-19 09:58:26,161 - streaming_ordering_chatbot.api.flows.conversation_flows_SK - INFO - Produced token:  and
2025-06-19 09:58:26,213 - streaming_ordering_chatbot.api.flows.conversation_flows_SK - INFO - Produced token:  Root
2025-06-19 09:58:26,266 - streaming_ordering_chatbot.api.flows.conversation_flows_SK - INFO - Produced token:  Beer
2025-06-19 09:58:26,318 - streaming_ordering_chatbot.api.flows.conversation_flows_SK - INFO - Produced token: .
2025-06-19 09:58:26,501 - streaming_ordering_chatbot.api.flows.conversation_flows_SK - INFO - Produced token:  Which
2025-06-19 09:58:26,554 - streaming_ordering_chatbot.api.flows.conversation_flows_SK - INFO - Produced token:  one
2025-06-19 09:58:26,606 - streaming_ordering_chatbot.api.flows.conversation_flows_SK - INFO - Produced token:  would
2025-06-19 09:58:26,658 - streaming_ordering_chatbot.api.flows.conversation_flows_SK - INFO - Produced token:  you
2025-06-19 09:58:26,710 - streaming_ordering_chatbot.api.flows.conversation_flows_SK - INFO - Produced token:  like
2025-06-19 09:58:26,893 - streaming_ordering_chatbot.api.flows.conversation_flows_SK - INFO - Produced token: ?
2025-06-19 09:58:26,946 - streaming_ordering_chatbot.api.flows.conversation_flows_SK - INFO - Produced token:  😊
2025-06-19 09:58:44,136 - streaming_ordering_chatbot.api.flows.conversation_flows_SK - INFO - Produced token: Got
2025-06-19 09:58:44,324 - streaming_ordering_chatbot.api.flows.conversation_flows_SK - INFO - Produced token:  it
2025-06-19 09:58:44,377 - streaming_ordering_chatbot.api.flows.conversation_flows_SK - INFO - Produced token: !
2025-06-19 09:58:44,429 - streaming_ordering_chatbot.api.flows.conversation_flows_SK - INFO - Produced token:  Adding
2025-06-19 09:58:44,481 - streaming_ordering_chatbot.api.flows.conversation_flows_SK - INFO - Produced token:  a
2025-06-19 09:58:44,533 - streaming_ordering_chatbot.api.flows.conversation_flows_SK - INFO - Produced token:  medium
2025-06-19 09:58:44,761 - streaming_ordering_chatbot.api.flows.conversation_flows_SK - INFO - Produced token:  Root
2025-06-19 09:58:44,813 - streaming_ordering_chatbot.api.flows.conversation_flows_SK - INFO - Produced token:  Beer
2025-06-19 09:58:44,866 - streaming_ordering_chatbot.api.flows.conversation_flows_SK - INFO - Produced token:  to
2025-06-19 09:58:44,918 - streaming_ordering_chatbot.api.flows.conversation_flows_SK - INFO - Produced token:  your
2025-06-19 09:58:44,969 - streaming_ordering_chatbot.api.flows.conversation_flows_SK - INFO - Produced token:  order
2025-06-19 09:58:45,153 - streaming_ordering_chatbot.api.flows.conversation_flows_SK - INFO - Produced token: .


2025-06-19 09:58:45,206 - streaming_ordering_chatbot.api.flows.conversation_flows_SK - INFO - Produced token: Here
2025-06-19 09:58:45,259 - streaming_ordering_chatbot.api.flows.conversation_flows_SK - INFO - Produced token: ’s
2025-06-19 09:58:45,311 - streaming_ordering_chatbot.api.flows.conversation_flows_SK - INFO - Produced token:  your
2025-06-19 09:58:45,364 - streaming_ordering_chatbot.api.flows.conversation_flows_SK - INFO - Produced token:  current
2025-06-19 09:58:45,555 - streaming_ordering_chatbot.api.flows.conversation_flows_SK - INFO - Produced token:  order
2025-06-19 09:58:45,607 - streaming_ordering_chatbot.api.flows.conversation_flows_SK - INFO - Produced token: :

2025-06-19 09:58:45,659 - streaming_ordering_chatbot.api.flows.conversation_flows_SK - INFO - Produced token: -
2025-06-19 09:58:45,711 - streaming_ordering_chatbot.api.flows.conversation_flows_SK - INFO - Produced token:  Medium
2025-06-19 09:58:45,764 - streaming_ordering_chatbot.api.flows.conversation_flows_SK - INFO - Produced token:  Fries
2025-06-19 09:58:45,952 - streaming_ordering_chatbot.api.flows.conversation_flows_SK - INFO - Produced token:  (
2025-06-19 09:58:46,004 - streaming_ordering_chatbot.api.flows.conversation_flows_SK - INFO - Produced token: No
2025-06-19 09:58:46,056 - streaming_ordering_chatbot.api.flows.conversation_flows_SK - INFO - Produced token:  Salt
2025-06-19 09:58:46,108 - streaming_ordering_chatbot.api.flows.conversation_flows_SK - INFO - Produced token: )
2025-06-19 09:58:46,160 - streaming_ordering_chatbot.api.flows.conversation_flows_SK - INFO - Produced token:   

2025-06-19 09:58:46,213 - streaming_ordering_chatbot.api.flows.conversation_flows_SK - INFO - Produced token: -
2025-06-19 09:58:46,265 - streaming_ordering_chatbot.api.flows.conversation_flows_SK - INFO - Produced token:  Medium
2025-06-19 09:58:46,318 - streaming_ordering_chatbot.api.flows.conversation_flows_SK - INFO - Produced token:  Root
2025-06-19 09:58:46,370 - streaming_ordering_chatbot.api.flows.conversation_flows_SK - INFO - Produced token:  Beer
2025-06-19 09:58:46,422 - streaming_ordering_chatbot.api.flows.conversation_flows_SK - INFO - Produced token:   


2025-06-19 09:58:46,474 - streaming_ordering_chatbot.api.flows.conversation_flows_SK - INFO - Produced token: Would
2025-06-19 09:58:46,526 - streaming_ordering_chatbot.api.flows.conversation_flows_SK - INFO - Produced token:  you
2025-06-19 09:58:46,579 - streaming_ordering_chatbot.api.flows.conversation_flows_SK - INFO - Produced token:  like
2025-06-19 09:58:46,631 - streaming_ordering_chatbot.api.flows.conversation_flows_SK - INFO - Produced token:  to
2025-06-19 09:58:46,684 - streaming_ordering_chatbot.api.flows.conversation_flows_SK - INFO - Produced token:  add
2025-06-19 09:58:46,863 - streaming_ordering_chatbot.api.flows.conversation_flows_SK - INFO - Produced token:  a
2025-06-19 09:58:46,915 - streaming_ordering_chatbot.api.flows.conversation_flows_SK - INFO - Produced token:  burger
2025-06-19 09:58:46,968 - streaming_ordering_chatbot.api.flows.conversation_flows_SK - INFO - Produced token:  or
2025-06-19 09:58:47,020 - streaming_ordering_chatbot.api.flows.conversation_flows_SK - INFO - Produced token:  anything
2025-06-19 09:58:47,071 - streaming_ordering_chatbot.api.flows.conversation_flows_SK - INFO - Produced token:  else
2025-06-19 09:58:47,256 - streaming_ordering_chatbot.api.flows.conversation_flows_SK - INFO - Produced token: ?
2025-06-19 09:58:47,308 - streaming_ordering_chatbot.api.flows.conversation_flows_SK - INFO - Produced token:  😊
2025-06-19 09:59:05,646 - streaming_ordering_chatbot.api.flows.conversation_flows_SK - INFO - Produced token: Thank
2025-06-19 09:59:05,841 - streaming_ordering_chatbot.api.flows.conversation_flows_SK - INFO - Produced token:  you
2025-06-19 09:59:05,893 - streaming_ordering_chatbot.api.flows.conversation_flows_SK - INFO - Produced token:  for
2025-06-19 09:59:05,945 - streaming_ordering_chatbot.api.flows.conversation_flows_SK - INFO - Produced token:  your
2025-06-19 09:59:05,996 - streaming_ordering_chatbot.api.flows.conversation_flows_SK - INFO - Produced token:  order
2025-06-19 09:59:06,048 - streaming_ordering_chatbot.api.flows.conversation_flows_SK - INFO - Produced token: !
2025-06-19 09:59:06,242 - streaming_ordering_chatbot.api.flows.conversation_flows_SK - INFO - Produced token:  Here's
2025-06-19 09:59:06,295 - streaming_ordering_chatbot.api.flows.conversation_flows_SK - INFO - Produced token:  a
2025-06-19 09:59:06,347 - streaming_ordering_chatbot.api.flows.conversation_flows_SK - INFO - Produced token:  summary
2025-06-19 09:59:06,400 - streaming_ordering_chatbot.api.flows.conversation_flows_SK - INFO - Produced token:  of
2025-06-19 09:59:06,453 - streaming_ordering_chatbot.api.flows.conversation_flows_SK - INFO - Produced token:  what
2025-06-19 09:59:06,637 - streaming_ordering_chatbot.api.flows.conversation_flows_SK - INFO - Produced token:  you
2025-06-19 09:59:06,690 - streaming_ordering_chatbot.api.flows.conversation_flows_SK - INFO - Produced token:  have
2025-06-19 09:59:06,743 - streaming_ordering_chatbot.api.flows.conversation_flows_SK - INFO - Produced token: :
2025-06-19 09:59:06,794 - streaming_ordering_chatbot.api.flows.conversation_flows_SK - INFO - Produced token:   

2025-06-19 09:59:06,847 - streaming_ordering_chatbot.api.flows.conversation_flows_SK - INFO - Produced token: -
2025-06-19 09:59:07,044 - streaming_ordering_chatbot.api.flows.conversation_flows_SK - INFO - Produced token:  **
2025-06-19 09:59:07,096 - streaming_ordering_chatbot.api.flows.conversation_flows_SK - INFO - Produced token: Medium
2025-06-19 09:59:07,149 - streaming_ordering_chatbot.api.flows.conversation_flows_SK - INFO - Produced token:  Fries
2025-06-19 09:59:07,202 - streaming_ordering_chatbot.api.flows.conversation_flows_SK - INFO - Produced token:  (
2025-06-19 09:59:07,254 - streaming_ordering_chatbot.api.flows.conversation_flows_SK - INFO - Produced token: No
2025-06-19 09:59:07,434 - streaming_ordering_chatbot.api.flows.conversation_flows_SK - INFO - Produced token:  Salt
2025-06-19 09:59:07,486 - streaming_ordering_chatbot.api.flows.conversation_flows_SK - INFO - Produced token: )**
2025-06-19 09:59:07,538 - streaming_ordering_chatbot.api.flows.conversation_flows_SK - INFO - Produced token:   

2025-06-19 09:59:07,591 - streaming_ordering_chatbot.api.flows.conversation_flows_SK - INFO - Produced token: -
2025-06-19 09:59:07,643 - streaming_ordering_chatbot.api.flows.conversation_flows_SK - INFO - Produced token:  **
2025-06-19 09:59:07,942 - streaming_ordering_chatbot.api.flows.conversation_flows_SK - INFO - Produced token: Medium
2025-06-19 09:59:07,994 - streaming_ordering_chatbot.api.flows.conversation_flows_SK - INFO - Produced token:  Root
2025-06-19 09:59:08,046 - streaming_ordering_chatbot.api.flows.conversation_flows_SK - INFO - Produced token:  Beer
2025-06-19 09:59:08,099 - streaming_ordering_chatbot.api.flows.conversation_flows_SK - INFO - Produced token: **


2025-06-19 09:59:08,151 - streaming_ordering_chatbot.api.flows.conversation_flows_SK - INFO - Produced token: Your
2025-06-19 09:59:08,338 - streaming_ordering_chatbot.api.flows.conversation_flows_SK - INFO - Produced token:  order
2025-06-19 09:59:08,390 - streaming_ordering_chatbot.api.flows.conversation_flows_SK - INFO - Produced token:  is
2025-06-19 09:59:08,442 - streaming_ordering_chatbot.api.flows.conversation_flows_SK - INFO - Produced token:  all
2025-06-19 09:59:08,494 - streaming_ordering_chatbot.api.flows.conversation_flows_SK - INFO - Produced token:  set
2025-06-19 09:59:08,546 - streaming_ordering_chatbot.api.flows.conversation_flows_SK - INFO - Produced token: !
2025-06-19 09:59:08,831 - streaming_ordering_chatbot.api.flows.conversation_flows_SK - INFO - Produced token:  😊
2025-06-19 09:59:08,884 - streaming_ordering_chatbot.api.flows.conversation_flows_SK - INFO - Produced token:  If
2025-06-19 09:59:08,936 - streaming_ordering_chatbot.api.flows.conversation_flows_SK - INFO - Produced token:  you
2025-06-19 09:59:08,989 - streaming_ordering_chatbot.api.flows.conversation_flows_SK - INFO - Produced token:  have
2025-06-19 09:59:09,041 - streaming_ordering_chatbot.api.flows.conversation_flows_SK - INFO - Produced token:  any
2025-06-19 09:59:09,231 - streaming_ordering_chatbot.api.flows.conversation_flows_SK - INFO - Produced token:  questions
2025-06-19 09:59:09,284 - streaming_ordering_chatbot.api.flows.conversation_flows_SK - INFO - Produced token:  or
2025-06-19 09:59:09,336 - streaming_ordering_chatbot.api.flows.conversation_flows_SK - INFO - Produced token:  changes
2025-06-19 09:59:09,388 - streaming_ordering_chatbot.api.flows.conversation_flows_SK - INFO - Produced token: ,
2025-06-19 09:59:09,440 - streaming_ordering_chatbot.api.flows.conversation_flows_SK - INFO - Produced token:  feel
2025-06-19 09:59:09,622 - streaming_ordering_chatbot.api.flows.conversation_flows_SK - INFO - Produced token:  free
2025-06-19 09:59:09,674 - streaming_ordering_chatbot.api.flows.conversation_flows_SK - INFO - Produced token:  to
2025-06-19 09:59:09,726 - streaming_ordering_chatbot.api.flows.conversation_flows_SK - INFO - Produced token:  ask
2025-06-19 09:59:09,778 - streaming_ordering_chatbot.api.flows.conversation_flows_SK - INFO - Produced token: .
2025-06-19 09:59:09,831 - streaming_ordering_chatbot.api.flows.conversation_flows_SK - INFO - Produced token:  Have
2025-06-19 09:59:10,022 - streaming_ordering_chatbot.api.flows.conversation_flows_SK - INFO - Produced token:  a
2025-06-19 09:59:10,074 - streaming_ordering_chatbot.api.flows.conversation_flows_SK - INFO - Produced token:  great
2025-06-19 09:59:10,126 - streaming_ordering_chatbot.api.flows.conversation_flows_SK - INFO - Produced token:  day
2025-06-19 09:59:10,178 - streaming_ordering_chatbot.api.flows.conversation_flows_SK - INFO - Produced token: !
2025-06-19 09:59:34,875 - streaming_ordering_chatbot.api.flows.conversation_flows_SK - INFO - Produced token: You're
2025-06-19 09:59:35,058 - streaming_ordering_chatbot.api.flows.conversation_flows_SK - INFO - Produced token:  welcome
2025-06-19 09:59:35,111 - streaming_ordering_chatbot.api.flows.conversation_flows_SK - INFO - Produced token: !
2025-06-19 09:59:35,163 - streaming_ordering_chatbot.api.flows.conversation_flows_SK - INFO - Produced token:  Enjoy
2025-06-19 09:59:35,215 - streaming_ordering_chatbot.api.flows.conversation_flows_SK - INFO - Produced token:  your
2025-06-19 09:59:35,268 - streaming_ordering_chatbot.api.flows.conversation_flows_SK - INFO - Produced token:  meal
2025-06-19 09:59:35,452 - streaming_ordering_chatbot.api.flows.conversation_flows_SK - INFO - Produced token: ,
2025-06-19 09:59:35,504 - streaming_ordering_chatbot.api.flows.conversation_flows_SK - INFO - Produced token:  and
2025-06-19 09:59:35,556 - streaming_ordering_chatbot.api.flows.conversation_flows_SK - INFO - Produced token:  have
2025-06-19 09:59:35,607 - streaming_ordering_chatbot.api.flows.conversation_flows_SK - INFO - Produced token:  a
2025-06-19 09:59:35,659 - streaming_ordering_chatbot.api.flows.conversation_flows_SK - INFO - Produced token:  fantastic
2025-06-19 09:59:35,853 - streaming_ordering_chatbot.api.flows.conversation_flows_SK - INFO - Produced token:  day
2025-06-19 09:59:35,906 - streaming_ordering_chatbot.api.flows.conversation_flows_SK - INFO - Produced token: !
2025-06-19 09:59:35,957 - streaming_ordering_chatbot.api.flows.conversation_flows_SK - INFO - Produced token:  😊
2025-06-19 09:59:36,009 - streaming_ordering_chatbot.api.flows.conversation_flows_SK - INFO - Produced token: 🍔
2025-06-19 09:59:36,062 - streaming_ordering_chatbot.api.flows.conversation_flows_SK - INFO - Produced token: 🍟
2025-06-19 10:09:22,951 - streaming_ordering_chatbot.api.flows.conversation_flows_SK - INFO - Produced token: Thank
2025-06-19 10:09:23,401 - streaming_ordering_chatbot.api.flows.conversation_flows_SK - INFO - Produced token:  you
2025-06-19 10:09:23,453 - streaming_ordering_chatbot.api.flows.conversation_flows_SK - INFO - Produced token: !
2025-06-19 10:09:23,505 - streaming_ordering_chatbot.api.flows.conversation_flows_SK - INFO - Produced token:  If
2025-06-19 10:09:23,557 - streaming_ordering_chatbot.api.flows.conversation_flows_SK - INFO - Produced token:  you
2025-06-19 10:09:23,608 - streaming_ordering_chatbot.api.flows.conversation_flows_SK - INFO - Produced token:  ever
2025-06-19 10:09:23,795 - streaming_ordering_chatbot.api.flows.conversation_flows_SK - INFO - Produced token:  need
2025-06-19 10:09:23,846 - streaming_ordering_chatbot.api.flows.conversation_flows_SK - INFO - Produced token:  help
2025-06-19 10:09:23,898 - streaming_ordering_chatbot.api.flows.conversation_flows_SK - INFO - Produced token:  again
2025-06-19 10:09:23,950 - streaming_ordering_chatbot.api.flows.conversation_flows_SK - INFO - Produced token: ,
2025-06-19 10:09:24,003 - streaming_ordering_chatbot.api.flows.conversation_flows_SK - INFO - Produced token:  feel
2025-06-19 10:09:24,186 - streaming_ordering_chatbot.api.flows.conversation_flows_SK - INFO - Produced token:  free
2025-06-19 10:09:24,238 - streaming_ordering_chatbot.api.flows.conversation_flows_SK - INFO - Produced token:  to
2025-06-19 10:09:24,290 - streaming_ordering_chatbot.api.flows.conversation_flows_SK - INFO - Produced token:  reach
2025-06-19 10:09:24,343 - streaming_ordering_chatbot.api.flows.conversation_flows_SK - INFO - Produced token:  out
2025-06-19 10:09:24,395 - streaming_ordering_chatbot.api.flows.conversation_flows_SK - INFO - Produced token: .
2025-06-19 10:09:24,581 - streaming_ordering_chatbot.api.flows.conversation_flows_SK - INFO - Produced token:  Have
2025-06-19 10:09:24,634 - streaming_ordering_chatbot.api.flows.conversation_flows_SK - INFO - Produced token:  an
2025-06-19 10:09:24,686 - streaming_ordering_chatbot.api.flows.conversation_flows_SK - INFO - Produced token:  amazing
2025-06-19 10:09:24,738 - streaming_ordering_chatbot.api.flows.conversation_flows_SK - INFO - Produced token:  day
2025-06-19 10:09:24,790 - streaming_ordering_chatbot.api.flows.conversation_flows_SK - INFO - Produced token: !
2025-06-19 10:09:24,969 - streaming_ordering_chatbot.api.flows.conversation_flows_SK - INFO - Produced token:  😊
2025-06-19 10:09:25,022 - streaming_ordering_chatbot.api.flows.conversation_flows_SK - INFO - Produced token: 🍔
2025-06-19 10:09:25,074 - streaming_ordering_chatbot.api.flows.conversation_flows_SK - INFO - Produced token: 🍟
2025-06-19 10:10:10,117 - streaming_ordering_chatbot.api.flows.conversation_flows_SK - INFO - Produced token: Summary
2025-06-19 10:10:10,578 - streaming_ordering_chatbot.api.flows.conversation_flows_SK - INFO - Produced token:  of
2025-06-19 10:10:10,630 - streaming_ordering_chatbot.api.flows.conversation_flows_SK - INFO - Produced token:  Interaction
2025-06-19 10:10:10,683 - streaming_ordering_chatbot.api.flows.conversation_flows_SK - INFO - Produced token: :

2025-06-19 10:10:10,736 - streaming_ordering_chatbot.api.flows.conversation_flows_SK - INFO - Produced token: -
2025-06-19 10:10:10,788 - streaming_ordering_chatbot.api.flows.conversation_flows_SK - INFO - Produced token:  Main
2025-06-19 10:10:10,978 - streaming_ordering_chatbot.api.flows.conversation_flows_SK - INFO - Produced token:  Topic
2025-06-19 10:10:11,030 - streaming_ordering_chatbot.api.flows.conversation_flows_SK - INFO - Produced token: :
2025-06-19 10:10:11,082 - streaming_ordering_chatbot.api.flows.conversation_flows_SK - INFO - Produced token:  The
2025-06-19 10:10:11,134 - streaming_ordering_chatbot.api.flows.conversation_flows_SK - INFO - Produced token:  user
2025-06-19 10:10:11,186 - streaming_ordering_chatbot.api.flows.conversation_flows_SK - INFO - Produced token:  in
2025-06-19 10:10:11,370 - streaming_ordering_chatbot.api.flows.conversation_flows_SK - INFO - Produced token: quired
2025-06-19 10:10:11,421 - streaming_ordering_chatbot.api.flows.conversation_flows_SK - INFO - Produced token:  about
2025-06-19 10:10:11,473 - streaming_ordering_chatbot.api.flows.conversation_flows_SK - INFO - Produced token:  the
2025-06-19 10:10:11,525 - streaming_ordering_chatbot.api.flows.conversation_flows_SK - INFO - Produced token:  status
2025-06-19 10:10:11,577 - streaming_ordering_chatbot.api.flows.conversation_flows_SK - INFO - Produced token:  of
2025-06-19 10:10:11,770 - streaming_ordering_chatbot.api.flows.conversation_flows_SK - INFO - Produced token:  an
2025-06-19 10:10:11,822 - streaming_ordering_chatbot.api.flows.conversation_flows_SK - INFO - Produced token:  order
2025-06-19 10:10:11,874 - streaming_ordering_chatbot.api.flows.conversation_flows_SK - INFO - Produced token: .

2025-06-19 10:10:11,926 - streaming_ordering_chatbot.api.flows.conversation_flows_SK - INFO - Produced token: -
2025-06-19 10:10:11,978 - streaming_ordering_chatbot.api.flows.conversation_flows_SK - INFO - Produced token:  Specific
2025-06-19 10:10:12,220 - streaming_ordering_chatbot.api.flows.conversation_flows_SK - INFO - Produced token:  Preferences
2025-06-19 10:10:12,272 - streaming_ordering_chatbot.api.flows.conversation_flows_SK - INFO - Produced token: :
2025-06-19 10:10:12,324 - streaming_ordering_chatbot.api.flows.conversation_flows_SK - INFO - Produced token:  None
2025-06-19 10:10:12,376 - streaming_ordering_chatbot.api.flows.conversation_flows_SK - INFO - Produced token:  mentioned
2025-06-19 10:10:12,429 - streaming_ordering_chatbot.api.flows.conversation_flows_SK - INFO - Produced token: .

2025-06-19 10:10:12,617 - streaming_ordering_chatbot.api.flows.conversation_flows_SK - INFO - Produced token: -
2025-06-19 10:10:12,669 - streaming_ordering_chatbot.api.flows.conversation_flows_SK - INFO - Produced token:  Questions
2025-06-19 10:10:12,722 - streaming_ordering_chatbot.api.flows.conversation_flows_SK - INFO - Produced token:  Asked
2025-06-19 10:10:12,774 - streaming_ordering_chatbot.api.flows.conversation_flows_SK - INFO - Produced token: :
2025-06-19 10:10:12,827 - streaming_ordering_chatbot.api.flows.conversation_flows_SK - INFO - Produced token:  The
2025-06-19 10:10:13,011 - streaming_ordering_chatbot.api.flows.conversation_flows_SK - INFO - Produced token:  user
2025-06-19 10:10:13,063 - streaming_ordering_chatbot.api.flows.conversation_flows_SK - INFO - Produced token:  asked
2025-06-19 10:10:13,115 - streaming_ordering_chatbot.api.flows.conversation_flows_SK - INFO - Produced token: ,
2025-06-19 10:10:13,168 - streaming_ordering_chatbot.api.flows.conversation_flows_SK - INFO - Produced token:  "
2025-06-19 10:10:13,219 - streaming_ordering_chatbot.api.flows.conversation_flows_SK - INFO - Produced token: Do
2025-06-19 10:10:13,405 - streaming_ordering_chatbot.api.flows.conversation_flows_SK - INFO - Produced token:  I
2025-06-19 10:10:13,457 - streaming_ordering_chatbot.api.flows.conversation_flows_SK - INFO - Produced token:  have
2025-06-19 10:10:13,509 - streaming_ordering_chatbot.api.flows.conversation_flows_SK - INFO - Produced token:  an
2025-06-19 10:10:13,561 - streaming_ordering_chatbot.api.flows.conversation_flows_SK - INFO - Produced token:  order
2025-06-19 10:10:13,612 - streaming_ordering_chatbot.api.flows.conversation_flows_SK - INFO - Produced token: ?"

2025-06-19 10:10:13,797 - streaming_ordering_chatbot.api.flows.conversation_flows_SK - INFO - Produced token: -
2025-06-19 10:10:13,849 - streaming_ordering_chatbot.api.flows.conversation_flows_SK - INFO - Produced token:  Questions
2025-06-19 10:10:13,901 - streaming_ordering_chatbot.api.flows.conversation_flows_SK - INFO - Produced token:  Answer
2025-06-19 10:10:13,953 - streaming_ordering_chatbot.api.flows.conversation_flows_SK - INFO - Produced token: ed
2025-06-19 10:10:14,005 - streaming_ordering_chatbot.api.flows.conversation_flows_SK - INFO - Produced token: :
2025-06-19 10:10:14,183 - streaming_ordering_chatbot.api.flows.conversation_flows_SK - INFO - Produced token:  No
2025-06-19 10:10:14,236 - streaming_ordering_chatbot.api.flows.conversation_flows_SK - INFO - Produced token:  confirmation
2025-06-19 10:10:14,288 - streaming_ordering_chatbot.api.flows.conversation_flows_SK - INFO - Produced token:  or
2025-06-19 10:10:14,340 - streaming_ordering_chatbot.api.flows.conversation_flows_SK - INFO - Produced token:  details
2025-06-19 10:10:14,392 - streaming_ordering_chatbot.api.flows.conversation_flows_SK - INFO - Produced token:  were
2025-06-19 10:10:14,572 - streaming_ordering_chatbot.api.flows.conversation_flows_SK - INFO - Produced token:  provided
2025-06-19 10:10:14,624 - streaming_ordering_chatbot.api.flows.conversation_flows_SK - INFO - Produced token:  regarding
2025-06-19 10:10:14,676 - streaming_ordering_chatbot.api.flows.conversation_flows_SK - INFO - Produced token:  the
2025-06-19 10:10:14,728 - streaming_ordering_chatbot.api.flows.conversation_flows_SK - INFO - Produced token:  order
2025-06-19 10:10:14,780 - streaming_ordering_chatbot.api.flows.conversation_flows_SK - INFO - Produced token: .

2025-06-19 10:10:14,967 - streaming_ordering_chatbot.api.flows.conversation_flows_SK - INFO - Produced token: -
2025-06-19 10:10:15,019 - streaming_ordering_chatbot.api.flows.conversation_flows_SK - INFO - Produced token:  Next
2025-06-19 10:10:15,072 - streaming_ordering_chatbot.api.flows.conversation_flows_SK - INFO - Produced token:  Steps
2025-06-19 10:10:15,125 - streaming_ordering_chatbot.api.flows.conversation_flows_SK - INFO - Produced token: :
2025-06-19 10:10:15,178 - streaming_ordering_chatbot.api.flows.conversation_flows_SK - INFO - Produced token:  Verify
2025-06-19 10:10:15,363 - streaming_ordering_chatbot.api.flows.conversation_flows_SK - INFO - Produced token:  if
2025-06-19 10:10:15,415 - streaming_ordering_chatbot.api.flows.conversation_flows_SK - INFO - Produced token:  the
2025-06-19 10:10:15,466 - streaming_ordering_chatbot.api.flows.conversation_flows_SK - INFO - Produced token:  user
2025-06-19 10:10:15,519 - streaming_ordering_chatbot.api.flows.conversation_flows_SK - INFO - Produced token:  has
2025-06-19 10:10:15,571 - streaming_ordering_chatbot.api.flows.conversation_flows_SK - INFO - Produced token:  an
2025-06-19 10:10:15,757 - streaming_ordering_chatbot.api.flows.conversation_flows_SK - INFO - Produced token:  existing
2025-06-19 10:10:15,809 - streaming_ordering_chatbot.api.flows.conversation_flows_SK - INFO - Produced token:  order
2025-06-19 10:10:15,860 - streaming_ordering_chatbot.api.flows.conversation_flows_SK - INFO - Produced token:  and
2025-06-19 10:10:15,913 - streaming_ordering_chatbot.api.flows.conversation_flows_SK - INFO - Produced token:  provide
2025-06-19 10:10:15,965 - streaming_ordering_chatbot.api.flows.conversation_flows_SK - INFO - Produced token:  them
2025-06-19 10:10:16,152 - streaming_ordering_chatbot.api.flows.conversation_flows_SK - INFO - Produced token:  with
2025-06-19 10:10:16,205 - streaming_ordering_chatbot.api.flows.conversation_flows_SK - INFO - Produced token:  the
2025-06-19 10:10:16,257 - streaming_ordering_chatbot.api.flows.conversation_flows_SK - INFO - Produced token:  status
2025-06-19 10:10:16,309 - streaming_ordering_chatbot.api.flows.conversation_flows_SK - INFO - Produced token:  or
2025-06-19 10:10:16,360 - streaming_ordering_chatbot.api.flows.conversation_flows_SK - INFO - Produced token:  further
2025-06-19 10:10:16,549 - streaming_ordering_chatbot.api.flows.conversation_flows_SK - INFO - Produced token:  assistance
2025-06-19 10:10:16,602 - streaming_ordering_chatbot.api.flows.conversation_flows_SK - INFO - Produced token: .
2025-06-19 10:24:39,122 - streaming_ordering_chatbot.api.flows.conversation_flows_SK - INFO - Produced token: Welcome
2025-06-19 10:24:39,611 - streaming_ordering_chatbot.api.flows.conversation_flows_SK - INFO - Produced token:  to
2025-06-19 10:24:39,663 - streaming_ordering_chatbot.api.flows.conversation_flows_SK - INFO - Produced token:  Cont
2025-06-19 10:24:39,715 - streaming_ordering_chatbot.api.flows.conversation_flows_SK - INFO - Produced token: oso
2025-06-19 10:24:39,767 - streaming_ordering_chatbot.api.flows.conversation_flows_SK - INFO - Produced token:  Restaurant
2025-06-19 10:24:39,820 - streaming_ordering_chatbot.api.flows.conversation_flows_SK - INFO - Produced token: !
2025-06-19 10:24:40,007 - streaming_ordering_chatbot.api.flows.conversation_flows_SK - INFO - Produced token:  How
2025-06-19 10:24:40,059 - streaming_ordering_chatbot.api.flows.conversation_flows_SK - INFO - Produced token:  can
2025-06-19 10:24:40,112 - streaming_ordering_chatbot.api.flows.conversation_flows_SK - INFO - Produced token:  I
2025-06-19 10:24:40,165 - streaming_ordering_chatbot.api.flows.conversation_flows_SK - INFO - Produced token:  assist
2025-06-19 10:24:40,217 - streaming_ordering_chatbot.api.flows.conversation_flows_SK - INFO - Produced token:  you
2025-06-19 10:24:40,398 - streaming_ordering_chatbot.api.flows.conversation_flows_SK - INFO - Produced token:  today
2025-06-19 10:24:40,450 - streaming_ordering_chatbot.api.flows.conversation_flows_SK - INFO - Produced token: ?
2025-06-19 10:24:40,502 - streaming_ordering_chatbot.api.flows.conversation_flows_SK - INFO - Produced token:  I
2025-06-19 10:24:40,554 - streaming_ordering_chatbot.api.flows.conversation_flows_SK - INFO - Produced token:  can
2025-06-19 10:24:40,606 - streaming_ordering_chatbot.api.flows.conversation_flows_SK - INFO - Produced token:  help
2025-06-19 10:24:40,789 - streaming_ordering_chatbot.api.flows.conversation_flows_SK - INFO - Produced token:  answer
2025-06-19 10:24:40,841 - streaming_ordering_chatbot.api.flows.conversation_flows_SK - INFO - Produced token:  questions
2025-06-19 10:24:40,894 - streaming_ordering_chatbot.api.flows.conversation_flows_SK - INFO - Produced token:  about
2025-06-19 10:24:40,946 - streaming_ordering_chatbot.api.flows.conversation_flows_SK - INFO - Produced token:  the
2025-06-19 10:24:40,997 - streaming_ordering_chatbot.api.flows.conversation_flows_SK - INFO - Produced token:  menu
2025-06-19 10:24:41,184 - streaming_ordering_chatbot.api.flows.conversation_flows_SK - INFO - Produced token: ,
2025-06-19 10:24:41,237 - streaming_ordering_chatbot.api.flows.conversation_flows_SK - INFO - Produced token:  take
2025-06-19 10:24:41,289 - streaming_ordering_chatbot.api.flows.conversation_flows_SK - INFO - Produced token:  or
2025-06-19 10:24:41,341 - streaming_ordering_chatbot.api.flows.conversation_flows_SK - INFO - Produced token:  modify
2025-06-19 10:24:41,393 - streaming_ordering_chatbot.api.flows.conversation_flows_SK - INFO - Produced token:  your
2025-06-19 10:24:41,576 - streaming_ordering_chatbot.api.flows.conversation_flows_SK - INFO - Produced token:  order
2025-06-19 10:24:41,629 - streaming_ordering_chatbot.api.flows.conversation_flows_SK - INFO - Produced token: ,
2025-06-19 10:24:41,681 - streaming_ordering_chatbot.api.flows.conversation_flows_SK - INFO - Produced token:  and
2025-06-19 10:24:41,733 - streaming_ordering_chatbot.api.flows.conversation_flows_SK - INFO - Produced token:  provide
2025-06-19 10:24:41,785 - streaming_ordering_chatbot.api.flows.conversation_flows_SK - INFO - Produced token:  information
2025-06-19 10:24:41,966 - streaming_ordering_chatbot.api.flows.conversation_flows_SK - INFO - Produced token:  about
2025-06-19 10:24:42,018 - streaming_ordering_chatbot.api.flows.conversation_flows_SK - INFO - Produced token:  our
2025-06-19 10:24:42,071 - streaming_ordering_chatbot.api.flows.conversation_flows_SK - INFO - Produced token:  restaurant
2025-06-19 10:24:42,124 - streaming_ordering_chatbot.api.flows.conversation_flows_SK - INFO - Produced token: .
2025-06-19 10:24:42,176 - streaming_ordering_chatbot.api.flows.conversation_flows_SK - INFO - Produced token:  Let
2025-06-19 10:24:42,362 - streaming_ordering_chatbot.api.flows.conversation_flows_SK - INFO - Produced token:  me
2025-06-19 10:24:42,414 - streaming_ordering_chatbot.api.flows.conversation_flows_SK - INFO - Produced token:  know
2025-06-19 10:24:42,467 - streaming_ordering_chatbot.api.flows.conversation_flows_SK - INFO - Produced token:  how
2025-06-19 10:24:42,520 - streaming_ordering_chatbot.api.flows.conversation_flows_SK - INFO - Produced token:  I
2025-06-19 10:24:42,572 - streaming_ordering_chatbot.api.flows.conversation_flows_SK - INFO - Produced token:  can
2025-06-19 10:24:42,758 - streaming_ordering_chatbot.api.flows.conversation_flows_SK - INFO - Produced token:  help
2025-06-19 10:24:42,811 - streaming_ordering_chatbot.api.flows.conversation_flows_SK - INFO - Produced token: !
2025-06-19 10:24:45,541 - streaming_ordering_chatbot.api.flows.conversation_flows_SK - INFO - Produced token: Sure
2025-06-19 10:24:45,722 - streaming_ordering_chatbot.api.flows.conversation_flows_SK - INFO - Produced token: !
2025-06-19 10:24:45,774 - streaming_ordering_chatbot.api.flows.conversation_flows_SK - INFO - Produced token:  Here
2025-06-19 10:24:45,826 - streaming_ordering_chatbot.api.flows.conversation_flows_SK - INFO - Produced token: ’s
2025-06-19 10:24:45,877 - streaming_ordering_chatbot.api.flows.conversation_flows_SK - INFO - Produced token:  your
2025-06-19 10:24:45,930 - streaming_ordering_chatbot.api.flows.conversation_flows_SK - INFO - Produced token:  order
2025-06-19 10:24:46,120 - streaming_ordering_chatbot.api.flows.conversation_flows_SK - INFO - Produced token:  so
2025-06-19 10:24:46,172 - streaming_ordering_chatbot.api.flows.conversation_flows_SK - INFO - Produced token:  far
2025-06-19 10:24:46,225 - streaming_ordering_chatbot.api.flows.conversation_flows_SK - INFO - Produced token: :


2025-06-19 10:24:46,277 - streaming_ordering_chatbot.api.flows.conversation_flows_SK - INFO - Produced token: -
2025-06-19 10:24:46,330 - streaming_ordering_chatbot.api.flows.conversation_flows_SK - INFO - Produced token:  **
2025-06-19 10:24:46,518 - streaming_ordering_chatbot.api.flows.conversation_flows_SK - INFO - Produced token: Che
2025-06-19 10:24:46,570 - streaming_ordering_chatbot.api.flows.conversation_flows_SK - INFO - Produced token: es
2025-06-19 10:24:46,622 - streaming_ordering_chatbot.api.flows.conversation_flows_SK - INFO - Produced token: eb
2025-06-19 10:24:46,675 - streaming_ordering_chatbot.api.flows.conversation_flows_SK - INFO - Produced token: urger
2025-06-19 10:24:46,727 - streaming_ordering_chatbot.api.flows.conversation_flows_SK - INFO - Produced token: **
2025-06-19 10:24:46,915 - streaming_ordering_chatbot.api.flows.conversation_flows_SK - INFO - Produced token: :
2025-06-19 10:24:46,968 - streaming_ordering_chatbot.api.flows.conversation_flows_SK - INFO - Produced token:   

2025-06-19 10:24:47,021 - streaming_ordering_chatbot.api.flows.conversation_flows_SK - INFO - Produced token:  
2025-06-19 10:24:47,073 - streaming_ordering_chatbot.api.flows.conversation_flows_SK - INFO - Produced token:  -
2025-06-19 10:24:47,125 - streaming_ordering_chatbot.api.flows.conversation_flows_SK - INFO - Produced token:  Single
2025-06-19 10:24:47,319 - streaming_ordering_chatbot.api.flows.conversation_flows_SK - INFO - Produced token:  pat
2025-06-19 10:24:47,371 - streaming_ordering_chatbot.api.flows.conversation_flows_SK - INFO - Produced token: ty
2025-06-19 10:24:47,422 - streaming_ordering_chatbot.api.flows.conversation_flows_SK - INFO - Produced token:  (
2025-06-19 10:24:47,475 - streaming_ordering_chatbot.api.flows.conversation_flows_SK - INFO - Produced token: default
2025-06-19 10:24:47,528 - streaming_ordering_chatbot.api.flows.conversation_flows_SK - INFO - Produced token: )
2025-06-19 10:24:47,709 - streaming_ordering_chatbot.api.flows.conversation_flows_SK - INFO - Produced token:   

2025-06-19 10:24:47,760 - streaming_ordering_chatbot.api.flows.conversation_flows_SK - INFO - Produced token:  
2025-06-19 10:24:47,813 - streaming_ordering_chatbot.api.flows.conversation_flows_SK - INFO - Produced token:  -
2025-06-19 10:24:47,866 - streaming_ordering_chatbot.api.flows.conversation_flows_SK - INFO - Produced token:  Quarter
2025-06-19 10:24:47,918 - streaming_ordering_chatbot.api.flows.conversation_flows_SK - INFO - Produced token:  lb
2025-06-19 10:24:48,109 - streaming_ordering_chatbot.api.flows.conversation_flows_SK - INFO - Produced token:  (
2025-06-19 10:24:48,161 - streaming_ordering_chatbot.api.flows.conversation_flows_SK - INFO - Produced token: default
2025-06-19 10:24:48,214 - streaming_ordering_chatbot.api.flows.conversation_flows_SK - INFO - Produced token: )
2025-06-19 10:24:48,266 - streaming_ordering_chatbot.api.flows.conversation_flows_SK - INFO - Produced token:   

2025-06-19 10:24:48,318 - streaming_ordering_chatbot.api.flows.conversation_flows_SK - INFO - Produced token:  
2025-06-19 10:24:48,370 - streaming_ordering_chatbot.api.flows.conversation_flows_SK - INFO - Produced token:  -
2025-06-19 10:24:48,423 - streaming_ordering_chatbot.api.flows.conversation_flows_SK - INFO - Produced token:  Sesame
2025-06-19 10:24:48,475 - streaming_ordering_chatbot.api.flows.conversation_flows_SK - INFO - Produced token:  bun
2025-06-19 10:24:48,528 - streaming_ordering_chatbot.api.flows.conversation_flows_SK - INFO - Produced token:  (
2025-06-19 10:24:48,580 - streaming_ordering_chatbot.api.flows.conversation_flows_SK - INFO - Produced token: default
2025-06-19 10:24:48,765 - streaming_ordering_chatbot.api.flows.conversation_flows_SK - INFO - Produced token: )
2025-06-19 10:24:48,817 - streaming_ordering_chatbot.api.flows.conversation_flows_SK - INFO - Produced token:   

2025-06-19 10:24:48,870 - streaming_ordering_chatbot.api.flows.conversation_flows_SK - INFO - Produced token:  
2025-06-19 10:24:48,922 - streaming_ordering_chatbot.api.flows.conversation_flows_SK - INFO - Produced token:  -
2025-06-19 10:24:48,975 - streaming_ordering_chatbot.api.flows.conversation_flows_SK - INFO - Produced token:  Cook
2025-06-19 10:24:49,169 - streaming_ordering_chatbot.api.flows.conversation_flows_SK - INFO - Produced token: ed
2025-06-19 10:24:49,221 - streaming_ordering_chatbot.api.flows.conversation_flows_SK - INFO - Produced token:  normal
2025-06-19 10:24:49,273 - streaming_ordering_chatbot.api.flows.conversation_flows_SK - INFO - Produced token:  (
2025-06-19 10:24:49,325 - streaming_ordering_chatbot.api.flows.conversation_flows_SK - INFO - Produced token: default
2025-06-19 10:24:49,378 - streaming_ordering_chatbot.api.flows.conversation_flows_SK - INFO - Produced token: )
2025-06-19 10:24:49,562 - streaming_ordering_chatbot.api.flows.conversation_flows_SK - INFO - Produced token:   

2025-06-19 10:24:49,615 - streaming_ordering_chatbot.api.flows.conversation_flows_SK - INFO - Produced token:  
2025-06-19 10:24:49,668 - streaming_ordering_chatbot.api.flows.conversation_flows_SK - INFO - Produced token:  -
2025-06-19 10:24:49,721 - streaming_ordering_chatbot.api.flows.conversation_flows_SK - INFO - Produced token:  T
2025-06-19 10:24:49,773 - streaming_ordering_chatbot.api.flows.conversation_flows_SK - INFO - Produced token: oppings
2025-06-19 10:24:49,954 - streaming_ordering_chatbot.api.flows.conversation_flows_SK - INFO - Produced token: :
2025-06-19 10:24:50,006 - streaming_ordering_chatbot.api.flows.conversation_flows_SK - INFO - Produced token:  Lett
2025-06-19 10:24:50,059 - streaming_ordering_chatbot.api.flows.conversation_flows_SK - INFO - Produced token: uce
2025-06-19 10:24:50,111 - streaming_ordering_chatbot.api.flows.conversation_flows_SK - INFO - Produced token: ,
2025-06-19 10:24:50,163 - streaming_ordering_chatbot.api.flows.conversation_flows_SK - INFO - Produced token:  Tomato
2025-06-19 10:24:50,358 - streaming_ordering_chatbot.api.flows.conversation_flows_SK - INFO - Produced token: ,
2025-06-19 10:24:50,410 - streaming_ordering_chatbot.api.flows.conversation_flows_SK - INFO - Produced token:  Onion
2025-06-19 10:24:50,462 - streaming_ordering_chatbot.api.flows.conversation_flows_SK - INFO - Produced token: ,
2025-06-19 10:24:50,527 - streaming_ordering_chatbot.api.flows.conversation_flows_SK - INFO - Produced token:  K
2025-06-19 10:24:50,579 - streaming_ordering_chatbot.api.flows.conversation_flows_SK - INFO - Produced token: etchup
2025-06-19 10:24:50,765 - streaming_ordering_chatbot.api.flows.conversation_flows_SK - INFO - Produced token:  (
2025-06-19 10:24:50,817 - streaming_ordering_chatbot.api.flows.conversation_flows_SK - INFO - Produced token: default
2025-06-19 10:24:50,869 - streaming_ordering_chatbot.api.flows.conversation_flows_SK - INFO - Produced token: )
2025-06-19 10:24:50,921 - streaming_ordering_chatbot.api.flows.conversation_flows_SK - INFO - Produced token:   


2025-06-19 10:24:50,973 - streaming_ordering_chatbot.api.flows.conversation_flows_SK - INFO - Produced token: -
2025-06-19 10:24:51,158 - streaming_ordering_chatbot.api.flows.conversation_flows_SK - INFO - Produced token:  **
2025-06-19 10:24:51,210 - streaming_ordering_chatbot.api.flows.conversation_flows_SK - INFO - Produced token: Fr
2025-06-19 10:24:51,262 - streaming_ordering_chatbot.api.flows.conversation_flows_SK - INFO - Produced token: ies
2025-06-19 10:24:51,314 - streaming_ordering_chatbot.api.flows.conversation_flows_SK - INFO - Produced token: **
2025-06-19 10:24:51,367 - streaming_ordering_chatbot.api.flows.conversation_flows_SK - INFO - Produced token: :
2025-06-19 10:24:51,561 - streaming_ordering_chatbot.api.flows.conversation_flows_SK - INFO - Produced token:   

2025-06-19 10:24:51,613 - streaming_ordering_chatbot.api.flows.conversation_flows_SK - INFO - Produced token:  
2025-06-19 10:24:51,666 - streaming_ordering_chatbot.api.flows.conversation_flows_SK - INFO - Produced token:  -
2025-06-19 10:24:51,719 - streaming_ordering_chatbot.api.flows.conversation_flows_SK - INFO - Produced token:  Medium
2025-06-19 10:24:51,771 - streaming_ordering_chatbot.api.flows.conversation_flows_SK - INFO - Produced token:  size
2025-06-19 10:24:51,952 - streaming_ordering_chatbot.api.flows.conversation_flows_SK - INFO - Produced token:  (
2025-06-19 10:24:52,004 - streaming_ordering_chatbot.api.flows.conversation_flows_SK - INFO - Produced token: default
2025-06-19 10:24:52,056 - streaming_ordering_chatbot.api.flows.conversation_flows_SK - INFO - Produced token: )
2025-06-19 10:24:52,109 - streaming_ordering_chatbot.api.flows.conversation_flows_SK - INFO - Produced token:   

2025-06-19 10:24:52,161 - streaming_ordering_chatbot.api.flows.conversation_flows_SK - INFO - Produced token:  
2025-06-19 10:24:52,214 - streaming_ordering_chatbot.api.flows.conversation_flows_SK - INFO - Produced token:  -
2025-06-19 10:24:52,267 - streaming_ordering_chatbot.api.flows.conversation_flows_SK - INFO - Produced token:  Regular
2025-06-19 10:24:52,319 - streaming_ordering_chatbot.api.flows.conversation_flows_SK - INFO - Produced token:  salt
2025-06-19 10:24:52,371 - streaming_ordering_chatbot.api.flows.conversation_flows_SK - INFO - Produced token:  (
2025-06-19 10:24:52,423 - streaming_ordering_chatbot.api.flows.conversation_flows_SK - INFO - Produced token: default
2025-06-19 10:24:52,617 - streaming_ordering_chatbot.api.flows.conversation_flows_SK - INFO - Produced token: )
2025-06-19 10:24:52,669 - streaming_ordering_chatbot.api.flows.conversation_flows_SK - INFO - Produced token:   


2025-06-19 10:24:52,722 - streaming_ordering_chatbot.api.flows.conversation_flows_SK - INFO - Produced token: Would
2025-06-19 10:24:52,773 - streaming_ordering_chatbot.api.flows.conversation_flows_SK - INFO - Produced token:  you
2025-06-19 10:24:52,825 - streaming_ordering_chatbot.api.flows.conversation_flows_SK - INFO - Produced token:  like
2025-06-19 10:24:53,012 - streaming_ordering_chatbot.api.flows.conversation_flows_SK - INFO - Produced token:  to
2025-06-19 10:24:53,065 - streaming_ordering_chatbot.api.flows.conversation_flows_SK - INFO - Produced token:  customize
2025-06-19 10:24:53,117 - streaming_ordering_chatbot.api.flows.conversation_flows_SK - INFO - Produced token:  anything
2025-06-19 10:24:53,170 - streaming_ordering_chatbot.api.flows.conversation_flows_SK - INFO - Produced token:  or
2025-06-19 10:24:53,222 - streaming_ordering_chatbot.api.flows.conversation_flows_SK - INFO - Produced token:  add
2025-06-19 10:24:53,409 - streaming_ordering_chatbot.api.flows.conversation_flows_SK - INFO - Produced token:  drinks
2025-06-19 10:24:53,461 - streaming_ordering_chatbot.api.flows.conversation_flows_SK - INFO - Produced token: ?
2025-06-19 10:24:53,513 - streaming_ordering_chatbot.api.flows.conversation_flows_SK - INFO - Produced token:  😊
2025-06-19 10:24:55,109 - streaming_ordering_chatbot.api.flows.conversation_flows_SK - INFO - Produced token: Hi
2025-06-19 10:24:55,307 - streaming_ordering_chatbot.api.flows.conversation_flows_SK - INFO - Produced token: !
2025-06-19 10:24:55,359 - streaming_ordering_chatbot.api.flows.conversation_flows_SK - INFO - Produced token:  Thanks
2025-06-19 10:24:55,411 - streaming_ordering_chatbot.api.flows.conversation_flows_SK - INFO - Produced token:  for
2025-06-19 10:24:55,464 - streaming_ordering_chatbot.api.flows.conversation_flows_SK - INFO - Produced token:  your
2025-06-19 10:24:55,517 - streaming_ordering_chatbot.api.flows.conversation_flows_SK - INFO - Produced token:  order
2025-06-19 10:24:55,699 - streaming_ordering_chatbot.api.flows.conversation_flows_SK - INFO - Produced token: .
2025-06-19 10:24:55,751 - streaming_ordering_chatbot.api.flows.conversation_flows_SK - INFO - Produced token:  Here's
2025-06-19 10:24:55,804 - streaming_ordering_chatbot.api.flows.conversation_flows_SK - INFO - Produced token:  what
2025-06-19 10:24:55,856 - streaming_ordering_chatbot.api.flows.conversation_flows_SK - INFO - Produced token:  I
2025-06-19 10:24:55,907 - streaming_ordering_chatbot.api.flows.conversation_flows_SK - INFO - Produced token:  have
2025-06-19 10:24:56,122 - streaming_ordering_chatbot.api.flows.conversation_flows_SK - INFO - Produced token:  so
2025-06-19 10:24:56,175 - streaming_ordering_chatbot.api.flows.conversation_flows_SK - INFO - Produced token:  far
2025-06-19 10:24:56,227 - streaming_ordering_chatbot.api.flows.conversation_flows_SK - INFO - Produced token: :


2025-06-19 10:24:56,279 - streaming_ordering_chatbot.api.flows.conversation_flows_SK - INFO - Produced token: 1
2025-06-19 10:24:56,331 - streaming_ordering_chatbot.api.flows.conversation_flows_SK - INFO - Produced token: .
2025-06-19 10:24:56,525 - streaming_ordering_chatbot.api.flows.conversation_flows_SK - INFO - Produced token:  **
2025-06-19 10:24:56,577 - streaming_ordering_chatbot.api.flows.conversation_flows_SK - INFO - Produced token: Che
2025-06-19 10:24:56,628 - streaming_ordering_chatbot.api.flows.conversation_flows_SK - INFO - Produced token: es
2025-06-19 10:24:56,680 - streaming_ordering_chatbot.api.flows.conversation_flows_SK - INFO - Produced token: eb
2025-06-19 10:24:56,732 - streaming_ordering_chatbot.api.flows.conversation_flows_SK - INFO - Produced token: urger
2025-06-19 10:24:56,914 - streaming_ordering_chatbot.api.flows.conversation_flows_SK - INFO - Produced token: **
2025-06-19 10:24:56,966 - streaming_ordering_chatbot.api.flows.conversation_flows_SK - INFO - Produced token:   

2025-06-19 10:24:57,018 - streaming_ordering_chatbot.api.flows.conversation_flows_SK - INFO - Produced token: 2
2025-06-19 10:24:57,071 - streaming_ordering_chatbot.api.flows.conversation_flows_SK - INFO - Produced token: .
2025-06-19 10:24:57,123 - streaming_ordering_chatbot.api.flows.conversation_flows_SK - INFO - Produced token:  **
2025-06-19 10:24:57,318 - streaming_ordering_chatbot.api.flows.conversation_flows_SK - INFO - Produced token: Fr
2025-06-19 10:24:57,370 - streaming_ordering_chatbot.api.flows.conversation_flows_SK - INFO - Produced token: ies
2025-06-19 10:24:57,423 - streaming_ordering_chatbot.api.flows.conversation_flows_SK - INFO - Produced token: **
2025-06-19 10:24:57,475 - streaming_ordering_chatbot.api.flows.conversation_flows_SK - INFO - Produced token:   


2025-06-19 10:24:57,527 - streaming_ordering_chatbot.api.flows.conversation_flows_SK - INFO - Produced token: Unfortunately
2025-06-19 10:24:57,709 - streaming_ordering_chatbot.api.flows.conversation_flows_SK - INFO - Produced token: ,
2025-06-19 10:24:57,761 - streaming_ordering_chatbot.api.flows.conversation_flows_SK - INFO - Produced token:  we
2025-06-19 10:24:57,814 - streaming_ordering_chatbot.api.flows.conversation_flows_SK - INFO - Produced token:  don't
2025-06-19 10:24:57,866 - streaming_ordering_chatbot.api.flows.conversation_flows_SK - INFO - Produced token:  offer
2025-06-19 10:24:57,918 - streaming_ordering_chatbot.api.flows.conversation_flows_SK - INFO - Produced token:  chocolate
2025-06-19 10:24:58,102 - streaming_ordering_chatbot.api.flows.conversation_flows_SK - INFO - Produced token:  milk
2025-06-19 10:24:58,154 - streaming_ordering_chatbot.api.flows.conversation_flows_SK - INFO - Produced token: sh
2025-06-19 10:24:58,206 - streaming_ordering_chatbot.api.flows.conversation_flows_SK - INFO - Produced token: akes
2025-06-19 10:24:58,257 - streaming_ordering_chatbot.api.flows.conversation_flows_SK - INFO - Produced token: .
2025-06-19 10:24:58,309 - streaming_ordering_chatbot.api.flows.conversation_flows_SK - INFO - Produced token:  Would
2025-06-19 10:24:58,524 - streaming_ordering_chatbot.api.flows.conversation_flows_SK - INFO - Produced token:  you
2025-06-19 10:24:58,576 - streaming_ordering_chatbot.api.flows.conversation_flows_SK - INFO - Produced token:  like
2025-06-19 10:24:58,629 - streaming_ordering_chatbot.api.flows.conversation_flows_SK - INFO - Produced token:  to
2025-06-19 10:24:58,681 - streaming_ordering_chatbot.api.flows.conversation_flows_SK - INFO - Produced token:  choose
2025-06-19 10:24:58,764 - streaming_ordering_chatbot.api.flows.conversation_flows_SK - INFO - Produced token:  a
2025-06-19 10:24:58,953 - streaming_ordering_chatbot.api.flows.conversation_flows_SK - INFO - Produced token:  drink
2025-06-19 10:24:59,005 - streaming_ordering_chatbot.api.flows.conversation_flows_SK - INFO - Produced token:  from
2025-06-19 10:24:59,058 - streaming_ordering_chatbot.api.flows.conversation_flows_SK - INFO - Produced token:  our
2025-06-19 10:24:59,110 - streaming_ordering_chatbot.api.flows.conversation_flows_SK - INFO - Produced token:  available
2025-06-19 10:24:59,162 - streaming_ordering_chatbot.api.flows.conversation_flows_SK - INFO - Produced token:  options
2025-06-19 10:24:59,349 - streaming_ordering_chatbot.api.flows.conversation_flows_SK - INFO - Produced token: :
2025-06-19 10:24:59,432 - streaming_ordering_chatbot.api.flows.conversation_flows_SK - INFO - Produced token:  Cola
2025-06-19 10:24:59,483 - streaming_ordering_chatbot.api.flows.conversation_flows_SK - INFO - Produced token: ,
2025-06-19 10:24:59,535 - streaming_ordering_chatbot.api.flows.conversation_flows_SK - INFO - Produced token:  Diet
2025-06-19 10:24:59,587 - streaming_ordering_chatbot.api.flows.conversation_flows_SK - INFO - Produced token:  Cola
2025-06-19 10:24:59,769 - streaming_ordering_chatbot.api.flows.conversation_flows_SK - INFO - Produced token: ,
2025-06-19 10:24:59,822 - streaming_ordering_chatbot.api.flows.conversation_flows_SK - INFO - Produced token:  Lemon
2025-06-19 10:24:59,874 - streaming_ordering_chatbot.api.flows.conversation_flows_SK - INFO - Produced token: -L
2025-06-19 10:24:59,927 - streaming_ordering_chatbot.api.flows.conversation_flows_SK - INFO - Produced token: ime
2025-06-19 10:24:59,979 - streaming_ordering_chatbot.api.flows.conversation_flows_SK - INFO - Produced token: ,
2025-06-19 10:25:00,167 - streaming_ordering_chatbot.api.flows.conversation_flows_SK - INFO - Produced token:  or
2025-06-19 10:25:00,219 - streaming_ordering_chatbot.api.flows.conversation_flows_SK - INFO - Produced token:  Root
2025-06-19 10:25:00,271 - streaming_ordering_chatbot.api.flows.conversation_flows_SK - INFO - Produced token:  Beer
2025-06-19 10:25:00,322 - streaming_ordering_chatbot.api.flows.conversation_flows_SK - INFO - Produced token: ?
2025-06-19 10:25:00,374 - streaming_ordering_chatbot.api.flows.conversation_flows_SK - INFO - Produced token:  Let
2025-06-19 10:25:00,565 - streaming_ordering_chatbot.api.flows.conversation_flows_SK - INFO - Produced token:  me
2025-06-19 10:25:00,617 - streaming_ordering_chatbot.api.flows.conversation_flows_SK - INFO - Produced token:  know
2025-06-19 10:25:00,669 - streaming_ordering_chatbot.api.flows.conversation_flows_SK - INFO - Produced token:  if
2025-06-19 10:25:00,720 - streaming_ordering_chatbot.api.flows.conversation_flows_SK - INFO - Produced token:  you'd
2025-06-19 10:25:00,772 - streaming_ordering_chatbot.api.flows.conversation_flows_SK - INFO - Produced token:  like
2025-06-19 10:25:00,958 - streaming_ordering_chatbot.api.flows.conversation_flows_SK - INFO - Produced token:  to
2025-06-19 10:25:01,010 - streaming_ordering_chatbot.api.flows.conversation_flows_SK - INFO - Produced token:  make
2025-06-19 10:25:01,062 - streaming_ordering_chatbot.api.flows.conversation_flows_SK - INFO - Produced token:  any
2025-06-19 10:25:01,113 - streaming_ordering_chatbot.api.flows.conversation_flows_SK - INFO - Produced token:  changes
2025-06-19 10:25:01,165 - streaming_ordering_chatbot.api.flows.conversation_flows_SK - INFO - Produced token: !
2025-06-19 10:25:01,351 - streaming_ordering_chatbot.api.flows.conversation_flows_SK - INFO - Produced token:  😊
2025-06-19 10:25:03,092 - streaming_ordering_chatbot.api.flows.conversation_flows_SK - INFO - Produced token: Hi
2025-06-19 10:25:03,280 - streaming_ordering_chatbot.api.flows.conversation_flows_SK - INFO - Produced token:  there
2025-06-19 10:25:03,332 - streaming_ordering_chatbot.api.flows.conversation_flows_SK - INFO - Produced token: !
2025-06-19 10:25:03,384 - streaming_ordering_chatbot.api.flows.conversation_flows_SK - INFO - Produced token:  Thanks
2025-06-19 10:25:03,436 - streaming_ordering_chatbot.api.flows.conversation_flows_SK - INFO - Produced token:  for
2025-06-19 10:25:03,489 - streaming_ordering_chatbot.api.flows.conversation_flows_SK - INFO - Produced token:  placing
2025-06-19 10:25:03,677 - streaming_ordering_chatbot.api.flows.conversation_flows_SK - INFO - Produced token:  your
2025-06-19 10:25:03,729 - streaming_ordering_chatbot.api.flows.conversation_flows_SK - INFO - Produced token:  order
2025-06-19 10:25:03,782 - streaming_ordering_chatbot.api.flows.conversation_flows_SK - INFO - Produced token: .
2025-06-19 10:25:03,834 - streaming_ordering_chatbot.api.flows.conversation_flows_SK - INFO - Produced token:  Here's
2025-06-19 10:25:03,887 - streaming_ordering_chatbot.api.flows.conversation_flows_SK - INFO - Produced token:  what
2025-06-19 10:25:04,070 - streaming_ordering_chatbot.api.flows.conversation_flows_SK - INFO - Produced token:  I
2025-06-19 10:25:04,122 - streaming_ordering_chatbot.api.flows.conversation_flows_SK - INFO - Produced token:  have
2025-06-19 10:25:04,174 - streaming_ordering_chatbot.api.flows.conversation_flows_SK - INFO - Produced token:  so
2025-06-19 10:25:04,227 - streaming_ordering_chatbot.api.flows.conversation_flows_SK - INFO - Produced token:  far
2025-06-19 10:25:04,279 - streaming_ordering_chatbot.api.flows.conversation_flows_SK - INFO - Produced token: :
2025-06-19 10:25:04,476 - streaming_ordering_chatbot.api.flows.conversation_flows_SK - INFO - Produced token:   


2025-06-19 10:25:04,528 - streaming_ordering_chatbot.api.flows.conversation_flows_SK - INFO - Produced token: 1
2025-06-19 10:25:04,581 - streaming_ordering_chatbot.api.flows.conversation_flows_SK - INFO - Produced token: .
2025-06-19 10:25:04,633 - streaming_ordering_chatbot.api.flows.conversation_flows_SK - INFO - Produced token:  **
2025-06-19 10:25:04,685 - streaming_ordering_chatbot.api.flows.conversation_flows_SK - INFO - Produced token: Che
2025-06-19 10:25:04,871 - streaming_ordering_chatbot.api.flows.conversation_flows_SK - INFO - Produced token: es
2025-06-19 10:25:04,924 - streaming_ordering_chatbot.api.flows.conversation_flows_SK - INFO - Produced token: eb
2025-06-19 10:25:04,977 - streaming_ordering_chatbot.api.flows.conversation_flows_SK - INFO - Produced token: urger
2025-06-19 10:25:05,029 - streaming_ordering_chatbot.api.flows.conversation_flows_SK - INFO - Produced token: **
2025-06-19 10:25:05,081 - streaming_ordering_chatbot.api.flows.conversation_flows_SK - INFO - Produced token:  (
2025-06-19 10:25:05,274 - streaming_ordering_chatbot.api.flows.conversation_flows_SK - INFO - Produced token: defaults
2025-06-19 10:25:05,325 - streaming_ordering_chatbot.api.flows.conversation_flows_SK - INFO - Produced token:  to
2025-06-19 10:25:05,377 - streaming_ordering_chatbot.api.flows.conversation_flows_SK - INFO - Produced token:  single
2025-06-19 10:25:05,430 - streaming_ordering_chatbot.api.flows.conversation_flows_SK - INFO - Produced token:  pat
2025-06-19 10:25:05,482 - streaming_ordering_chatbot.api.flows.conversation_flows_SK - INFO - Produced token: ty
2025-06-19 10:25:05,663 - streaming_ordering_chatbot.api.flows.conversation_flows_SK - INFO - Produced token: ,
2025-06-19 10:25:05,715 - streaming_ordering_chatbot.api.flows.conversation_flows_SK - INFO - Produced token:  quarter
2025-06-19 10:25:05,767 - streaming_ordering_chatbot.api.flows.conversation_flows_SK - INFO - Produced token:  lb
2025-06-19 10:25:05,819 - streaming_ordering_chatbot.api.flows.conversation_flows_SK - INFO - Produced token: ,
2025-06-19 10:25:05,872 - streaming_ordering_chatbot.api.flows.conversation_flows_SK - INFO - Produced token:  sesame
2025-06-19 10:25:06,059 - streaming_ordering_chatbot.api.flows.conversation_flows_SK - INFO - Produced token:  bun
2025-06-19 10:25:06,112 - streaming_ordering_chatbot.api.flows.conversation_flows_SK - INFO - Produced token: ,
2025-06-19 10:25:06,164 - streaming_ordering_chatbot.api.flows.conversation_flows_SK - INFO - Produced token:  normal
2025-06-19 10:25:06,216 - streaming_ordering_chatbot.api.flows.conversation_flows_SK - INFO - Produced token:  cook
2025-06-19 10:25:06,269 - streaming_ordering_chatbot.api.flows.conversation_flows_SK - INFO - Produced token: ,
2025-06-19 10:25:06,499 - streaming_ordering_chatbot.api.flows.conversation_flows_SK - INFO - Produced token:  and
2025-06-19 10:25:06,550 - streaming_ordering_chatbot.api.flows.conversation_flows_SK - INFO - Produced token:  lettuce
2025-06-19 10:25:06,602 - streaming_ordering_chatbot.api.flows.conversation_flows_SK - INFO - Produced token: ,
2025-06-19 10:25:06,654 - streaming_ordering_chatbot.api.flows.conversation_flows_SK - INFO - Produced token:  tomato
2025-06-19 10:25:06,706 - streaming_ordering_chatbot.api.flows.conversation_flows_SK - INFO - Produced token: ,
2025-06-19 10:25:06,891 - streaming_ordering_chatbot.api.flows.conversation_flows_SK - INFO - Produced token:  onion
2025-06-19 10:25:06,943 - streaming_ordering_chatbot.api.flows.conversation_flows_SK - INFO - Produced token: ,
2025-06-19 10:25:06,996 - streaming_ordering_chatbot.api.flows.conversation_flows_SK - INFO - Produced token:  ketchup
2025-06-19 10:25:07,047 - streaming_ordering_chatbot.api.flows.conversation_flows_SK - INFO - Produced token: )
2025-06-19 10:25:07,099 - streaming_ordering_chatbot.api.flows.conversation_flows_SK - INFO - Produced token:   

2025-06-19 10:25:07,151 - streaming_ordering_chatbot.api.flows.conversation_flows_SK - INFO - Produced token: 2
2025-06-19 10:25:07,203 - streaming_ordering_chatbot.api.flows.conversation_flows_SK - INFO - Produced token: .
2025-06-19 10:25:07,254 - streaming_ordering_chatbot.api.flows.conversation_flows_SK - INFO - Produced token:  **
2025-06-19 10:25:07,306 - streaming_ordering_chatbot.api.flows.conversation_flows_SK - INFO - Produced token: Fr
2025-06-19 10:25:07,359 - streaming_ordering_chatbot.api.flows.conversation_flows_SK - INFO - Produced token: ies
2025-06-19 10:25:07,559 - streaming_ordering_chatbot.api.flows.conversation_flows_SK - INFO - Produced token: **
2025-06-19 10:25:07,611 - streaming_ordering_chatbot.api.flows.conversation_flows_SK - INFO - Produced token:  (
2025-06-19 10:25:07,663 - streaming_ordering_chatbot.api.flows.conversation_flows_SK - INFO - Produced token: defaults
2025-06-19 10:25:07,714 - streaming_ordering_chatbot.api.flows.conversation_flows_SK - INFO - Produced token:  to
2025-06-19 10:25:07,766 - streaming_ordering_chatbot.api.flows.conversation_flows_SK - INFO - Produced token:  medium
2025-06-19 10:25:07,949 - streaming_ordering_chatbot.api.flows.conversation_flows_SK - INFO - Produced token:  size
2025-06-19 10:25:08,001 - streaming_ordering_chatbot.api.flows.conversation_flows_SK - INFO - Produced token:  with
2025-06-19 10:25:08,054 - streaming_ordering_chatbot.api.flows.conversation_flows_SK - INFO - Produced token:  regular
2025-06-19 10:25:08,106 - streaming_ordering_chatbot.api.flows.conversation_flows_SK - INFO - Produced token:  salt
2025-06-19 10:25:08,158 - streaming_ordering_chatbot.api.flows.conversation_flows_SK - INFO - Produced token: )
2025-06-19 10:25:08,339 - streaming_ordering_chatbot.api.flows.conversation_flows_SK - INFO - Produced token:   


2025-06-19 10:25:08,390 - streaming_ordering_chatbot.api.flows.conversation_flows_SK - INFO - Produced token: Unfortunately
2025-06-19 10:25:08,443 - streaming_ordering_chatbot.api.flows.conversation_flows_SK - INFO - Produced token: ,
2025-06-19 10:25:08,495 - streaming_ordering_chatbot.api.flows.conversation_flows_SK - INFO - Produced token:  we
2025-06-19 10:25:08,547 - streaming_ordering_chatbot.api.flows.conversation_flows_SK - INFO - Produced token:  don't
2025-06-19 10:25:08,734 - streaming_ordering_chatbot.api.flows.conversation_flows_SK - INFO - Produced token:  have
2025-06-19 10:25:08,786 - streaming_ordering_chatbot.api.flows.conversation_flows_SK - INFO - Produced token:  chocolate
2025-06-19 10:25:08,839 - streaming_ordering_chatbot.api.flows.conversation_flows_SK - INFO - Produced token:  milk
2025-06-19 10:25:08,892 - streaming_ordering_chatbot.api.flows.conversation_flows_SK - INFO - Produced token: sh
2025-06-19 10:25:08,945 - streaming_ordering_chatbot.api.flows.conversation_flows_SK - INFO - Produced token: akes
2025-06-19 10:25:09,126 - streaming_ordering_chatbot.api.flows.conversation_flows_SK - INFO - Produced token:  on
2025-06-19 10:25:09,179 - streaming_ordering_chatbot.api.flows.conversation_flows_SK - INFO - Produced token:  the
2025-06-19 10:25:09,231 - streaming_ordering_chatbot.api.flows.conversation_flows_SK - INFO - Produced token:  menu
2025-06-19 10:25:09,284 - streaming_ordering_chatbot.api.flows.conversation_flows_SK - INFO - Produced token: .
2025-06-19 10:25:09,336 - streaming_ordering_chatbot.api.flows.conversation_flows_SK - INFO - Produced token:  Would
2025-06-19 10:25:09,513 - streaming_ordering_chatbot.api.flows.conversation_flows_SK - INFO - Produced token:  you
2025-06-19 10:25:09,565 - streaming_ordering_chatbot.api.flows.conversation_flows_SK - INFO - Produced token:  like
2025-06-19 10:25:09,618 - streaming_ordering_chatbot.api.flows.conversation_flows_SK - INFO - Produced token:  to
2025-06-19 10:25:09,670 - streaming_ordering_chatbot.api.flows.conversation_flows_SK - INFO - Produced token:  substitute
2025-06-19 10:25:09,722 - streaming_ordering_chatbot.api.flows.conversation_flows_SK - INFO - Produced token:  it
2025-06-19 10:25:09,910 - streaming_ordering_chatbot.api.flows.conversation_flows_SK - INFO - Produced token:  with
2025-06-19 10:25:09,962 - streaming_ordering_chatbot.api.flows.conversation_flows_SK - INFO - Produced token:  one
2025-06-19 10:25:10,015 - streaming_ordering_chatbot.api.flows.conversation_flows_SK - INFO - Produced token:  of
2025-06-19 10:25:10,067 - streaming_ordering_chatbot.api.flows.conversation_flows_SK - INFO - Produced token:  our
2025-06-19 10:25:10,118 - streaming_ordering_chatbot.api.flows.conversation_flows_SK - INFO - Produced token:  drinks
2025-06-19 10:25:10,305 - streaming_ordering_chatbot.api.flows.conversation_flows_SK - INFO - Produced token:  instead
2025-06-19 10:25:10,358 - streaming_ordering_chatbot.api.flows.conversation_flows_SK - INFO - Produced token: —
2025-06-19 10:25:10,410 - streaming_ordering_chatbot.api.flows.conversation_flows_SK - INFO - Produced token: like
2025-06-19 10:25:10,461 - streaming_ordering_chatbot.api.flows.conversation_flows_SK - INFO - Produced token:  Cola
2025-06-19 10:25:10,514 - streaming_ordering_chatbot.api.flows.conversation_flows_SK - INFO - Produced token: ,
2025-06-19 10:25:10,699 - streaming_ordering_chatbot.api.flows.conversation_flows_SK - INFO - Produced token:  Diet
2025-06-19 10:25:10,751 - streaming_ordering_chatbot.api.flows.conversation_flows_SK - INFO - Produced token:  Cola
2025-06-19 10:25:10,804 - streaming_ordering_chatbot.api.flows.conversation_flows_SK - INFO - Produced token: ,
2025-06-19 10:25:10,857 - streaming_ordering_chatbot.api.flows.conversation_flows_SK - INFO - Produced token:  Lemon
2025-06-19 10:25:10,909 - streaming_ordering_chatbot.api.flows.conversation_flows_SK - INFO - Produced token: -L
2025-06-19 10:25:11,100 - streaming_ordering_chatbot.api.flows.conversation_flows_SK - INFO - Produced token: ime
2025-06-19 10:25:11,152 - streaming_ordering_chatbot.api.flows.conversation_flows_SK - INFO - Produced token: ,
2025-06-19 10:25:11,204 - streaming_ordering_chatbot.api.flows.conversation_flows_SK - INFO - Produced token:  or
2025-06-19 10:25:11,256 - streaming_ordering_chatbot.api.flows.conversation_flows_SK - INFO - Produced token:  Root
2025-06-19 10:25:11,308 - streaming_ordering_chatbot.api.flows.conversation_flows_SK - INFO - Produced token:  Beer
2025-06-19 10:25:11,491 - streaming_ordering_chatbot.api.flows.conversation_flows_SK - INFO - Produced token: ?
2025-06-19 10:25:13,690 - streaming_ordering_chatbot.api.flows.conversation_flows_SK - INFO - Produced token: Summary
2025-06-19 10:25:13,871 - streaming_ordering_chatbot.api.flows.conversation_flows_SK - INFO - Produced token:  of
2025-06-19 10:25:13,923 - streaming_ordering_chatbot.api.flows.conversation_flows_SK - INFO - Produced token:  Interaction
2025-06-19 10:25:13,975 - streaming_ordering_chatbot.api.flows.conversation_flows_SK - INFO - Produced token: :

2025-06-19 10:25:14,026 - streaming_ordering_chatbot.api.flows.conversation_flows_SK - INFO - Produced token: -
2025-06-19 10:25:14,078 - streaming_ordering_chatbot.api.flows.conversation_flows_SK - INFO - Produced token:  **
2025-06-19 10:25:14,263 - streaming_ordering_chatbot.api.flows.conversation_flows_SK - INFO - Produced token: Main
2025-06-19 10:25:14,315 - streaming_ordering_chatbot.api.flows.conversation_flows_SK - INFO - Produced token:  Topics
2025-06-19 10:25:14,368 - streaming_ordering_chatbot.api.flows.conversation_flows_SK - INFO - Produced token:  Discuss
2025-06-19 10:25:14,420 - streaming_ordering_chatbot.api.flows.conversation_flows_SK - INFO - Produced token: ed
2025-06-19 10:25:14,471 - streaming_ordering_chatbot.api.flows.conversation_flows_SK - INFO - Produced token: **
2025-06-19 10:25:14,650 - streaming_ordering_chatbot.api.flows.conversation_flows_SK - INFO - Produced token: :
2025-06-19 10:25:14,702 - streaming_ordering_chatbot.api.flows.conversation_flows_SK - INFO - Produced token:  The
2025-06-19 10:25:14,754 - streaming_ordering_chatbot.api.flows.conversation_flows_SK - INFO - Produced token:  user
2025-06-19 10:25:14,807 - streaming_ordering_chatbot.api.flows.conversation_flows_SK - INFO - Produced token:  placed
2025-06-19 10:25:14,860 - streaming_ordering_chatbot.api.flows.conversation_flows_SK - INFO - Produced token:  an
2025-06-19 10:25:15,051 - streaming_ordering_chatbot.api.flows.conversation_flows_SK - INFO - Produced token:  order
2025-06-19 10:25:15,104 - streaming_ordering_chatbot.api.flows.conversation_flows_SK - INFO - Produced token:  for
2025-06-19 10:25:15,157 - streaming_ordering_chatbot.api.flows.conversation_flows_SK - INFO - Produced token:  food
2025-06-19 10:25:15,209 - streaming_ordering_chatbot.api.flows.conversation_flows_SK - INFO - Produced token: .

2025-06-19 10:25:15,262 - streaming_ordering_chatbot.api.flows.conversation_flows_SK - INFO - Produced token: -
2025-06-19 10:25:15,445 - streaming_ordering_chatbot.api.flows.conversation_flows_SK - INFO - Produced token:  **
2025-06-19 10:25:15,497 - streaming_ordering_chatbot.api.flows.conversation_flows_SK - INFO - Produced token: Order
2025-06-19 10:25:15,549 - streaming_ordering_chatbot.api.flows.conversation_flows_SK - INFO - Produced token:  Details
2025-06-19 10:25:15,601 - streaming_ordering_chatbot.api.flows.conversation_flows_SK - INFO - Produced token: **
2025-06-19 10:25:15,653 - streaming_ordering_chatbot.api.flows.conversation_flows_SK - INFO - Produced token: :
2025-06-19 10:25:15,835 - streaming_ordering_chatbot.api.flows.conversation_flows_SK - INFO - Produced token:  Chees
2025-06-19 10:25:15,887 - streaming_ordering_chatbot.api.flows.conversation_flows_SK - INFO - Produced token: eb
2025-06-19 10:25:15,940 - streaming_ordering_chatbot.api.flows.conversation_flows_SK - INFO - Produced token: urger
2025-06-19 10:25:15,992 - streaming_ordering_chatbot.api.flows.conversation_flows_SK - INFO - Produced token: ,
2025-06-19 10:25:16,043 - streaming_ordering_chatbot.api.flows.conversation_flows_SK - INFO - Produced token:  fries
2025-06-19 10:25:16,230 - streaming_ordering_chatbot.api.flows.conversation_flows_SK - INFO - Produced token: ,
2025-06-19 10:25:16,282 - streaming_ordering_chatbot.api.flows.conversation_flows_SK - INFO - Produced token:  and
2025-06-19 10:25:16,334 - streaming_ordering_chatbot.api.flows.conversation_flows_SK - INFO - Produced token:  a
2025-06-19 10:25:16,386 - streaming_ordering_chatbot.api.flows.conversation_flows_SK - INFO - Produced token:  chocolate
2025-06-19 10:25:16,438 - streaming_ordering_chatbot.api.flows.conversation_flows_SK - INFO - Produced token:  milk
2025-06-19 10:25:16,708 - streaming_ordering_chatbot.api.flows.conversation_flows_SK - INFO - Produced token: shake
2025-06-19 10:25:16,761 - streaming_ordering_chatbot.api.flows.conversation_flows_SK - INFO - Produced token: .

2025-06-19 10:25:16,813 - streaming_ordering_chatbot.api.flows.conversation_flows_SK - INFO - Produced token: -
2025-06-19 10:25:16,865 - streaming_ordering_chatbot.api.flows.conversation_flows_SK - INFO - Produced token:  **
2025-06-19 10:25:16,917 - streaming_ordering_chatbot.api.flows.conversation_flows_SK - INFO - Produced token: Questions
2025-06-19 10:25:17,096 - streaming_ordering_chatbot.api.flows.conversation_flows_SK - INFO - Produced token:  Asked
2025-06-19 10:25:17,149 - streaming_ordering_chatbot.api.flows.conversation_flows_SK - INFO - Produced token: **
2025-06-19 10:25:17,202 - streaming_ordering_chatbot.api.flows.conversation_flows_SK - INFO - Produced token: :
2025-06-19 10:25:17,255 - streaming_ordering_chatbot.api.flows.conversation_flows_SK - INFO - Produced token:  The
2025-06-19 10:25:17,308 - streaming_ordering_chatbot.api.flows.conversation_flows_SK - INFO - Produced token:  user
2025-06-19 10:25:17,493 - streaming_ordering_chatbot.api.flows.conversation_flows_SK - INFO - Produced token:  in
2025-06-19 10:25:17,545 - streaming_ordering_chatbot.api.flows.conversation_flows_SK - INFO - Produced token: quired
2025-06-19 10:25:17,598 - streaming_ordering_chatbot.api.flows.conversation_flows_SK - INFO - Produced token:  about
2025-06-19 10:25:17,650 - streaming_ordering_chatbot.api.flows.conversation_flows_SK - INFO - Produced token:  adding
2025-06-19 10:25:17,703 - streaming_ordering_chatbot.api.flows.conversation_flows_SK - INFO - Produced token:  a
2025-06-19 10:25:17,889 - streaming_ordering_chatbot.api.flows.conversation_flows_SK - INFO - Produced token:  chocolate
2025-06-19 10:25:17,941 - streaming_ordering_chatbot.api.flows.conversation_flows_SK - INFO - Produced token:  milk
2025-06-19 10:25:17,994 - streaming_ordering_chatbot.api.flows.conversation_flows_SK - INFO - Produced token: shake
2025-06-19 10:25:18,047 - streaming_ordering_chatbot.api.flows.conversation_flows_SK - INFO - Produced token:  to
2025-06-19 10:25:18,100 - streaming_ordering_chatbot.api.flows.conversation_flows_SK - INFO - Produced token:  their
2025-06-19 10:25:18,282 - streaming_ordering_chatbot.api.flows.conversation_flows_SK - INFO - Produced token:  order
2025-06-19 10:25:18,335 - streaming_ordering_chatbot.api.flows.conversation_flows_SK - INFO - Produced token: .

2025-06-19 10:25:18,387 - streaming_ordering_chatbot.api.flows.conversation_flows_SK - INFO - Produced token: -
2025-06-19 10:25:18,439 - streaming_ordering_chatbot.api.flows.conversation_flows_SK - INFO - Produced token:  **
2025-06-19 10:25:18,491 - streaming_ordering_chatbot.api.flows.conversation_flows_SK - INFO - Produced token: Next
2025-06-19 10:25:18,696 - streaming_ordering_chatbot.api.flows.conversation_flows_SK - INFO - Produced token:  Steps
2025-06-19 10:25:18,748 - streaming_ordering_chatbot.api.flows.conversation_flows_SK - INFO - Produced token: **
2025-06-19 10:25:18,800 - streaming_ordering_chatbot.api.flows.conversation_flows_SK - INFO - Produced token: :
2025-06-19 10:25:18,852 - streaming_ordering_chatbot.api.flows.conversation_flows_SK - INFO - Produced token:  Process
2025-06-19 10:25:18,904 - streaming_ordering_chatbot.api.flows.conversation_flows_SK - INFO - Produced token:  the
2025-06-19 10:25:19,094 - streaming_ordering_chatbot.api.flows.conversation_flows_SK - INFO - Produced token:  order
2025-06-19 10:25:19,147 - streaming_ordering_chatbot.api.flows.conversation_flows_SK - INFO - Produced token:  as
2025-06-19 10:25:19,200 - streaming_ordering_chatbot.api.flows.conversation_flows_SK - INFO - Produced token:  specified
2025-06-19 10:25:19,252 - streaming_ordering_chatbot.api.flows.conversation_flows_SK - INFO - Produced token: .
2025-06-19 10:25:19,304 - streaming_ordering_chatbot.api.flows.conversation_flows_SK - INFO - Produced token:  No
2025-06-19 10:25:19,487 - streaming_ordering_chatbot.api.flows.conversation_flows_SK - INFO - Produced token:  further
2025-06-19 10:25:19,539 - streaming_ordering_chatbot.api.flows.conversation_flows_SK - INFO - Produced token:  follow
2025-06-19 10:25:19,590 - streaming_ordering_chatbot.api.flows.conversation_flows_SK - INFO - Produced token: -ups
2025-06-19 10:25:19,642 - streaming_ordering_chatbot.api.flows.conversation_flows_SK - INFO - Produced token:  needed
2025-06-19 10:25:19,694 - streaming_ordering_chatbot.api.flows.conversation_flows_SK - INFO - Produced token:  unless
2025-06-19 10:25:19,880 - streaming_ordering_chatbot.api.flows.conversation_flows_SK - INFO - Produced token:  there
2025-06-19 10:25:19,932 - streaming_ordering_chatbot.api.flows.conversation_flows_SK - INFO - Produced token:  are
2025-06-19 10:25:20,007 - streaming_ordering_chatbot.api.flows.conversation_flows_SK - INFO - Produced token:  issues
2025-06-19 10:25:20,058 - streaming_ordering_chatbot.api.flows.conversation_flows_SK - INFO - Produced token:  with
2025-06-19 10:25:20,110 - streaming_ordering_chatbot.api.flows.conversation_flows_SK - INFO - Produced token:  the
2025-06-19 10:25:20,318 - streaming_ordering_chatbot.api.flows.conversation_flows_SK - INFO - Produced token:  order
2025-06-19 10:25:20,370 - streaming_ordering_chatbot.api.flows.conversation_flows_SK - INFO - Produced token: .
2025-06-19 10:35:05,966 - streaming_ordering_chatbot.api.flows.conversation_flows_SK - INFO - Produced token: Welcome
2025-06-19 10:35:06,843 - streaming_ordering_chatbot.api.flows.conversation_flows_SK - INFO - Produced token:  to
2025-06-19 10:35:06,895 - streaming_ordering_chatbot.api.flows.conversation_flows_SK - INFO - Produced token:  Cont
2025-06-19 10:35:06,947 - streaming_ordering_chatbot.api.flows.conversation_flows_SK - INFO - Produced token: oso
2025-06-19 10:35:07,000 - streaming_ordering_chatbot.api.flows.conversation_flows_SK - INFO - Produced token:  Restaurant
2025-06-19 10:35:07,052 - streaming_ordering_chatbot.api.flows.conversation_flows_SK - INFO - Produced token: !
2025-06-19 10:35:07,231 - streaming_ordering_chatbot.api.flows.conversation_flows_SK - INFO - Produced token:  How
2025-06-19 10:35:07,283 - streaming_ordering_chatbot.api.flows.conversation_flows_SK - INFO - Produced token:  can
2025-06-19 10:35:07,336 - streaming_ordering_chatbot.api.flows.conversation_flows_SK - INFO - Produced token:  I
2025-06-19 10:35:07,388 - streaming_ordering_chatbot.api.flows.conversation_flows_SK - INFO - Produced token:  assist
2025-06-19 10:35:07,440 - streaming_ordering_chatbot.api.flows.conversation_flows_SK - INFO - Produced token:  you
2025-06-19 10:35:07,621 - streaming_ordering_chatbot.api.flows.conversation_flows_SK - INFO - Produced token:  today
2025-06-19 10:35:07,673 - streaming_ordering_chatbot.api.flows.conversation_flows_SK - INFO - Produced token: ?
2025-06-19 10:35:07,725 - streaming_ordering_chatbot.api.flows.conversation_flows_SK - INFO - Produced token:  I
2025-06-19 10:35:07,776 - streaming_ordering_chatbot.api.flows.conversation_flows_SK - INFO - Produced token:  can
2025-06-19 10:35:07,829 - streaming_ordering_chatbot.api.flows.conversation_flows_SK - INFO - Produced token:  help
2025-06-19 10:35:08,048 - streaming_ordering_chatbot.api.flows.conversation_flows_SK - INFO - Produced token:  answer
2025-06-19 10:35:08,100 - streaming_ordering_chatbot.api.flows.conversation_flows_SK - INFO - Produced token:  questions
2025-06-19 10:35:08,152 - streaming_ordering_chatbot.api.flows.conversation_flows_SK - INFO - Produced token:  about
2025-06-19 10:35:08,203 - streaming_ordering_chatbot.api.flows.conversation_flows_SK - INFO - Produced token:  the
2025-06-19 10:35:08,255 - streaming_ordering_chatbot.api.flows.conversation_flows_SK - INFO - Produced token:  menu
2025-06-19 10:35:08,437 - streaming_ordering_chatbot.api.flows.conversation_flows_SK - INFO - Produced token: ,
2025-06-19 10:35:08,489 - streaming_ordering_chatbot.api.flows.conversation_flows_SK - INFO - Produced token:  take
2025-06-19 10:35:08,541 - streaming_ordering_chatbot.api.flows.conversation_flows_SK - INFO - Produced token:  or
2025-06-19 10:35:08,594 - streaming_ordering_chatbot.api.flows.conversation_flows_SK - INFO - Produced token:  modify
2025-06-19 10:35:08,646 - streaming_ordering_chatbot.api.flows.conversation_flows_SK - INFO - Produced token:  your
2025-06-19 10:35:08,841 - streaming_ordering_chatbot.api.flows.conversation_flows_SK - INFO - Produced token:  order
2025-06-19 10:35:08,893 - streaming_ordering_chatbot.api.flows.conversation_flows_SK - INFO - Produced token: ,
2025-06-19 10:35:08,945 - streaming_ordering_chatbot.api.flows.conversation_flows_SK - INFO - Produced token:  or
2025-06-19 10:35:08,996 - streaming_ordering_chatbot.api.flows.conversation_flows_SK - INFO - Produced token:  provide
2025-06-19 10:35:09,048 - streaming_ordering_chatbot.api.flows.conversation_flows_SK - INFO - Produced token:  information
2025-06-19 10:35:09,237 - streaming_ordering_chatbot.api.flows.conversation_flows_SK - INFO - Produced token:  about
2025-06-19 10:35:09,289 - streaming_ordering_chatbot.api.flows.conversation_flows_SK - INFO - Produced token:  our
2025-06-19 10:35:09,340 - streaming_ordering_chatbot.api.flows.conversation_flows_SK - INFO - Produced token:  restaurant
2025-06-19 10:35:09,393 - streaming_ordering_chatbot.api.flows.conversation_flows_SK - INFO - Produced token: .
2025-06-19 10:35:09,445 - streaming_ordering_chatbot.api.flows.conversation_flows_SK - INFO - Produced token:  Let
2025-06-19 10:35:09,633 - streaming_ordering_chatbot.api.flows.conversation_flows_SK - INFO - Produced token:  me
2025-06-19 10:35:09,685 - streaming_ordering_chatbot.api.flows.conversation_flows_SK - INFO - Produced token:  know
2025-06-19 10:35:09,737 - streaming_ordering_chatbot.api.flows.conversation_flows_SK - INFO - Produced token:  how
2025-06-19 10:35:09,790 - streaming_ordering_chatbot.api.flows.conversation_flows_SK - INFO - Produced token:  I
2025-06-19 10:35:09,841 - streaming_ordering_chatbot.api.flows.conversation_flows_SK - INFO - Produced token:  can
2025-06-19 10:35:10,030 - streaming_ordering_chatbot.api.flows.conversation_flows_SK - INFO - Produced token:  help
2025-06-19 10:35:10,083 - streaming_ordering_chatbot.api.flows.conversation_flows_SK - INFO - Produced token: !
2025-06-19 10:35:13,084 - streaming_ordering_chatbot.api.flows.conversation_flows_SK - INFO - Produced token: Hello
2025-06-19 10:35:13,266 - streaming_ordering_chatbot.api.flows.conversation_flows_SK - INFO - Produced token: !
2025-06-19 10:35:13,319 - streaming_ordering_chatbot.api.flows.conversation_flows_SK - INFO - Produced token:  Would
2025-06-19 10:35:13,370 - streaming_ordering_chatbot.api.flows.conversation_flows_SK - INFO - Produced token:  you
2025-06-19 10:35:13,422 - streaming_ordering_chatbot.api.flows.conversation_flows_SK - INFO - Produced token:  like
2025-06-19 10:35:13,474 - streaming_ordering_chatbot.api.flows.conversation_flows_SK - INFO - Produced token:  fries
2025-06-19 10:35:13,660 - streaming_ordering_chatbot.api.flows.conversation_flows_SK - INFO - Produced token:  in
2025-06-19 10:35:13,712 - streaming_ordering_chatbot.api.flows.conversation_flows_SK - INFO - Produced token:  small
2025-06-19 10:35:13,764 - streaming_ordering_chatbot.api.flows.conversation_flows_SK - INFO - Produced token: ,
2025-06-19 10:35:13,817 - streaming_ordering_chatbot.api.flows.conversation_flows_SK - INFO - Produced token:  medium
2025-06-19 10:35:13,869 - streaming_ordering_chatbot.api.flows.conversation_flows_SK - INFO - Produced token:  (
2025-06-19 10:35:14,052 - streaming_ordering_chatbot.api.flows.conversation_flows_SK - INFO - Produced token: default
2025-06-19 10:35:14,105 - streaming_ordering_chatbot.api.flows.conversation_flows_SK - INFO - Produced token: ),
2025-06-19 10:35:14,157 - streaming_ordering_chatbot.api.flows.conversation_flows_SK - INFO - Produced token:  or
2025-06-19 10:35:14,209 - streaming_ordering_chatbot.api.flows.conversation_flows_SK - INFO - Produced token:  large
2025-06-19 10:35:14,262 - streaming_ordering_chatbot.api.flows.conversation_flows_SK - INFO - Produced token:  size
2025-06-19 10:35:14,447 - streaming_ordering_chatbot.api.flows.conversation_flows_SK - INFO - Produced token: ?
2025-06-19 10:35:14,500 - streaming_ordering_chatbot.api.flows.conversation_flows_SK - INFO - Produced token:  And
2025-06-19 10:35:14,552 - streaming_ordering_chatbot.api.flows.conversation_flows_SK - INFO - Produced token:  do
2025-06-19 10:35:14,605 - streaming_ordering_chatbot.api.flows.conversation_flows_SK - INFO - Produced token:  you
2025-06-19 10:35:14,657 - streaming_ordering_chatbot.api.flows.conversation_flows_SK - INFO - Produced token:  prefer
2025-06-19 10:35:14,846 - streaming_ordering_chatbot.api.flows.conversation_flows_SK - INFO - Produced token:  regular
2025-06-19 10:35:14,898 - streaming_ordering_chatbot.api.flows.conversation_flows_SK - INFO - Produced token:  salt
2025-06-19 10:35:14,950 - streaming_ordering_chatbot.api.flows.conversation_flows_SK - INFO - Produced token:  (
2025-06-19 10:35:15,002 - streaming_ordering_chatbot.api.flows.conversation_flows_SK - INFO - Produced token: default
2025-06-19 10:35:15,055 - streaming_ordering_chatbot.api.flows.conversation_flows_SK - INFO - Produced token: )
2025-06-19 10:35:15,257 - streaming_ordering_chatbot.api.flows.conversation_flows_SK - INFO - Produced token:  or
2025-06-19 10:35:15,309 - streaming_ordering_chatbot.api.flows.conversation_flows_SK - INFO - Produced token:  no
2025-06-19 10:35:15,360 - streaming_ordering_chatbot.api.flows.conversation_flows_SK - INFO - Produced token:  salt
2025-06-19 10:35:15,413 - streaming_ordering_chatbot.api.flows.conversation_flows_SK - INFO - Produced token: ?
2025-06-19 10:35:18,182 - streaming_ordering_chatbot.api.flows.conversation_flows_SK - INFO - Produced token: Summary
2025-06-19 10:35:18,394 - streaming_ordering_chatbot.api.flows.conversation_flows_SK - INFO - Produced token:  of
2025-06-19 10:35:18,446 - streaming_ordering_chatbot.api.flows.conversation_flows_SK - INFO - Produced token:  Interaction
2025-06-19 10:35:18,499 - streaming_ordering_chatbot.api.flows.conversation_flows_SK - INFO - Produced token: :


2025-06-19 10:35:18,552 - streaming_ordering_chatbot.api.flows.conversation_flows_SK - INFO - Produced token: -
2025-06-19 10:35:18,604 - streaming_ordering_chatbot.api.flows.conversation_flows_SK - INFO - Produced token:  **
2025-06-19 10:35:18,920 - streaming_ordering_chatbot.api.flows.conversation_flows_SK - INFO - Produced token: Main
2025-06-19 10:35:18,972 - streaming_ordering_chatbot.api.flows.conversation_flows_SK - INFO - Produced token:  topics
2025-06-19 10:35:19,024 - streaming_ordering_chatbot.api.flows.conversation_flows_SK - INFO - Produced token:  discussed
2025-06-19 10:35:19,077 - streaming_ordering_chatbot.api.flows.conversation_flows_SK - INFO - Produced token: :**
2025-06-19 10:35:19,128 - streaming_ordering_chatbot.api.flows.conversation_flows_SK - INFO - Produced token:  The
2025-06-19 10:35:19,310 - streaming_ordering_chatbot.api.flows.conversation_flows_SK - INFO - Produced token:  user
2025-06-19 10:35:19,361 - streaming_ordering_chatbot.api.flows.conversation_flows_SK - INFO - Produced token:  initiated
2025-06-19 10:35:19,413 - streaming_ordering_chatbot.api.flows.conversation_flows_SK - INFO - Produced token:  the
2025-06-19 10:35:19,465 - streaming_ordering_chatbot.api.flows.conversation_flows_SK - INFO - Produced token:  conversation
2025-06-19 10:35:19,518 - streaming_ordering_chatbot.api.flows.conversation_flows_SK - INFO - Produced token:  with
2025-06-19 10:35:20,040 - streaming_ordering_chatbot.api.flows.conversation_flows_SK - INFO - Produced token:  a
2025-06-19 10:35:20,093 - streaming_ordering_chatbot.api.flows.conversation_flows_SK - INFO - Produced token:  greeting
2025-06-19 10:35:20,145 - streaming_ordering_chatbot.api.flows.conversation_flows_SK - INFO - Produced token:  and
2025-06-19 10:35:20,197 - streaming_ordering_chatbot.api.flows.conversation_flows_SK - INFO - Produced token:  mentioned
2025-06-19 10:35:20,249 - streaming_ordering_chatbot.api.flows.conversation_flows_SK - INFO - Produced token:  "
2025-06-19 10:35:20,457 - streaming_ordering_chatbot.api.flows.conversation_flows_SK - INFO - Produced token: fr
2025-06-19 10:35:20,509 - streaming_ordering_chatbot.api.flows.conversation_flows_SK - INFO - Produced token: ies
2025-06-19 10:35:20,561 - streaming_ordering_chatbot.api.flows.conversation_flows_SK - INFO - Produced token: ."

2025-06-19 10:35:20,613 - streaming_ordering_chatbot.api.flows.conversation_flows_SK - INFO - Produced token: -
2025-06-19 10:35:20,665 - streaming_ordering_chatbot.api.flows.conversation_flows_SK - INFO - Produced token:  **
2025-06-19 10:35:20,847 - streaming_ordering_chatbot.api.flows.conversation_flows_SK - INFO - Produced token: Specific
2025-06-19 10:35:20,899 - streaming_ordering_chatbot.api.flows.conversation_flows_SK - INFO - Produced token:  preferences
2025-06-19 10:35:20,951 - streaming_ordering_chatbot.api.flows.conversation_flows_SK - INFO - Produced token:  mentioned
2025-06-19 10:35:21,002 - streaming_ordering_chatbot.api.flows.conversation_flows_SK - INFO - Produced token: :**
2025-06-19 10:35:21,054 - streaming_ordering_chatbot.api.flows.conversation_flows_SK - INFO - Produced token:  None
2025-06-19 10:35:21,239 - streaming_ordering_chatbot.api.flows.conversation_flows_SK - INFO - Produced token:  explicitly
2025-06-19 10:35:21,291 - streaming_ordering_chatbot.api.flows.conversation_flows_SK - INFO - Produced token:  stated
2025-06-19 10:35:21,343 - streaming_ordering_chatbot.api.flows.conversation_flows_SK - INFO - Produced token: .

2025-06-19 10:35:21,396 - streaming_ordering_chatbot.api.flows.conversation_flows_SK - INFO - Produced token: -
2025-06-19 10:35:21,448 - streaming_ordering_chatbot.api.flows.conversation_flows_SK - INFO - Produced token:  **
2025-06-19 10:35:21,635 - streaming_ordering_chatbot.api.flows.conversation_flows_SK - INFO - Produced token: Questions
2025-06-19 10:35:21,687 - streaming_ordering_chatbot.api.flows.conversation_flows_SK - INFO - Produced token:  asked
2025-06-19 10:35:21,740 - streaming_ordering_chatbot.api.flows.conversation_flows_SK - INFO - Produced token:  and
2025-06-19 10:35:21,792 - streaming_ordering_chatbot.api.flows.conversation_flows_SK - INFO - Produced token:  answered
2025-06-19 10:35:21,844 - streaming_ordering_chatbot.api.flows.conversation_flows_SK - INFO - Produced token: :**
2025-06-19 10:35:22,025 - streaming_ordering_chatbot.api.flows.conversation_flows_SK - INFO - Produced token:  No
2025-06-19 10:35:22,077 - streaming_ordering_chatbot.api.flows.conversation_flows_SK - INFO - Produced token:  questions
2025-06-19 10:35:22,128 - streaming_ordering_chatbot.api.flows.conversation_flows_SK - INFO - Produced token:  were
2025-06-19 10:35:22,180 - streaming_ordering_chatbot.api.flows.conversation_flows_SK - INFO - Produced token:  asked
2025-06-19 10:35:22,232 - streaming_ordering_chatbot.api.flows.conversation_flows_SK - INFO - Produced token:  or
2025-06-19 10:35:22,417 - streaming_ordering_chatbot.api.flows.conversation_flows_SK - INFO - Produced token:  answered
2025-06-19 10:35:22,469 - streaming_ordering_chatbot.api.flows.conversation_flows_SK - INFO - Produced token:  in
2025-06-19 10:35:22,522 - streaming_ordering_chatbot.api.flows.conversation_flows_SK - INFO - Produced token:  this
2025-06-19 10:35:22,594 - streaming_ordering_chatbot.api.flows.conversation_flows_SK - INFO - Produced token:  brief
2025-06-19 10:35:22,648 - streaming_ordering_chatbot.api.flows.conversation_flows_SK - INFO - Produced token:  exchange
2025-06-19 10:35:22,840 - streaming_ordering_chatbot.api.flows.conversation_flows_SK - INFO - Produced token: .

2025-06-19 10:35:22,892 - streaming_ordering_chatbot.api.flows.conversation_flows_SK - INFO - Produced token: -
2025-06-19 10:35:22,944 - streaming_ordering_chatbot.api.flows.conversation_flows_SK - INFO - Produced token:  **
2025-06-19 10:35:22,996 - streaming_ordering_chatbot.api.flows.conversation_flows_SK - INFO - Produced token: Next
2025-06-19 10:35:23,049 - streaming_ordering_chatbot.api.flows.conversation_flows_SK - INFO - Produced token:  steps
2025-06-19 10:35:23,231 - streaming_ordering_chatbot.api.flows.conversation_flows_SK - INFO - Produced token:  or
2025-06-19 10:35:23,284 - streaming_ordering_chatbot.api.flows.conversation_flows_SK - INFO - Produced token:  follow
2025-06-19 10:35:23,336 - streaming_ordering_chatbot.api.flows.conversation_flows_SK - INFO - Produced token: -ups
2025-06-19 10:35:23,387 - streaming_ordering_chatbot.api.flows.conversation_flows_SK - INFO - Produced token:  needed
2025-06-19 10:35:23,439 - streaming_ordering_chatbot.api.flows.conversation_flows_SK - INFO - Produced token: :**
2025-06-19 10:35:23,619 - streaming_ordering_chatbot.api.flows.conversation_flows_SK - INFO - Produced token:  Clar
2025-06-19 10:35:23,671 - streaming_ordering_chatbot.api.flows.conversation_flows_SK - INFO - Produced token: ify
2025-06-19 10:35:23,723 - streaming_ordering_chatbot.api.flows.conversation_flows_SK - INFO - Produced token:  if
2025-06-19 10:35:23,775 - streaming_ordering_chatbot.api.flows.conversation_flows_SK - INFO - Produced token:  the
2025-06-19 10:35:23,827 - streaming_ordering_chatbot.api.flows.conversation_flows_SK - INFO - Produced token:  user
2025-06-19 10:35:24,021 - streaming_ordering_chatbot.api.flows.conversation_flows_SK - INFO - Produced token:  would
2025-06-19 10:35:24,073 - streaming_ordering_chatbot.api.flows.conversation_flows_SK - INFO - Produced token:  like
2025-06-19 10:35:24,126 - streaming_ordering_chatbot.api.flows.conversation_flows_SK - INFO - Produced token:  to
2025-06-19 10:35:24,179 - streaming_ordering_chatbot.api.flows.conversation_flows_SK - INFO - Produced token:  order
2025-06-19 10:35:24,230 - streaming_ordering_chatbot.api.flows.conversation_flows_SK - INFO - Produced token:  fries
2025-06-19 10:35:24,416 - streaming_ordering_chatbot.api.flows.conversation_flows_SK - INFO - Produced token:  or
2025-06-19 10:35:24,467 - streaming_ordering_chatbot.api.flows.conversation_flows_SK - INFO - Produced token:  inquire
2025-06-19 10:35:24,519 - streaming_ordering_chatbot.api.flows.conversation_flows_SK - INFO - Produced token:  further
2025-06-19 10:35:24,572 - streaming_ordering_chatbot.api.flows.conversation_flows_SK - INFO - Produced token:  about
2025-06-19 10:35:24,624 - streaming_ordering_chatbot.api.flows.conversation_flows_SK - INFO - Produced token:  menu
2025-06-19 10:35:24,815 - streaming_ordering_chatbot.api.flows.conversation_flows_SK - INFO - Produced token:  options
2025-06-19 10:35:24,867 - streaming_ordering_chatbot.api.flows.conversation_flows_SK - INFO - Produced token:  and
2025-06-19 10:35:24,919 - streaming_ordering_chatbot.api.flows.conversation_flows_SK - INFO - Produced token:  preferences
2025-06-19 10:35:24,971 - streaming_ordering_chatbot.api.flows.conversation_flows_SK - INFO - Produced token: .
2025-06-19 10:44:35,233 - streaming_ordering_chatbot.api.flows.conversation_flows_SK - INFO - Produced token: Welcome
2025-06-19 10:44:35,763 - streaming_ordering_chatbot.api.flows.conversation_flows_SK - INFO - Produced token:  to
2025-06-19 10:44:35,815 - streaming_ordering_chatbot.api.flows.conversation_flows_SK - INFO - Produced token:  Cont
2025-06-19 10:44:35,867 - streaming_ordering_chatbot.api.flows.conversation_flows_SK - INFO - Produced token: oso
2025-06-19 10:44:35,919 - streaming_ordering_chatbot.api.flows.conversation_flows_SK - INFO - Produced token:  Restaurant
2025-06-19 10:44:35,971 - streaming_ordering_chatbot.api.flows.conversation_flows_SK - INFO - Produced token: !
2025-06-19 10:44:36,157 - streaming_ordering_chatbot.api.flows.conversation_flows_SK - INFO - Produced token:  How
2025-06-19 10:44:36,209 - streaming_ordering_chatbot.api.flows.conversation_flows_SK - INFO - Produced token:  can
2025-06-19 10:44:36,261 - streaming_ordering_chatbot.api.flows.conversation_flows_SK - INFO - Produced token:  I
2025-06-19 10:44:36,313 - streaming_ordering_chatbot.api.flows.conversation_flows_SK - INFO - Produced token:  assist
2025-06-19 10:44:36,365 - streaming_ordering_chatbot.api.flows.conversation_flows_SK - INFO - Produced token:  you
2025-06-19 10:44:36,634 - streaming_ordering_chatbot.api.flows.conversation_flows_SK - INFO - Produced token:  today
2025-06-19 10:44:36,687 - streaming_ordering_chatbot.api.flows.conversation_flows_SK - INFO - Produced token: ?
2025-06-19 10:44:36,739 - streaming_ordering_chatbot.api.flows.conversation_flows_SK - INFO - Produced token:  I
2025-06-19 10:44:36,791 - streaming_ordering_chatbot.api.flows.conversation_flows_SK - INFO - Produced token:  can
2025-06-19 10:44:36,843 - streaming_ordering_chatbot.api.flows.conversation_flows_SK - INFO - Produced token:  help
2025-06-19 10:44:37,037 - streaming_ordering_chatbot.api.flows.conversation_flows_SK - INFO - Produced token:  with
2025-06-19 10:44:37,089 - streaming_ordering_chatbot.api.flows.conversation_flows_SK - INFO - Produced token:  questions
2025-06-19 10:44:37,141 - streaming_ordering_chatbot.api.flows.conversation_flows_SK - INFO - Produced token:  about
2025-06-19 10:44:37,193 - streaming_ordering_chatbot.api.flows.conversation_flows_SK - INFO - Produced token:  the
2025-06-19 10:44:37,245 - streaming_ordering_chatbot.api.flows.conversation_flows_SK - INFO - Produced token:  menu
2025-06-19 10:44:37,430 - streaming_ordering_chatbot.api.flows.conversation_flows_SK - INFO - Produced token: ,
2025-06-19 10:44:37,482 - streaming_ordering_chatbot.api.flows.conversation_flows_SK - INFO - Produced token:  taking
2025-06-19 10:44:37,533 - streaming_ordering_chatbot.api.flows.conversation_flows_SK - INFO - Produced token:  or
2025-06-19 10:44:37,585 - streaming_ordering_chatbot.api.flows.conversation_flows_SK - INFO - Produced token:  modifying
2025-06-19 10:44:37,638 - streaming_ordering_chatbot.api.flows.conversation_flows_SK - INFO - Produced token:  orders
2025-06-19 10:44:37,826 - streaming_ordering_chatbot.api.flows.conversation_flows_SK - INFO - Produced token: ,
2025-06-19 10:44:37,879 - streaming_ordering_chatbot.api.flows.conversation_flows_SK - INFO - Produced token:  and
2025-06-19 10:44:37,931 - streaming_ordering_chatbot.api.flows.conversation_flows_SK - INFO - Produced token:  providing
2025-06-19 10:44:37,983 - streaming_ordering_chatbot.api.flows.conversation_flows_SK - INFO - Produced token:  information
2025-06-19 10:44:38,035 - streaming_ordering_chatbot.api.flows.conversation_flows_SK - INFO - Produced token:  about
2025-06-19 10:44:38,217 - streaming_ordering_chatbot.api.flows.conversation_flows_SK - INFO - Produced token:  our
2025-06-19 10:44:38,270 - streaming_ordering_chatbot.api.flows.conversation_flows_SK - INFO - Produced token:  restaurant
2025-06-19 10:44:38,322 - streaming_ordering_chatbot.api.flows.conversation_flows_SK - INFO - Produced token: .
2025-06-19 10:44:52,290 - streaming_ordering_chatbot.api.flows.conversation_flows_SK - INFO - Produced token: Hello
2025-06-19 10:44:52,476 - streaming_ordering_chatbot.api.flows.conversation_flows_SK - INFO - Produced token: !
2025-06-19 10:44:52,528 - streaming_ordering_chatbot.api.flows.conversation_flows_SK - INFO - Produced token:  Here's
2025-06-19 10:44:52,579 - streaming_ordering_chatbot.api.flows.conversation_flows_SK - INFO - Produced token:  what's
2025-06-19 10:44:52,630 - streaming_ordering_chatbot.api.flows.conversation_flows_SK - INFO - Produced token:  on
2025-06-19 10:44:52,682 - streaming_ordering_chatbot.api.flows.conversation_flows_SK - INFO - Produced token:  our
2025-06-19 10:44:52,867 - streaming_ordering_chatbot.api.flows.conversation_flows_SK - INFO - Produced token:  menu
2025-06-19 10:44:52,919 - streaming_ordering_chatbot.api.flows.conversation_flows_SK - INFO - Produced token: :


2025-06-19 10:44:52,970 - streaming_ordering_chatbot.api.flows.conversation_flows_SK - INFO - Produced token: ###
2025-06-19 10:44:53,021 - streaming_ordering_chatbot.api.flows.conversation_flows_SK - INFO - Produced token:  **
2025-06-19 10:44:53,073 - streaming_ordering_chatbot.api.flows.conversation_flows_SK - INFO - Produced token: B
2025-06-19 10:44:53,258 - streaming_ordering_chatbot.api.flows.conversation_flows_SK - INFO - Produced token: urg
2025-06-19 10:44:53,309 - streaming_ordering_chatbot.api.flows.conversation_flows_SK - INFO - Produced token: ers
2025-06-19 10:44:53,361 - streaming_ordering_chatbot.api.flows.conversation_flows_SK - INFO - Produced token: **
2025-06-19 10:44:53,412 - streaming_ordering_chatbot.api.flows.conversation_flows_SK - INFO - Produced token:   

2025-06-19 10:44:53,464 - streaming_ordering_chatbot.api.flows.conversation_flows_SK - INFO - Produced token: -
2025-06-19 10:44:53,656 - streaming_ordering_chatbot.api.flows.conversation_flows_SK - INFO - Produced token:  **
2025-06-19 10:44:53,708 - streaming_ordering_chatbot.api.flows.conversation_flows_SK - INFO - Produced token: Types
2025-06-19 10:44:53,759 - streaming_ordering_chatbot.api.flows.conversation_flows_SK - INFO - Produced token: **
2025-06-19 10:44:53,810 - streaming_ordering_chatbot.api.flows.conversation_flows_SK - INFO - Produced token: :
2025-06-19 10:44:53,863 - streaming_ordering_chatbot.api.flows.conversation_flows_SK - INFO - Produced token:  Hamburger
2025-06-19 10:44:54,048 - streaming_ordering_chatbot.api.flows.conversation_flows_SK - INFO - Produced token: ,
2025-06-19 10:44:54,099 - streaming_ordering_chatbot.api.flows.conversation_flows_SK - INFO - Produced token:  Chees
2025-06-19 10:44:54,151 - streaming_ordering_chatbot.api.flows.conversation_flows_SK - INFO - Produced token: eb
2025-06-19 10:44:54,203 - streaming_ordering_chatbot.api.flows.conversation_flows_SK - INFO - Produced token: urger
2025-06-19 10:44:54,255 - streaming_ordering_chatbot.api.flows.conversation_flows_SK - INFO - Produced token: ,
2025-06-19 10:44:54,439 - streaming_ordering_chatbot.api.flows.conversation_flows_SK - INFO - Produced token:  Black
2025-06-19 10:44:54,491 - streaming_ordering_chatbot.api.flows.conversation_flows_SK - INFO - Produced token:  Bean
2025-06-19 10:44:54,544 - streaming_ordering_chatbot.api.flows.conversation_flows_SK - INFO - Produced token:  Burger
2025-06-19 10:44:54,596 - streaming_ordering_chatbot.api.flows.conversation_flows_SK - INFO - Produced token:  (
2025-06-19 10:44:54,648 - streaming_ordering_chatbot.api.flows.conversation_flows_SK - INFO - Produced token: veget
2025-06-19 10:44:54,831 - streaming_ordering_chatbot.api.flows.conversation_flows_SK - INFO - Produced token: arian
2025-06-19 10:44:54,882 - streaming_ordering_chatbot.api.flows.conversation_flows_SK - INFO - Produced token: )
2025-06-19 10:44:54,933 - streaming_ordering_chatbot.api.flows.conversation_flows_SK - INFO - Produced token:   

2025-06-19 10:44:54,985 - streaming_ordering_chatbot.api.flows.conversation_flows_SK - INFO - Produced token: -
2025-06-19 10:44:55,038 - streaming_ordering_chatbot.api.flows.conversation_flows_SK - INFO - Produced token:  **
2025-06-19 10:44:55,358 - streaming_ordering_chatbot.api.flows.conversation_flows_SK - INFO - Produced token: Options
2025-06-19 10:44:55,410 - streaming_ordering_chatbot.api.flows.conversation_flows_SK - INFO - Produced token: **
2025-06-19 10:44:55,461 - streaming_ordering_chatbot.api.flows.conversation_flows_SK - INFO - Produced token: :
2025-06-19 10:44:55,513 - streaming_ordering_chatbot.api.flows.conversation_flows_SK - INFO - Produced token:  

2025-06-19 10:44:55,566 - streaming_ordering_chatbot.api.flows.conversation_flows_SK - INFO - Produced token:  
2025-06-19 10:44:55,619 - streaming_ordering_chatbot.api.flows.conversation_flows_SK - INFO - Produced token:  -
2025-06-19 10:44:55,671 - streaming_ordering_chatbot.api.flows.conversation_flows_SK - INFO - Produced token:  **
2025-06-19 10:44:55,724 - streaming_ordering_chatbot.api.flows.conversation_flows_SK - INFO - Produced token: P
2025-06-19 10:44:55,776 - streaming_ordering_chatbot.api.flows.conversation_flows_SK - INFO - Produced token: att
2025-06-19 10:44:55,828 - streaming_ordering_chatbot.api.flows.conversation_flows_SK - INFO - Produced token: ies
2025-06-19 10:44:56,011 - streaming_ordering_chatbot.api.flows.conversation_flows_SK - INFO - Produced token: **
2025-06-19 10:44:56,064 - streaming_ordering_chatbot.api.flows.conversation_flows_SK - INFO - Produced token: :
2025-06-19 10:44:56,116 - streaming_ordering_chatbot.api.flows.conversation_flows_SK - INFO - Produced token:  Single
2025-06-19 10:44:56,167 - streaming_ordering_chatbot.api.flows.conversation_flows_SK - INFO - Produced token:  (
2025-06-19 10:44:56,219 - streaming_ordering_chatbot.api.flows.conversation_flows_SK - INFO - Produced token: default
2025-06-19 10:44:56,400 - streaming_ordering_chatbot.api.flows.conversation_flows_SK - INFO - Produced token: )
2025-06-19 10:44:56,452 - streaming_ordering_chatbot.api.flows.conversation_flows_SK - INFO - Produced token:  or
2025-06-19 10:44:56,504 - streaming_ordering_chatbot.api.flows.conversation_flows_SK - INFO - Produced token:  Double
2025-06-19 10:44:56,556 - streaming_ordering_chatbot.api.flows.conversation_flows_SK - INFO - Produced token:   

2025-06-19 10:44:56,609 - streaming_ordering_chatbot.api.flows.conversation_flows_SK - INFO - Produced token:  
2025-06-19 10:44:56,661 - streaming_ordering_chatbot.api.flows.conversation_flows_SK - INFO - Produced token:  -
2025-06-19 10:44:56,714 - streaming_ordering_chatbot.api.flows.conversation_flows_SK - INFO - Produced token:  **
2025-06-19 10:44:56,767 - streaming_ordering_chatbot.api.flows.conversation_flows_SK - INFO - Produced token: Size
2025-06-19 10:44:56,819 - streaming_ordering_chatbot.api.flows.conversation_flows_SK - INFO - Produced token: **
2025-06-19 10:44:56,871 - streaming_ordering_chatbot.api.flows.conversation_flows_SK - INFO - Produced token: :
2025-06-19 10:44:57,050 - streaming_ordering_chatbot.api.flows.conversation_flows_SK - INFO - Produced token:  Quarter
2025-06-19 10:44:57,102 - streaming_ordering_chatbot.api.flows.conversation_flows_SK - INFO - Produced token:  lb
2025-06-19 10:44:57,154 - streaming_ordering_chatbot.api.flows.conversation_flows_SK - INFO - Produced token:  (
2025-06-19 10:44:57,205 - streaming_ordering_chatbot.api.flows.conversation_flows_SK - INFO - Produced token: default
2025-06-19 10:44:57,258 - streaming_ordering_chatbot.api.flows.conversation_flows_SK - INFO - Produced token: )
2025-06-19 10:44:57,441 - streaming_ordering_chatbot.api.flows.conversation_flows_SK - INFO - Produced token:  or
2025-06-19 10:44:57,493 - streaming_ordering_chatbot.api.flows.conversation_flows_SK - INFO - Produced token:  Half
2025-06-19 10:44:57,545 - streaming_ordering_chatbot.api.flows.conversation_flows_SK - INFO - Produced token:  lb
2025-06-19 10:44:57,598 - streaming_ordering_chatbot.api.flows.conversation_flows_SK - INFO - Produced token:   

2025-06-19 10:44:57,650 - streaming_ordering_chatbot.api.flows.conversation_flows_SK - INFO - Produced token:  
2025-06-19 10:44:57,703 - streaming_ordering_chatbot.api.flows.conversation_flows_SK - INFO - Produced token:  -
2025-06-19 10:44:57,755 - streaming_ordering_chatbot.api.flows.conversation_flows_SK - INFO - Produced token:  **
2025-06-19 10:44:57,808 - streaming_ordering_chatbot.api.flows.conversation_flows_SK - INFO - Produced token: B
2025-06-19 10:44:57,860 - streaming_ordering_chatbot.api.flows.conversation_flows_SK - INFO - Produced token: un
2025-06-19 10:44:57,912 - streaming_ordering_chatbot.api.flows.conversation_flows_SK - INFO - Produced token: **
2025-06-19 10:44:58,102 - streaming_ordering_chatbot.api.flows.conversation_flows_SK - INFO - Produced token: :
2025-06-19 10:44:58,154 - streaming_ordering_chatbot.api.flows.conversation_flows_SK - INFO - Produced token:  Sesame
2025-06-19 10:44:58,207 - streaming_ordering_chatbot.api.flows.conversation_flows_SK - INFO - Produced token:  (
2025-06-19 10:44:58,259 - streaming_ordering_chatbot.api.flows.conversation_flows_SK - INFO - Produced token: default
2025-06-19 10:44:58,311 - streaming_ordering_chatbot.api.flows.conversation_flows_SK - INFO - Produced token: )
2025-06-19 10:44:58,498 - streaming_ordering_chatbot.api.flows.conversation_flows_SK - INFO - Produced token:  or
2025-06-19 10:44:58,549 - streaming_ordering_chatbot.api.flows.conversation_flows_SK - INFO - Produced token:  Pret
2025-06-19 10:44:58,602 - streaming_ordering_chatbot.api.flows.conversation_flows_SK - INFO - Produced token: zel
2025-06-19 10:44:58,654 - streaming_ordering_chatbot.api.flows.conversation_flows_SK - INFO - Produced token:   

2025-06-19 10:44:58,706 - streaming_ordering_chatbot.api.flows.conversation_flows_SK - INFO - Produced token:  
2025-06-19 10:44:58,758 - streaming_ordering_chatbot.api.flows.conversation_flows_SK - INFO - Produced token:  -
2025-06-19 10:44:58,811 - streaming_ordering_chatbot.api.flows.conversation_flows_SK - INFO - Produced token:  **
2025-06-19 10:44:58,863 - streaming_ordering_chatbot.api.flows.conversation_flows_SK - INFO - Produced token: Cook
2025-06-19 10:44:58,914 - streaming_ordering_chatbot.api.flows.conversation_flows_SK - INFO - Produced token: **
2025-06-19 10:44:58,967 - streaming_ordering_chatbot.api.flows.conversation_flows_SK - INFO - Produced token: :
2025-06-19 10:44:59,154 - streaming_ordering_chatbot.api.flows.conversation_flows_SK - INFO - Produced token:  Normal
2025-06-19 10:44:59,206 - streaming_ordering_chatbot.api.flows.conversation_flows_SK - INFO - Produced token:  (
2025-06-19 10:44:59,258 - streaming_ordering_chatbot.api.flows.conversation_flows_SK - INFO - Produced token: default
2025-06-19 10:44:59,310 - streaming_ordering_chatbot.api.flows.conversation_flows_SK - INFO - Produced token: )
2025-06-19 10:44:59,362 - streaming_ordering_chatbot.api.flows.conversation_flows_SK - INFO - Produced token:  or
2025-06-19 10:44:59,542 - streaming_ordering_chatbot.api.flows.conversation_flows_SK - INFO - Produced token:  Well
2025-06-19 10:44:59,594 - streaming_ordering_chatbot.api.flows.conversation_flows_SK - INFO - Produced token:  Done
2025-06-19 10:44:59,661 - streaming_ordering_chatbot.api.flows.conversation_flows_SK - INFO - Produced token:   

2025-06-19 10:44:59,713 - streaming_ordering_chatbot.api.flows.conversation_flows_SK - INFO - Produced token:  
2025-06-19 10:44:59,765 - streaming_ordering_chatbot.api.flows.conversation_flows_SK - INFO - Produced token:  -
2025-06-19 10:44:59,949 - streaming_ordering_chatbot.api.flows.conversation_flows_SK - INFO - Produced token:  **
2025-06-19 10:45:00,002 - streaming_ordering_chatbot.api.flows.conversation_flows_SK - INFO - Produced token: T
2025-06-19 10:45:00,054 - streaming_ordering_chatbot.api.flows.conversation_flows_SK - INFO - Produced token: oppings
2025-06-19 10:45:00,107 - streaming_ordering_chatbot.api.flows.conversation_flows_SK - INFO - Produced token: **
2025-06-19 10:45:00,160 - streaming_ordering_chatbot.api.flows.conversation_flows_SK - INFO - Produced token: :
2025-06-19 10:45:00,341 - streaming_ordering_chatbot.api.flows.conversation_flows_SK - INFO - Produced token:  Lett
2025-06-19 10:45:00,423 - streaming_ordering_chatbot.api.flows.conversation_flows_SK - INFO - Produced token: uce
2025-06-19 10:45:00,474 - streaming_ordering_chatbot.api.flows.conversation_flows_SK - INFO - Produced token: ,
2025-06-19 10:45:00,526 - streaming_ordering_chatbot.api.flows.conversation_flows_SK - INFO - Produced token:  Tomato
2025-06-19 10:45:00,578 - streaming_ordering_chatbot.api.flows.conversation_flows_SK - INFO - Produced token: ,
2025-06-19 10:45:00,769 - streaming_ordering_chatbot.api.flows.conversation_flows_SK - INFO - Produced token:  Onion
2025-06-19 10:45:00,820 - streaming_ordering_chatbot.api.flows.conversation_flows_SK - INFO - Produced token: ,
2025-06-19 10:45:00,872 - streaming_ordering_chatbot.api.flows.conversation_flows_SK - INFO - Produced token:  Pick
2025-06-19 10:45:00,924 - streaming_ordering_chatbot.api.flows.conversation_flows_SK - INFO - Produced token: le
2025-06-19 10:45:00,977 - streaming_ordering_chatbot.api.flows.conversation_flows_SK - INFO - Produced token: ,
2025-06-19 10:45:01,167 - streaming_ordering_chatbot.api.flows.conversation_flows_SK - INFO - Produced token:  Bacon
2025-06-19 10:45:01,218 - streaming_ordering_chatbot.api.flows.conversation_flows_SK - INFO - Produced token: ,
2025-06-19 10:45:01,270 - streaming_ordering_chatbot.api.flows.conversation_flows_SK - INFO - Produced token:  Mayo
2025-06-19 10:45:01,323 - streaming_ordering_chatbot.api.flows.conversation_flows_SK - INFO - Produced token: ,
2025-06-19 10:45:01,375 - streaming_ordering_chatbot.api.flows.conversation_flows_SK - INFO - Produced token:  K
2025-06-19 10:45:01,567 - streaming_ordering_chatbot.api.flows.conversation_flows_SK - INFO - Produced token: etchup
2025-06-19 10:45:01,618 - streaming_ordering_chatbot.api.flows.conversation_flows_SK - INFO - Produced token: ,
2025-06-19 10:45:01,670 - streaming_ordering_chatbot.api.flows.conversation_flows_SK - INFO - Produced token:  Must
2025-06-19 10:45:01,723 - streaming_ordering_chatbot.api.flows.conversation_flows_SK - INFO - Produced token: ard
2025-06-19 10:45:01,775 - streaming_ordering_chatbot.api.flows.conversation_flows_SK - INFO - Produced token: ,
2025-06-19 10:45:01,966 - streaming_ordering_chatbot.api.flows.conversation_flows_SK - INFO - Produced token:  Rel
2025-06-19 10:45:02,019 - streaming_ordering_chatbot.api.flows.conversation_flows_SK - INFO - Produced token: ish
2025-06-19 10:45:02,071 - streaming_ordering_chatbot.api.flows.conversation_flows_SK - INFO - Produced token:  (
2025-06-19 10:45:02,123 - streaming_ordering_chatbot.api.flows.conversation_flows_SK - INFO - Produced token: Defaults
2025-06-19 10:45:02,175 - streaming_ordering_chatbot.api.flows.conversation_flows_SK - INFO - Produced token: :
2025-06-19 10:45:02,446 - streaming_ordering_chatbot.api.flows.conversation_flows_SK - INFO - Produced token:  Lett
2025-06-19 10:45:02,498 - streaming_ordering_chatbot.api.flows.conversation_flows_SK - INFO - Produced token: uce
2025-06-19 10:45:02,550 - streaming_ordering_chatbot.api.flows.conversation_flows_SK - INFO - Produced token: ,
2025-06-19 10:45:02,602 - streaming_ordering_chatbot.api.flows.conversation_flows_SK - INFO - Produced token:  Tomato
2025-06-19 10:45:02,654 - streaming_ordering_chatbot.api.flows.conversation_flows_SK - INFO - Produced token: ,
2025-06-19 10:45:02,841 - streaming_ordering_chatbot.api.flows.conversation_flows_SK - INFO - Produced token:  Onion
2025-06-19 10:45:02,894 - streaming_ordering_chatbot.api.flows.conversation_flows_SK - INFO - Produced token: ,
2025-06-19 10:45:02,946 - streaming_ordering_chatbot.api.flows.conversation_flows_SK - INFO - Produced token:  K
2025-06-19 10:45:02,998 - streaming_ordering_chatbot.api.flows.conversation_flows_SK - INFO - Produced token: etchup
2025-06-19 10:45:03,049 - streaming_ordering_chatbot.api.flows.conversation_flows_SK - INFO - Produced token: )
2025-06-19 10:45:03,237 - streaming_ordering_chatbot.api.flows.conversation_flows_SK - INFO - Produced token:   


2025-06-19 10:45:03,290 - streaming_ordering_chatbot.api.flows.conversation_flows_SK - INFO - Produced token: ###
2025-06-19 10:45:03,342 - streaming_ordering_chatbot.api.flows.conversation_flows_SK - INFO - Produced token:  **
2025-06-19 10:45:03,395 - streaming_ordering_chatbot.api.flows.conversation_flows_SK - INFO - Produced token: Veget
2025-06-19 10:45:03,448 - streaming_ordering_chatbot.api.flows.conversation_flows_SK - INFO - Produced token: arian
2025-06-19 10:45:03,635 - streaming_ordering_chatbot.api.flows.conversation_flows_SK - INFO - Produced token: **
2025-06-19 10:45:03,687 - streaming_ordering_chatbot.api.flows.conversation_flows_SK - INFO - Produced token:   

2025-06-19 10:45:03,738 - streaming_ordering_chatbot.api.flows.conversation_flows_SK - INFO - Produced token: -
2025-06-19 10:45:03,791 - streaming_ordering_chatbot.api.flows.conversation_flows_SK - INFO - Produced token:  Black
2025-06-19 10:45:03,843 - streaming_ordering_chatbot.api.flows.conversation_flows_SK - INFO - Produced token:  Bean
2025-06-19 10:45:04,024 - streaming_ordering_chatbot.api.flows.conversation_flows_SK - INFO - Produced token:  Burger
2025-06-19 10:45:04,076 - streaming_ordering_chatbot.api.flows.conversation_flows_SK - INFO - Produced token:  (
2025-06-19 10:45:04,129 - streaming_ordering_chatbot.api.flows.conversation_flows_SK - INFO - Produced token: details
2025-06-19 10:45:04,181 - streaming_ordering_chatbot.api.flows.conversation_flows_SK - INFO - Produced token:  pre
2025-06-19 10:45:04,233 - streaming_ordering_chatbot.api.flows.conversation_flows_SK - INFO - Produced token: -set
2025-06-19 10:45:04,424 - streaming_ordering_chatbot.api.flows.conversation_flows_SK - INFO - Produced token: :
2025-06-19 10:45:04,477 - streaming_ordering_chatbot.api.flows.conversation_flows_SK - INFO - Produced token:  single
2025-06-19 10:45:04,529 - streaming_ordering_chatbot.api.flows.conversation_flows_SK - INFO - Produced token:  pat
2025-06-19 10:45:04,582 - streaming_ordering_chatbot.api.flows.conversation_flows_SK - INFO - Produced token: ty
2025-06-19 10:45:04,634 - streaming_ordering_chatbot.api.flows.conversation_flows_SK - INFO - Produced token: ,
2025-06-19 10:45:04,823 - streaming_ordering_chatbot.api.flows.conversation_flows_SK - INFO - Produced token:  quarter
2025-06-19 10:45:04,875 - streaming_ordering_chatbot.api.flows.conversation_flows_SK - INFO - Produced token:  lb
2025-06-19 10:45:04,927 - streaming_ordering_chatbot.api.flows.conversation_flows_SK - INFO - Produced token: ,
2025-06-19 10:45:04,979 - streaming_ordering_chatbot.api.flows.conversation_flows_SK - INFO - Produced token:  sesame
2025-06-19 10:45:05,031 - streaming_ordering_chatbot.api.flows.conversation_flows_SK - INFO - Produced token:  bun
2025-06-19 10:45:05,215 - streaming_ordering_chatbot.api.flows.conversation_flows_SK - INFO - Produced token: ,
2025-06-19 10:45:05,266 - streaming_ordering_chatbot.api.flows.conversation_flows_SK - INFO - Produced token:  normal
2025-06-19 10:45:05,319 - streaming_ordering_chatbot.api.flows.conversation_flows_SK - INFO - Produced token:  cook
2025-06-19 10:45:05,372 - streaming_ordering_chatbot.api.flows.conversation_flows_SK - INFO - Produced token: )


2025-06-19 10:45:05,424 - streaming_ordering_chatbot.api.flows.conversation_flows_SK - INFO - Produced token: ###
2025-06-19 10:45:05,605 - streaming_ordering_chatbot.api.flows.conversation_flows_SK - INFO - Produced token:  **
2025-06-19 10:45:05,657 - streaming_ordering_chatbot.api.flows.conversation_flows_SK - INFO - Produced token: Fr
2025-06-19 10:45:05,710 - streaming_ordering_chatbot.api.flows.conversation_flows_SK - INFO - Produced token: ies
2025-06-19 10:45:05,761 - streaming_ordering_chatbot.api.flows.conversation_flows_SK - INFO - Produced token: **
2025-06-19 10:45:05,813 - streaming_ordering_chatbot.api.flows.conversation_flows_SK - INFO - Produced token:   

2025-06-19 10:45:05,866 - streaming_ordering_chatbot.api.flows.conversation_flows_SK - INFO - Produced token: -
2025-06-19 10:45:05,918 - streaming_ordering_chatbot.api.flows.conversation_flows_SK - INFO - Produced token:  **
2025-06-19 10:45:05,970 - streaming_ordering_chatbot.api.flows.conversation_flows_SK - INFO - Produced token: Sizes
2025-06-19 10:45:06,022 - streaming_ordering_chatbot.api.flows.conversation_flows_SK - INFO - Produced token: **
2025-06-19 10:45:06,074 - streaming_ordering_chatbot.api.flows.conversation_flows_SK - INFO - Produced token: :
2025-06-19 10:45:06,257 - streaming_ordering_chatbot.api.flows.conversation_flows_SK - INFO - Produced token:  Small
2025-06-19 10:45:06,310 - streaming_ordering_chatbot.api.flows.conversation_flows_SK - INFO - Produced token: ,
2025-06-19 10:45:06,363 - streaming_ordering_chatbot.api.flows.conversation_flows_SK - INFO - Produced token:  Medium
2025-06-19 10:45:06,416 - streaming_ordering_chatbot.api.flows.conversation_flows_SK - INFO - Produced token:  (
2025-06-19 10:45:06,468 - streaming_ordering_chatbot.api.flows.conversation_flows_SK - INFO - Produced token: default
2025-06-19 10:45:06,649 - streaming_ordering_chatbot.api.flows.conversation_flows_SK - INFO - Produced token: ),
2025-06-19 10:45:06,702 - streaming_ordering_chatbot.api.flows.conversation_flows_SK - INFO - Produced token:  Large
2025-06-19 10:45:06,754 - streaming_ordering_chatbot.api.flows.conversation_flows_SK - INFO - Produced token:   

2025-06-19 10:45:06,806 - streaming_ordering_chatbot.api.flows.conversation_flows_SK - INFO - Produced token: -
2025-06-19 10:45:06,859 - streaming_ordering_chatbot.api.flows.conversation_flows_SK - INFO - Produced token:  **
2025-06-19 10:45:07,045 - streaming_ordering_chatbot.api.flows.conversation_flows_SK - INFO - Produced token: Salt
2025-06-19 10:45:07,097 - streaming_ordering_chatbot.api.flows.conversation_flows_SK - INFO - Produced token: **
2025-06-19 10:45:07,149 - streaming_ordering_chatbot.api.flows.conversation_flows_SK - INFO - Produced token: :
2025-06-19 10:45:07,201 - streaming_ordering_chatbot.api.flows.conversation_flows_SK - INFO - Produced token:  Regular
2025-06-19 10:45:07,253 - streaming_ordering_chatbot.api.flows.conversation_flows_SK - INFO - Produced token:  (
2025-06-19 10:45:07,438 - streaming_ordering_chatbot.api.flows.conversation_flows_SK - INFO - Produced token: default
2025-06-19 10:45:07,491 - streaming_ordering_chatbot.api.flows.conversation_flows_SK - INFO - Produced token: )
2025-06-19 10:45:07,544 - streaming_ordering_chatbot.api.flows.conversation_flows_SK - INFO - Produced token:  or
2025-06-19 10:45:07,596 - streaming_ordering_chatbot.api.flows.conversation_flows_SK - INFO - Produced token:  None
2025-06-19 10:45:07,649 - streaming_ordering_chatbot.api.flows.conversation_flows_SK - INFO - Produced token:   


2025-06-19 10:45:07,701 - streaming_ordering_chatbot.api.flows.conversation_flows_SK - INFO - Produced token: ###
2025-06-19 10:45:07,754 - streaming_ordering_chatbot.api.flows.conversation_flows_SK - INFO - Produced token:  **
2025-06-19 10:45:07,806 - streaming_ordering_chatbot.api.flows.conversation_flows_SK - INFO - Produced token: Dr
2025-06-19 10:45:07,858 - streaming_ordering_chatbot.api.flows.conversation_flows_SK - INFO - Produced token: inks
2025-06-19 10:45:07,911 - streaming_ordering_chatbot.api.flows.conversation_flows_SK - INFO - Produced token: **
2025-06-19 10:45:08,093 - streaming_ordering_chatbot.api.flows.conversation_flows_SK - INFO - Produced token:   

2025-06-19 10:45:08,145 - streaming_ordering_chatbot.api.flows.conversation_flows_SK - INFO - Produced token: -
2025-06-19 10:45:08,197 - streaming_ordering_chatbot.api.flows.conversation_flows_SK - INFO - Produced token:  **
2025-06-19 10:45:08,249 - streaming_ordering_chatbot.api.flows.conversation_flows_SK - INFO - Produced token: Var
2025-06-19 10:45:08,302 - streaming_ordering_chatbot.api.flows.conversation_flows_SK - INFO - Produced token: ieties
2025-06-19 10:45:08,484 - streaming_ordering_chatbot.api.flows.conversation_flows_SK - INFO - Produced token: **
2025-06-19 10:45:08,536 - streaming_ordering_chatbot.api.flows.conversation_flows_SK - INFO - Produced token: :
2025-06-19 10:45:08,588 - streaming_ordering_chatbot.api.flows.conversation_flows_SK - INFO - Produced token:  Cola
2025-06-19 10:45:08,640 - streaming_ordering_chatbot.api.flows.conversation_flows_SK - INFO - Produced token: ,
2025-06-19 10:45:08,693 - streaming_ordering_chatbot.api.flows.conversation_flows_SK - INFO - Produced token:  Diet
2025-06-19 10:45:08,875 - streaming_ordering_chatbot.api.flows.conversation_flows_SK - INFO - Produced token:  Cola
2025-06-19 10:45:08,927 - streaming_ordering_chatbot.api.flows.conversation_flows_SK - INFO - Produced token: ,
2025-06-19 10:45:08,979 - streaming_ordering_chatbot.api.flows.conversation_flows_SK - INFO - Produced token:  Lemon
2025-06-19 10:45:09,031 - streaming_ordering_chatbot.api.flows.conversation_flows_SK - INFO - Produced token: -L
2025-06-19 10:45:09,083 - streaming_ordering_chatbot.api.flows.conversation_flows_SK - INFO - Produced token: ime
2025-06-19 10:45:09,262 - streaming_ordering_chatbot.api.flows.conversation_flows_SK - INFO - Produced token: ,
2025-06-19 10:45:09,314 - streaming_ordering_chatbot.api.flows.conversation_flows_SK - INFO - Produced token:  Root
2025-06-19 10:45:09,366 - streaming_ordering_chatbot.api.flows.conversation_flows_SK - INFO - Produced token:  Beer
2025-06-19 10:45:09,419 - streaming_ordering_chatbot.api.flows.conversation_flows_SK - INFO - Produced token:   

2025-06-19 10:45:09,472 - streaming_ordering_chatbot.api.flows.conversation_flows_SK - INFO - Produced token: -
2025-06-19 10:45:09,657 - streaming_ordering_chatbot.api.flows.conversation_flows_SK - INFO - Produced token:  **
2025-06-19 10:45:09,709 - streaming_ordering_chatbot.api.flows.conversation_flows_SK - INFO - Produced token: Sizes
2025-06-19 10:45:09,762 - streaming_ordering_chatbot.api.flows.conversation_flows_SK - INFO - Produced token: **
2025-06-19 10:45:09,813 - streaming_ordering_chatbot.api.flows.conversation_flows_SK - INFO - Produced token: :
2025-06-19 10:45:09,866 - streaming_ordering_chatbot.api.flows.conversation_flows_SK - INFO - Produced token:  Small
2025-06-19 10:45:10,056 - streaming_ordering_chatbot.api.flows.conversation_flows_SK - INFO - Produced token: ,
2025-06-19 10:45:10,108 - streaming_ordering_chatbot.api.flows.conversation_flows_SK - INFO - Produced token:  Medium
2025-06-19 10:45:10,160 - streaming_ordering_chatbot.api.flows.conversation_flows_SK - INFO - Produced token:  (
2025-06-19 10:45:10,212 - streaming_ordering_chatbot.api.flows.conversation_flows_SK - INFO - Produced token: default
2025-06-19 10:45:10,264 - streaming_ordering_chatbot.api.flows.conversation_flows_SK - INFO - Produced token: ),
2025-06-19 10:45:10,454 - streaming_ordering_chatbot.api.flows.conversation_flows_SK - INFO - Produced token:  Large
2025-06-19 10:45:10,506 - streaming_ordering_chatbot.api.flows.conversation_flows_SK - INFO - Produced token:   


2025-06-19 10:45:10,558 - streaming_ordering_chatbot.api.flows.conversation_flows_SK - INFO - Produced token: Let
2025-06-19 10:45:10,610 - streaming_ordering_chatbot.api.flows.conversation_flows_SK - INFO - Produced token:  me
2025-06-19 10:45:10,662 - streaming_ordering_chatbot.api.flows.conversation_flows_SK - INFO - Produced token:  know
2025-06-19 10:45:10,847 - streaming_ordering_chatbot.api.flows.conversation_flows_SK - INFO - Produced token:  if
2025-06-19 10:45:10,900 - streaming_ordering_chatbot.api.flows.conversation_flows_SK - INFO - Produced token:  you'd
2025-06-19 10:45:10,953 - streaming_ordering_chatbot.api.flows.conversation_flows_SK - INFO - Produced token:  like
2025-06-19 10:45:11,005 - streaming_ordering_chatbot.api.flows.conversation_flows_SK - INFO - Produced token:  to
2025-06-19 10:45:11,058 - streaming_ordering_chatbot.api.flows.conversation_flows_SK - INFO - Produced token:  customize
2025-06-19 10:45:11,249 - streaming_ordering_chatbot.api.flows.conversation_flows_SK - INFO - Produced token:  or
2025-06-19 10:45:11,302 - streaming_ordering_chatbot.api.flows.conversation_flows_SK - INFO - Produced token:  order
2025-06-19 10:45:11,372 - streaming_ordering_chatbot.api.flows.conversation_flows_SK - INFO - Produced token:  something
2025-06-19 10:45:11,424 - streaming_ordering_chatbot.api.flows.conversation_flows_SK - INFO - Produced token: !
2025-06-19 10:45:11,477 - streaming_ordering_chatbot.api.flows.conversation_flows_SK - INFO - Produced token:  😊
2025-06-19 10:47:36,251 - streaming_ordering_chatbot.api.flows.conversation_flows_SK - INFO - Produced token: Hello
2025-06-19 10:47:36,704 - streaming_ordering_chatbot.api.flows.conversation_flows_SK - INFO - Produced token: !
2025-06-19 10:47:36,756 - streaming_ordering_chatbot.api.flows.conversation_flows_SK - INFO - Produced token:  Here's
2025-06-19 10:47:36,808 - streaming_ordering_chatbot.api.flows.conversation_flows_SK - INFO - Produced token:  what
2025-06-19 10:47:36,860 - streaming_ordering_chatbot.api.flows.conversation_flows_SK - INFO - Produced token:  I
2025-06-19 10:47:36,912 - streaming_ordering_chatbot.api.flows.conversation_flows_SK - INFO - Produced token: ’ve
2025-06-19 10:47:37,102 - streaming_ordering_chatbot.api.flows.conversation_flows_SK - INFO - Produced token:  added
2025-06-19 10:47:37,154 - streaming_ordering_chatbot.api.flows.conversation_flows_SK - INFO - Produced token:  to
2025-06-19 10:47:37,206 - streaming_ordering_chatbot.api.flows.conversation_flows_SK - INFO - Produced token:  your
2025-06-19 10:47:37,259 - streaming_ordering_chatbot.api.flows.conversation_flows_SK - INFO - Produced token:  order
2025-06-19 10:47:37,311 - streaming_ordering_chatbot.api.flows.conversation_flows_SK - INFO - Produced token:  based
2025-06-19 10:47:37,492 - streaming_ordering_chatbot.api.flows.conversation_flows_SK - INFO - Produced token:  on
2025-06-19 10:47:37,545 - streaming_ordering_chatbot.api.flows.conversation_flows_SK - INFO - Produced token:  your
2025-06-19 10:47:37,597 - streaming_ordering_chatbot.api.flows.conversation_flows_SK - INFO - Produced token:  request
2025-06-19 10:47:37,650 - streaming_ordering_chatbot.api.flows.conversation_flows_SK - INFO - Produced token: :


2025-06-19 10:47:37,702 - streaming_ordering_chatbot.api.flows.conversation_flows_SK - INFO - Produced token: 1
2025-06-19 10:47:37,908 - streaming_ordering_chatbot.api.flows.conversation_flows_SK - INFO - Produced token: .
2025-06-19 10:47:37,960 - streaming_ordering_chatbot.api.flows.conversation_flows_SK - INFO - Produced token:  **
2025-06-19 10:47:38,011 - streaming_ordering_chatbot.api.flows.conversation_flows_SK - INFO - Produced token: Fr
2025-06-19 10:47:38,064 - streaming_ordering_chatbot.api.flows.conversation_flows_SK - INFO - Produced token: ies
2025-06-19 10:47:38,116 - streaming_ordering_chatbot.api.flows.conversation_flows_SK - INFO - Produced token: **
2025-06-19 10:47:38,298 - streaming_ordering_chatbot.api.flows.conversation_flows_SK - INFO - Produced token:   

2025-06-19 10:47:38,350 - streaming_ordering_chatbot.api.flows.conversation_flows_SK - INFO - Produced token:   
2025-06-19 10:47:38,403 - streaming_ordering_chatbot.api.flows.conversation_flows_SK - INFO - Produced token:  -
2025-06-19 10:47:38,455 - streaming_ordering_chatbot.api.flows.conversation_flows_SK - INFO - Produced token:  Size
2025-06-19 10:47:38,507 - streaming_ordering_chatbot.api.flows.conversation_flows_SK - INFO - Produced token: :
2025-06-19 10:47:38,689 - streaming_ordering_chatbot.api.flows.conversation_flows_SK - INFO - Produced token:  Large
2025-06-19 10:47:38,741 - streaming_ordering_chatbot.api.flows.conversation_flows_SK - INFO - Produced token:   

2025-06-19 10:47:38,793 - streaming_ordering_chatbot.api.flows.conversation_flows_SK - INFO - Produced token:   
2025-06-19 10:47:38,845 - streaming_ordering_chatbot.api.flows.conversation_flows_SK - INFO - Produced token:  -
2025-06-19 10:47:38,897 - streaming_ordering_chatbot.api.flows.conversation_flows_SK - INFO - Produced token:  Salt
2025-06-19 10:47:39,081 - streaming_ordering_chatbot.api.flows.conversation_flows_SK - INFO - Produced token: :
2025-06-19 10:47:39,133 - streaming_ordering_chatbot.api.flows.conversation_flows_SK - INFO - Produced token:  Regular
2025-06-19 10:47:39,185 - streaming_ordering_chatbot.api.flows.conversation_flows_SK - INFO - Produced token:   


2025-06-19 10:47:39,238 - streaming_ordering_chatbot.api.flows.conversation_flows_SK - INFO - Produced token: 2
2025-06-19 10:47:39,290 - streaming_ordering_chatbot.api.flows.conversation_flows_SK - INFO - Produced token: .
2025-06-19 10:47:39,473 - streaming_ordering_chatbot.api.flows.conversation_flows_SK - INFO - Produced token:  **
2025-06-19 10:47:39,526 - streaming_ordering_chatbot.api.flows.conversation_flows_SK - INFO - Produced token: Burger
2025-06-19 10:47:39,578 - streaming_ordering_chatbot.api.flows.conversation_flows_SK - INFO - Produced token: **
2025-06-19 10:47:39,630 - streaming_ordering_chatbot.api.flows.conversation_flows_SK - INFO - Produced token:   

2025-06-19 10:47:39,682 - streaming_ordering_chatbot.api.flows.conversation_flows_SK - INFO - Produced token:   
2025-06-19 10:47:39,735 - streaming_ordering_chatbot.api.flows.conversation_flows_SK - INFO - Produced token:  -
2025-06-19 10:47:39,788 - streaming_ordering_chatbot.api.flows.conversation_flows_SK - INFO - Produced token:  Bun
2025-06-19 10:47:39,841 - streaming_ordering_chatbot.api.flows.conversation_flows_SK - INFO - Produced token: :
2025-06-19 10:47:39,892 - streaming_ordering_chatbot.api.flows.conversation_flows_SK - INFO - Produced token:  Pret
2025-06-19 10:47:39,945 - streaming_ordering_chatbot.api.flows.conversation_flows_SK - INFO - Produced token: zel
2025-06-19 10:47:40,142 - streaming_ordering_chatbot.api.flows.conversation_flows_SK - INFO - Produced token:   

2025-06-19 10:47:40,194 - streaming_ordering_chatbot.api.flows.conversation_flows_SK - INFO - Produced token:   
2025-06-19 10:47:40,247 - streaming_ordering_chatbot.api.flows.conversation_flows_SK - INFO - Produced token:  -
2025-06-19 10:47:40,301 - streaming_ordering_chatbot.api.flows.conversation_flows_SK - INFO - Produced token:  T
2025-06-19 10:47:40,353 - streaming_ordering_chatbot.api.flows.conversation_flows_SK - INFO - Produced token: oppings
2025-06-19 10:47:40,536 - streaming_ordering_chatbot.api.flows.conversation_flows_SK - INFO - Produced token: :
2025-06-19 10:47:40,588 - streaming_ordering_chatbot.api.flows.conversation_flows_SK - INFO - Produced token:  Onion
2025-06-19 10:47:40,639 - streaming_ordering_chatbot.api.flows.conversation_flows_SK - INFO - Produced token: ,
2025-06-19 10:47:40,692 - streaming_ordering_chatbot.api.flows.conversation_flows_SK - INFO - Produced token:  Mayo
2025-06-19 10:47:40,745 - streaming_ordering_chatbot.api.flows.conversation_flows_SK - INFO - Produced token: ,
2025-06-19 10:47:40,940 - streaming_ordering_chatbot.api.flows.conversation_flows_SK - INFO - Produced token:  Bacon
2025-06-19 10:47:40,993 - streaming_ordering_chatbot.api.flows.conversation_flows_SK - INFO - Produced token: ,
2025-06-19 10:47:41,045 - streaming_ordering_chatbot.api.flows.conversation_flows_SK - INFO - Produced token:  Lett
2025-06-19 10:47:41,097 - streaming_ordering_chatbot.api.flows.conversation_flows_SK - INFO - Produced token: uce
2025-06-19 10:47:41,149 - streaming_ordering_chatbot.api.flows.conversation_flows_SK - INFO - Produced token:   


2025-06-19 10:47:41,201 - streaming_ordering_chatbot.api.flows.conversation_flows_SK - INFO - Produced token: Can
2025-06-19 10:47:41,254 - streaming_ordering_chatbot.api.flows.conversation_flows_SK - INFO - Produced token:  you
2025-06-19 10:47:41,307 - streaming_ordering_chatbot.api.flows.conversation_flows_SK - INFO - Produced token:  confirm
2025-06-19 10:47:41,359 - streaming_ordering_chatbot.api.flows.conversation_flows_SK - INFO - Produced token:  if
2025-06-19 10:47:41,411 - streaming_ordering_chatbot.api.flows.conversation_flows_SK - INFO - Produced token:  you'd
2025-06-19 10:47:41,593 - streaming_ordering_chatbot.api.flows.conversation_flows_SK - INFO - Produced token:  like
2025-06-19 10:47:41,646 - streaming_ordering_chatbot.api.flows.conversation_flows_SK - INFO - Produced token:  the
2025-06-19 10:47:41,699 - streaming_ordering_chatbot.api.flows.conversation_flows_SK - INFO - Produced token:  burger
2025-06-19 10:47:41,751 - streaming_ordering_chatbot.api.flows.conversation_flows_SK - INFO - Produced token:  as
2025-06-19 10:47:41,803 - streaming_ordering_chatbot.api.flows.conversation_flows_SK - INFO - Produced token:  a
2025-06-19 10:47:41,995 - streaming_ordering_chatbot.api.flows.conversation_flows_SK - INFO - Produced token:  **
2025-06-19 10:47:42,048 - streaming_ordering_chatbot.api.flows.conversation_flows_SK - INFO - Produced token: Hamb
2025-06-19 10:47:42,100 - streaming_ordering_chatbot.api.flows.conversation_flows_SK - INFO - Produced token: urger
2025-06-19 10:47:42,151 - streaming_ordering_chatbot.api.flows.conversation_flows_SK - INFO - Produced token: **,
2025-06-19 10:47:42,203 - streaming_ordering_chatbot.api.flows.conversation_flows_SK - INFO - Produced token:  **
2025-06-19 10:47:42,389 - streaming_ordering_chatbot.api.flows.conversation_flows_SK - INFO - Produced token: Che
2025-06-19 10:47:42,442 - streaming_ordering_chatbot.api.flows.conversation_flows_SK - INFO - Produced token: es
2025-06-19 10:47:42,494 - streaming_ordering_chatbot.api.flows.conversation_flows_SK - INFO - Produced token: eb
2025-06-19 10:47:42,545 - streaming_ordering_chatbot.api.flows.conversation_flows_SK - INFO - Produced token: urger
2025-06-19 10:47:42,597 - streaming_ordering_chatbot.api.flows.conversation_flows_SK - INFO - Produced token: **,
2025-06-19 10:47:42,865 - streaming_ordering_chatbot.api.flows.conversation_flows_SK - INFO - Produced token:  or
2025-06-19 10:47:42,917 - streaming_ordering_chatbot.api.flows.conversation_flows_SK - INFO - Produced token:  **
2025-06-19 10:47:42,969 - streaming_ordering_chatbot.api.flows.conversation_flows_SK - INFO - Produced token: Black
2025-06-19 10:47:43,021 - streaming_ordering_chatbot.api.flows.conversation_flows_SK - INFO - Produced token:  Bean
2025-06-19 10:47:43,073 - streaming_ordering_chatbot.api.flows.conversation_flows_SK - INFO - Produced token:  Burger
2025-06-19 10:47:43,264 - streaming_ordering_chatbot.api.flows.conversation_flows_SK - INFO - Produced token: **
2025-06-19 10:47:43,316 - streaming_ordering_chatbot.api.flows.conversation_flows_SK - INFO - Produced token: ?
2025-06-19 10:47:43,368 - streaming_ordering_chatbot.api.flows.conversation_flows_SK - INFO - Produced token:  Also
2025-06-19 10:47:43,421 - streaming_ordering_chatbot.api.flows.conversation_flows_SK - INFO - Produced token: ,
2025-06-19 10:47:43,473 - streaming_ordering_chatbot.api.flows.conversation_flows_SK - INFO - Produced token:  should
2025-06-19 10:47:43,666 - streaming_ordering_chatbot.api.flows.conversation_flows_SK - INFO - Produced token:  it
2025-06-19 10:47:43,719 - streaming_ordering_chatbot.api.flows.conversation_flows_SK - INFO - Produced token:  be
2025-06-19 10:47:43,771 - streaming_ordering_chatbot.api.flows.conversation_flows_SK - INFO - Produced token:  a
2025-06-19 10:47:43,823 - streaming_ordering_chatbot.api.flows.conversation_flows_SK - INFO - Produced token:  **
2025-06-19 10:47:43,876 - streaming_ordering_chatbot.api.flows.conversation_flows_SK - INFO - Produced token: Single
2025-06-19 10:47:44,066 - streaming_ordering_chatbot.api.flows.conversation_flows_SK - INFO - Produced token: **
2025-06-19 10:47:44,118 - streaming_ordering_chatbot.api.flows.conversation_flows_SK - INFO - Produced token:  or
2025-06-19 10:47:44,170 - streaming_ordering_chatbot.api.flows.conversation_flows_SK - INFO - Produced token:  **
2025-06-19 10:47:44,222 - streaming_ordering_chatbot.api.flows.conversation_flows_SK - INFO - Produced token: Double
2025-06-19 10:47:44,274 - streaming_ordering_chatbot.api.flows.conversation_flows_SK - INFO - Produced token: **
2025-06-19 10:47:44,463 - streaming_ordering_chatbot.api.flows.conversation_flows_SK - INFO - Produced token:  pat
2025-06-19 10:47:44,515 - streaming_ordering_chatbot.api.flows.conversation_flows_SK - INFO - Produced token: ty
2025-06-19 10:47:44,566 - streaming_ordering_chatbot.api.flows.conversation_flows_SK - INFO - Produced token: ,
2025-06-19 10:47:44,618 - streaming_ordering_chatbot.api.flows.conversation_flows_SK - INFO - Produced token:  and
2025-06-19 10:47:44,671 - streaming_ordering_chatbot.api.flows.conversation_flows_SK - INFO - Produced token:  would
2025-06-19 10:47:44,869 - streaming_ordering_chatbot.api.flows.conversation_flows_SK - INFO - Produced token:  you
2025-06-19 10:47:44,921 - streaming_ordering_chatbot.api.flows.conversation_flows_SK - INFO - Produced token:  like
2025-06-19 10:47:44,973 - streaming_ordering_chatbot.api.flows.conversation_flows_SK - INFO - Produced token:  the
2025-06-19 10:47:45,026 - streaming_ordering_chatbot.api.flows.conversation_flows_SK - INFO - Produced token:  default
2025-06-19 10:47:45,078 - streaming_ordering_chatbot.api.flows.conversation_flows_SK - INFO - Produced token:  **
2025-06-19 10:47:45,351 - streaming_ordering_chatbot.api.flows.conversation_flows_SK - INFO - Produced token: quarter
2025-06-19 10:47:45,403 - streaming_ordering_chatbot.api.flows.conversation_flows_SK - INFO - Produced token:  lb
2025-06-19 10:47:45,455 - streaming_ordering_chatbot.api.flows.conversation_flows_SK - INFO - Produced token: **
2025-06-19 10:47:45,508 - streaming_ordering_chatbot.api.flows.conversation_flows_SK - INFO - Produced token:  size
2025-06-19 10:47:45,559 - streaming_ordering_chatbot.api.flows.conversation_flows_SK - INFO - Produced token:  and
2025-06-19 10:47:45,745 - streaming_ordering_chatbot.api.flows.conversation_flows_SK - INFO - Produced token:  **
2025-06-19 10:47:45,797 - streaming_ordering_chatbot.api.flows.conversation_flows_SK - INFO - Produced token: Normal
2025-06-19 10:47:45,849 - streaming_ordering_chatbot.api.flows.conversation_flows_SK - INFO - Produced token: **
2025-06-19 10:47:45,901 - streaming_ordering_chatbot.api.flows.conversation_flows_SK - INFO - Produced token:  cook
2025-06-19 10:47:45,953 - streaming_ordering_chatbot.api.flows.conversation_flows_SK - INFO - Produced token: ?
2025-06-19 10:47:46,150 - streaming_ordering_chatbot.api.flows.conversation_flows_SK - INFO - Produced token:  Let
2025-06-19 10:47:46,203 - streaming_ordering_chatbot.api.flows.conversation_flows_SK - INFO - Produced token:  me
2025-06-19 10:47:46,255 - streaming_ordering_chatbot.api.flows.conversation_flows_SK - INFO - Produced token:  know
2025-06-19 10:47:46,308 - streaming_ordering_chatbot.api.flows.conversation_flows_SK - INFO - Produced token: ,
2025-06-19 10:47:46,360 - streaming_ordering_chatbot.api.flows.conversation_flows_SK - INFO - Produced token:  and
2025-06-19 10:47:46,544 - streaming_ordering_chatbot.api.flows.conversation_flows_SK - INFO - Produced token:  I
2025-06-19 10:47:46,596 - streaming_ordering_chatbot.api.flows.conversation_flows_SK - INFO - Produced token: ’ll
2025-06-19 10:47:46,648 - streaming_ordering_chatbot.api.flows.conversation_flows_SK - INFO - Produced token:  finalize
2025-06-19 10:47:46,701 - streaming_ordering_chatbot.api.flows.conversation_flows_SK - INFO - Produced token:  your
2025-06-19 10:47:46,753 - streaming_ordering_chatbot.api.flows.conversation_flows_SK - INFO - Produced token:  order
2025-06-19 10:47:46,937 - streaming_ordering_chatbot.api.flows.conversation_flows_SK - INFO - Produced token: !
2025-06-19 10:47:46,989 - streaming_ordering_chatbot.api.flows.conversation_flows_SK - INFO - Produced token:  😊
2025-06-19 10:48:40,949 - streaming_ordering_chatbot.api.flows.conversation_flows_SK - INFO - Produced token: Hello
2025-06-19 10:48:41,138 - streaming_ordering_chatbot.api.flows.conversation_flows_SK - INFO - Produced token: !
2025-06-19 10:48:41,190 - streaming_ordering_chatbot.api.flows.conversation_flows_SK - INFO - Produced token:  Here's
2025-06-19 10:48:41,241 - streaming_ordering_chatbot.api.flows.conversation_flows_SK - INFO - Produced token:  your
2025-06-19 10:48:41,293 - streaming_ordering_chatbot.api.flows.conversation_flows_SK - INFO - Produced token:  updated
2025-06-19 10:48:41,345 - streaming_ordering_chatbot.api.flows.conversation_flows_SK - INFO - Produced token:  order
2025-06-19 10:48:41,525 - streaming_ordering_chatbot.api.flows.conversation_flows_SK - INFO - Produced token:  based
2025-06-19 10:48:41,577 - streaming_ordering_chatbot.api.flows.conversation_flows_SK - INFO - Produced token:  on
2025-06-19 10:48:41,629 - streaming_ordering_chatbot.api.flows.conversation_flows_SK - INFO - Produced token:  your
2025-06-19 10:48:41,680 - streaming_ordering_chatbot.api.flows.conversation_flows_SK - INFO - Produced token:  request
2025-06-19 10:48:41,733 - streaming_ordering_chatbot.api.flows.conversation_flows_SK - INFO - Produced token: :


2025-06-19 10:48:41,949 - streaming_ordering_chatbot.api.flows.conversation_flows_SK - INFO - Produced token: -
2025-06-19 10:48:42,001 - streaming_ordering_chatbot.api.flows.conversation_flows_SK - INFO - Produced token:  **
2025-06-19 10:48:42,053 - streaming_ordering_chatbot.api.flows.conversation_flows_SK - INFO - Produced token: Hamb
2025-06-19 10:48:42,105 - streaming_ordering_chatbot.api.flows.conversation_flows_SK - INFO - Produced token: urger
2025-06-19 10:48:42,157 - streaming_ordering_chatbot.api.flows.conversation_flows_SK - INFO - Produced token: **
2025-06-19 10:48:42,342 - streaming_ordering_chatbot.api.flows.conversation_flows_SK - INFO - Produced token: :
2025-06-19 10:48:42,394 - streaming_ordering_chatbot.api.flows.conversation_flows_SK - INFO - Produced token:  Single
2025-06-19 10:48:42,447 - streaming_ordering_chatbot.api.flows.conversation_flows_SK - INFO - Produced token:  pat
2025-06-19 10:48:42,499 - streaming_ordering_chatbot.api.flows.conversation_flows_SK - INFO - Produced token: ty
2025-06-19 10:48:42,551 - streaming_ordering_chatbot.api.flows.conversation_flows_SK - INFO - Produced token: ,
2025-06-19 10:48:42,739 - streaming_ordering_chatbot.api.flows.conversation_flows_SK - INFO - Produced token:  Pret
2025-06-19 10:48:42,791 - streaming_ordering_chatbot.api.flows.conversation_flows_SK - INFO - Produced token: zel
2025-06-19 10:48:42,843 - streaming_ordering_chatbot.api.flows.conversation_flows_SK - INFO - Produced token:  bun
2025-06-19 10:48:42,896 - streaming_ordering_chatbot.api.flows.conversation_flows_SK - INFO - Produced token: ,
2025-06-19 10:48:42,948 - streaming_ordering_chatbot.api.flows.conversation_flows_SK - INFO - Produced token:  with
2025-06-19 10:48:43,134 - streaming_ordering_chatbot.api.flows.conversation_flows_SK - INFO - Produced token:  Onion
2025-06-19 10:48:43,187 - streaming_ordering_chatbot.api.flows.conversation_flows_SK - INFO - Produced token: ,
2025-06-19 10:48:43,239 - streaming_ordering_chatbot.api.flows.conversation_flows_SK - INFO - Produced token:  Mayo
2025-06-19 10:48:43,291 - streaming_ordering_chatbot.api.flows.conversation_flows_SK - INFO - Produced token: ,
2025-06-19 10:48:43,343 - streaming_ordering_chatbot.api.flows.conversation_flows_SK - INFO - Produced token:  Bacon
2025-06-19 10:48:43,531 - streaming_ordering_chatbot.api.flows.conversation_flows_SK - INFO - Produced token: ,
2025-06-19 10:48:43,613 - streaming_ordering_chatbot.api.flows.conversation_flows_SK - INFO - Produced token:  and
2025-06-19 10:48:43,665 - streaming_ordering_chatbot.api.flows.conversation_flows_SK - INFO - Produced token:  Lett
2025-06-19 10:48:43,717 - streaming_ordering_chatbot.api.flows.conversation_flows_SK - INFO - Produced token: uce
2025-06-19 10:48:43,769 - streaming_ordering_chatbot.api.flows.conversation_flows_SK - INFO - Produced token:   

2025-06-19 10:48:43,822 - streaming_ordering_chatbot.api.flows.conversation_flows_SK - INFO - Produced token: -
2025-06-19 10:48:43,874 - streaming_ordering_chatbot.api.flows.conversation_flows_SK - INFO - Produced token:  **
2025-06-19 10:48:43,927 - streaming_ordering_chatbot.api.flows.conversation_flows_SK - INFO - Produced token: Fr
2025-06-19 10:48:43,979 - streaming_ordering_chatbot.api.flows.conversation_flows_SK - INFO - Produced token: ies
2025-06-19 10:48:44,031 - streaming_ordering_chatbot.api.flows.conversation_flows_SK - INFO - Produced token: **
2025-06-19 10:48:44,216 - streaming_ordering_chatbot.api.flows.conversation_flows_SK - INFO - Produced token: :
2025-06-19 10:48:44,269 - streaming_ordering_chatbot.api.flows.conversation_flows_SK - INFO - Produced token:  Large
2025-06-19 10:48:44,321 - streaming_ordering_chatbot.api.flows.conversation_flows_SK - INFO - Produced token: ,
2025-06-19 10:48:44,373 - streaming_ordering_chatbot.api.flows.conversation_flows_SK - INFO - Produced token:  No
2025-06-19 10:48:44,425 - streaming_ordering_chatbot.api.flows.conversation_flows_SK - INFO - Produced token:  Salt
2025-06-19 10:48:44,605 - streaming_ordering_chatbot.api.flows.conversation_flows_SK - INFO - Produced token:   


2025-06-19 10:48:44,657 - streaming_ordering_chatbot.api.flows.conversation_flows_SK - INFO - Produced token: Would
2025-06-19 10:48:44,709 - streaming_ordering_chatbot.api.flows.conversation_flows_SK - INFO - Produced token:  you
2025-06-19 10:48:44,760 - streaming_ordering_chatbot.api.flows.conversation_flows_SK - INFO - Produced token:  like
2025-06-19 10:48:44,812 - streaming_ordering_chatbot.api.flows.conversation_flows_SK - INFO - Produced token:  to
2025-06-19 10:48:44,997 - streaming_ordering_chatbot.api.flows.conversation_flows_SK - INFO - Produced token:  add
2025-06-19 10:48:45,049 - streaming_ordering_chatbot.api.flows.conversation_flows_SK - INFO - Produced token:  a
2025-06-19 10:48:45,101 - streaming_ordering_chatbot.api.flows.conversation_flows_SK - INFO - Produced token:  drink
2025-06-19 10:48:45,153 - streaming_ordering_chatbot.api.flows.conversation_flows_SK - INFO - Produced token:  or
2025-06-19 10:48:45,205 - streaming_ordering_chatbot.api.flows.conversation_flows_SK - INFO - Produced token:  make
2025-06-19 10:48:45,385 - streaming_ordering_chatbot.api.flows.conversation_flows_SK - INFO - Produced token:  any
2025-06-19 10:48:45,437 - streaming_ordering_chatbot.api.flows.conversation_flows_SK - INFO - Produced token:  other
2025-06-19 10:48:45,490 - streaming_ordering_chatbot.api.flows.conversation_flows_SK - INFO - Produced token:  changes
2025-06-19 10:48:45,542 - streaming_ordering_chatbot.api.flows.conversation_flows_SK - INFO - Produced token: ?
2025-06-19 10:48:45,594 - streaming_ordering_chatbot.api.flows.conversation_flows_SK - INFO - Produced token:  😊
2025-06-19 10:49:06,902 - streaming_ordering_chatbot.api.flows.conversation_flows_SK - INFO - Produced token: Hello
2025-06-19 10:49:07,093 - streaming_ordering_chatbot.api.flows.conversation_flows_SK - INFO - Produced token: !
2025-06-19 10:49:07,145 - streaming_ordering_chatbot.api.flows.conversation_flows_SK - INFO - Produced token:  Here's
2025-06-19 10:49:07,197 - streaming_ordering_chatbot.api.flows.conversation_flows_SK - INFO - Produced token:  our
2025-06-19 10:49:07,249 - streaming_ordering_chatbot.api.flows.conversation_flows_SK - INFO - Produced token:  drink
2025-06-19 10:49:07,301 - streaming_ordering_chatbot.api.flows.conversation_flows_SK - INFO - Produced token:  menu
2025-06-19 10:49:07,483 - streaming_ordering_chatbot.api.flows.conversation_flows_SK - INFO - Produced token: :


2025-06-19 10:49:07,536 - streaming_ordering_chatbot.api.flows.conversation_flows_SK - INFO - Produced token: -
2025-06-19 10:49:07,587 - streaming_ordering_chatbot.api.flows.conversation_flows_SK - INFO - Produced token:  **
2025-06-19 10:49:07,640 - streaming_ordering_chatbot.api.flows.conversation_flows_SK - INFO - Produced token: Col
2025-06-19 10:49:07,693 - streaming_ordering_chatbot.api.flows.conversation_flows_SK - INFO - Produced token: a
2025-06-19 10:49:07,874 - streaming_ordering_chatbot.api.flows.conversation_flows_SK - INFO - Produced token: **

2025-06-19 10:49:07,926 - streaming_ordering_chatbot.api.flows.conversation_flows_SK - INFO - Produced token: -
2025-06-19 10:49:07,978 - streaming_ordering_chatbot.api.flows.conversation_flows_SK - INFO - Produced token:  **
2025-06-19 10:49:08,030 - streaming_ordering_chatbot.api.flows.conversation_flows_SK - INFO - Produced token: Diet
2025-06-19 10:49:08,082 - streaming_ordering_chatbot.api.flows.conversation_flows_SK - INFO - Produced token:  Cola
2025-06-19 10:49:08,269 - streaming_ordering_chatbot.api.flows.conversation_flows_SK - INFO - Produced token: **

2025-06-19 10:49:08,321 - streaming_ordering_chatbot.api.flows.conversation_flows_SK - INFO - Produced token: -
2025-06-19 10:49:08,374 - streaming_ordering_chatbot.api.flows.conversation_flows_SK - INFO - Produced token:  **
2025-06-19 10:49:08,426 - streaming_ordering_chatbot.api.flows.conversation_flows_SK - INFO - Produced token: L
2025-06-19 10:49:08,479 - streaming_ordering_chatbot.api.flows.conversation_flows_SK - INFO - Produced token: emon
2025-06-19 10:49:08,665 - streaming_ordering_chatbot.api.flows.conversation_flows_SK - INFO - Produced token: -L
2025-06-19 10:49:08,717 - streaming_ordering_chatbot.api.flows.conversation_flows_SK - INFO - Produced token: ime
2025-06-19 10:49:08,769 - streaming_ordering_chatbot.api.flows.conversation_flows_SK - INFO - Produced token: **

2025-06-19 10:49:08,822 - streaming_ordering_chatbot.api.flows.conversation_flows_SK - INFO - Produced token: -
2025-06-19 10:49:08,874 - streaming_ordering_chatbot.api.flows.conversation_flows_SK - INFO - Produced token:  **
2025-06-19 10:49:09,053 - streaming_ordering_chatbot.api.flows.conversation_flows_SK - INFO - Produced token: Root
2025-06-19 10:49:09,105 - streaming_ordering_chatbot.api.flows.conversation_flows_SK - INFO - Produced token:  Beer
2025-06-19 10:49:09,157 - streaming_ordering_chatbot.api.flows.conversation_flows_SK - INFO - Produced token: **


2025-06-19 10:49:09,209 - streaming_ordering_chatbot.api.flows.conversation_flows_SK - INFO - Produced token: All
2025-06-19 10:49:09,262 - streaming_ordering_chatbot.api.flows.conversation_flows_SK - INFO - Produced token:  drinks
2025-06-19 10:49:09,442 - streaming_ordering_chatbot.api.flows.conversation_flows_SK - INFO - Produced token:  are
2025-06-19 10:49:09,495 - streaming_ordering_chatbot.api.flows.conversation_flows_SK - INFO - Produced token:  available
2025-06-19 10:49:09,546 - streaming_ordering_chatbot.api.flows.conversation_flows_SK - INFO - Produced token:  in
2025-06-19 10:49:09,599 - streaming_ordering_chatbot.api.flows.conversation_flows_SK - INFO - Produced token:  **
2025-06-19 10:49:09,651 - streaming_ordering_chatbot.api.flows.conversation_flows_SK - INFO - Produced token: Small
2025-06-19 10:49:09,836 - streaming_ordering_chatbot.api.flows.conversation_flows_SK - INFO - Produced token: **,
2025-06-19 10:49:09,889 - streaming_ordering_chatbot.api.flows.conversation_flows_SK - INFO - Produced token:  **
2025-06-19 10:49:09,941 - streaming_ordering_chatbot.api.flows.conversation_flows_SK - INFO - Produced token: Medium
2025-06-19 10:49:09,994 - streaming_ordering_chatbot.api.flows.conversation_flows_SK - INFO - Produced token: **
2025-06-19 10:49:10,046 - streaming_ordering_chatbot.api.flows.conversation_flows_SK - INFO - Produced token:  (
2025-06-19 10:49:10,232 - streaming_ordering_chatbot.api.flows.conversation_flows_SK - INFO - Produced token: default
2025-06-19 10:49:10,285 - streaming_ordering_chatbot.api.flows.conversation_flows_SK - INFO - Produced token: ),
2025-06-19 10:49:10,337 - streaming_ordering_chatbot.api.flows.conversation_flows_SK - INFO - Produced token:  and
2025-06-19 10:49:10,389 - streaming_ordering_chatbot.api.flows.conversation_flows_SK - INFO - Produced token:  **
2025-06-19 10:49:10,441 - streaming_ordering_chatbot.api.flows.conversation_flows_SK - INFO - Produced token: Large
2025-06-19 10:49:10,631 - streaming_ordering_chatbot.api.flows.conversation_flows_SK - INFO - Produced token: **
2025-06-19 10:49:10,683 - streaming_ordering_chatbot.api.flows.conversation_flows_SK - INFO - Produced token: .
2025-06-19 10:49:10,735 - streaming_ordering_chatbot.api.flows.conversation_flows_SK - INFO - Produced token:  Let
2025-06-19 10:49:10,787 - streaming_ordering_chatbot.api.flows.conversation_flows_SK - INFO - Produced token:  me
2025-06-19 10:49:10,840 - streaming_ordering_chatbot.api.flows.conversation_flows_SK - INFO - Produced token:  know
2025-06-19 10:49:11,033 - streaming_ordering_chatbot.api.flows.conversation_flows_SK - INFO - Produced token:  which
2025-06-19 10:49:11,085 - streaming_ordering_chatbot.api.flows.conversation_flows_SK - INFO - Produced token:  one
2025-06-19 10:49:11,137 - streaming_ordering_chatbot.api.flows.conversation_flows_SK - INFO - Produced token:  you'd
2025-06-19 10:49:11,189 - streaming_ordering_chatbot.api.flows.conversation_flows_SK - INFO - Produced token:  like
2025-06-19 10:49:11,240 - streaming_ordering_chatbot.api.flows.conversation_flows_SK - INFO - Produced token:  to
2025-06-19 10:49:11,419 - streaming_ordering_chatbot.api.flows.conversation_flows_SK - INFO - Produced token:  add
2025-06-19 10:49:11,471 - streaming_ordering_chatbot.api.flows.conversation_flows_SK - INFO - Produced token:  to
2025-06-19 10:49:11,523 - streaming_ordering_chatbot.api.flows.conversation_flows_SK - INFO - Produced token:  your
2025-06-19 10:49:11,575 - streaming_ordering_chatbot.api.flows.conversation_flows_SK - INFO - Produced token:  order
2025-06-19 10:49:11,627 - streaming_ordering_chatbot.api.flows.conversation_flows_SK - INFO - Produced token: !
2025-06-19 10:49:23,036 - streaming_ordering_chatbot.api.flows.conversation_flows_SK - INFO - Produced token: Hello
2025-06-19 10:49:23,219 - streaming_ordering_chatbot.api.flows.conversation_flows_SK - INFO - Produced token: !
2025-06-19 10:49:23,271 - streaming_ordering_chatbot.api.flows.conversation_flows_SK - INFO - Produced token:  Here's
2025-06-19 10:49:23,324 - streaming_ordering_chatbot.api.flows.conversation_flows_SK - INFO - Produced token:  your
2025-06-19 10:49:23,376 - streaming_ordering_chatbot.api.flows.conversation_flows_SK - INFO - Produced token:  current
2025-06-19 10:49:23,428 - streaming_ordering_chatbot.api.flows.conversation_flows_SK - INFO - Produced token:  order
2025-06-19 10:49:23,614 - streaming_ordering_chatbot.api.flows.conversation_flows_SK - INFO - Produced token:  based
2025-06-19 10:49:23,666 - streaming_ordering_chatbot.api.flows.conversation_flows_SK - INFO - Produced token:  on
2025-06-19 10:49:23,718 - streaming_ordering_chatbot.api.flows.conversation_flows_SK - INFO - Produced token:  what
2025-06-19 10:49:23,771 - streaming_ordering_chatbot.api.flows.conversation_flows_SK - INFO - Produced token:  you've
2025-06-19 10:49:23,822 - streaming_ordering_chatbot.api.flows.conversation_flows_SK - INFO - Produced token:  requested
2025-06-19 10:49:24,009 - streaming_ordering_chatbot.api.flows.conversation_flows_SK - INFO - Produced token: :


2025-06-19 10:49:24,060 - streaming_ordering_chatbot.api.flows.conversation_flows_SK - INFO - Produced token: -
2025-06-19 10:49:24,112 - streaming_ordering_chatbot.api.flows.conversation_flows_SK - INFO - Produced token:  **
2025-06-19 10:49:24,165 - streaming_ordering_chatbot.api.flows.conversation_flows_SK - INFO - Produced token: Hamb
2025-06-19 10:49:24,218 - streaming_ordering_chatbot.api.flows.conversation_flows_SK - INFO - Produced token: urger
2025-06-19 10:49:24,411 - streaming_ordering_chatbot.api.flows.conversation_flows_SK - INFO - Produced token: **
2025-06-19 10:49:24,464 - streaming_ordering_chatbot.api.flows.conversation_flows_SK - INFO - Produced token: :
2025-06-19 10:49:24,517 - streaming_ordering_chatbot.api.flows.conversation_flows_SK - INFO - Produced token:  Single
2025-06-19 10:49:24,569 - streaming_ordering_chatbot.api.flows.conversation_flows_SK - INFO - Produced token:  pat
2025-06-19 10:49:24,621 - streaming_ordering_chatbot.api.flows.conversation_flows_SK - INFO - Produced token: ty
2025-06-19 10:49:24,810 - streaming_ordering_chatbot.api.flows.conversation_flows_SK - INFO - Produced token: ,
2025-06-19 10:49:24,863 - streaming_ordering_chatbot.api.flows.conversation_flows_SK - INFO - Produced token:  pret
2025-06-19 10:49:24,915 - streaming_ordering_chatbot.api.flows.conversation_flows_SK - INFO - Produced token: zel
2025-06-19 10:49:24,968 - streaming_ordering_chatbot.api.flows.conversation_flows_SK - INFO - Produced token:  bun
2025-06-19 10:49:25,041 - streaming_ordering_chatbot.api.flows.conversation_flows_SK - INFO - Produced token: ,
2025-06-19 10:49:25,224 - streaming_ordering_chatbot.api.flows.conversation_flows_SK - INFO - Produced token:  with
2025-06-19 10:49:25,277 - streaming_ordering_chatbot.api.flows.conversation_flows_SK - INFO - Produced token:  onion
2025-06-19 10:49:25,329 - streaming_ordering_chatbot.api.flows.conversation_flows_SK - INFO - Produced token: ,
2025-06-19 10:49:25,381 - streaming_ordering_chatbot.api.flows.conversation_flows_SK - INFO - Produced token:  mayo
2025-06-19 10:49:25,433 - streaming_ordering_chatbot.api.flows.conversation_flows_SK - INFO - Produced token: ,
2025-06-19 10:49:25,620 - streaming_ordering_chatbot.api.flows.conversation_flows_SK - INFO - Produced token:  bacon
2025-06-19 10:49:25,673 - streaming_ordering_chatbot.api.flows.conversation_flows_SK - INFO - Produced token: ,
2025-06-19 10:49:25,725 - streaming_ordering_chatbot.api.flows.conversation_flows_SK - INFO - Produced token:  and
2025-06-19 10:49:25,776 - streaming_ordering_chatbot.api.flows.conversation_flows_SK - INFO - Produced token:  lettuce
2025-06-19 10:49:25,828 - streaming_ordering_chatbot.api.flows.conversation_flows_SK - INFO - Produced token: .

2025-06-19 10:49:26,019 - streaming_ordering_chatbot.api.flows.conversation_flows_SK - INFO - Produced token: -
2025-06-19 10:49:26,070 - streaming_ordering_chatbot.api.flows.conversation_flows_SK - INFO - Produced token:  **
2025-06-19 10:49:26,122 - streaming_ordering_chatbot.api.flows.conversation_flows_SK - INFO - Produced token: Fr
2025-06-19 10:49:26,174 - streaming_ordering_chatbot.api.flows.conversation_flows_SK - INFO - Produced token: ies
2025-06-19 10:49:26,226 - streaming_ordering_chatbot.api.flows.conversation_flows_SK - INFO - Produced token: **
2025-06-19 10:49:26,414 - streaming_ordering_chatbot.api.flows.conversation_flows_SK - INFO - Produced token: :
2025-06-19 10:49:26,466 - streaming_ordering_chatbot.api.flows.conversation_flows_SK - INFO - Produced token:  Large
2025-06-19 10:49:26,518 - streaming_ordering_chatbot.api.flows.conversation_flows_SK - INFO - Produced token: ,
2025-06-19 10:49:26,570 - streaming_ordering_chatbot.api.flows.conversation_flows_SK - INFO - Produced token:  no
2025-06-19 10:49:26,621 - streaming_ordering_chatbot.api.flows.conversation_flows_SK - INFO - Produced token:  salt
2025-06-19 10:49:26,803 - streaming_ordering_chatbot.api.flows.conversation_flows_SK - INFO - Produced token: .

2025-06-19 10:49:26,855 - streaming_ordering_chatbot.api.flows.conversation_flows_SK - INFO - Produced token: -
2025-06-19 10:49:26,907 - streaming_ordering_chatbot.api.flows.conversation_flows_SK - INFO - Produced token:  **
2025-06-19 10:49:26,960 - streaming_ordering_chatbot.api.flows.conversation_flows_SK - INFO - Produced token: Drink
2025-06-19 10:49:27,012 - streaming_ordering_chatbot.api.flows.conversation_flows_SK - INFO - Produced token: **
2025-06-19 10:49:27,199 - streaming_ordering_chatbot.api.flows.conversation_flows_SK - INFO - Produced token: :
2025-06-19 10:49:27,251 - streaming_ordering_chatbot.api.flows.conversation_flows_SK - INFO - Produced token:  Medium
2025-06-19 10:49:27,304 - streaming_ordering_chatbot.api.flows.conversation_flows_SK - INFO - Produced token:  cola
2025-06-19 10:49:27,356 - streaming_ordering_chatbot.api.flows.conversation_flows_SK - INFO - Produced token: .


2025-06-19 10:49:27,409 - streaming_ordering_chatbot.api.flows.conversation_flows_SK - INFO - Produced token: Would
2025-06-19 10:49:27,592 - streaming_ordering_chatbot.api.flows.conversation_flows_SK - INFO - Produced token:  you
2025-06-19 10:49:27,645 - streaming_ordering_chatbot.api.flows.conversation_flows_SK - INFO - Produced token:  like
2025-06-19 10:49:27,697 - streaming_ordering_chatbot.api.flows.conversation_flows_SK - INFO - Produced token:  to
2025-06-19 10:49:27,749 - streaming_ordering_chatbot.api.flows.conversation_flows_SK - INFO - Produced token:  add
2025-06-19 10:49:27,801 - streaming_ordering_chatbot.api.flows.conversation_flows_SK - INFO - Produced token:  or
2025-06-19 10:49:27,985 - streaming_ordering_chatbot.api.flows.conversation_flows_SK - INFO - Produced token:  change
2025-06-19 10:49:28,037 - streaming_ordering_chatbot.api.flows.conversation_flows_SK - INFO - Produced token:  anything
2025-06-19 10:49:28,089 - streaming_ordering_chatbot.api.flows.conversation_flows_SK - INFO - Produced token:  before
2025-06-19 10:49:28,141 - streaming_ordering_chatbot.api.flows.conversation_flows_SK - INFO - Produced token:  I
2025-06-19 10:49:28,193 - streaming_ordering_chatbot.api.flows.conversation_flows_SK - INFO - Produced token:  finalize
2025-06-19 10:49:28,378 - streaming_ordering_chatbot.api.flows.conversation_flows_SK - INFO - Produced token:  the
2025-06-19 10:49:28,430 - streaming_ordering_chatbot.api.flows.conversation_flows_SK - INFO - Produced token:  order
2025-06-19 10:49:28,482 - streaming_ordering_chatbot.api.flows.conversation_flows_SK - INFO - Produced token: ?
2025-06-19 10:49:28,534 - streaming_ordering_chatbot.api.flows.conversation_flows_SK - INFO - Produced token:  😊
2025-06-19 10:49:50,041 - streaming_ordering_chatbot.api.flows.conversation_flows_SK - INFO - Produced token: Hello
2025-06-19 10:49:50,234 - streaming_ordering_chatbot.api.flows.conversation_flows_SK - INFO - Produced token: !
2025-06-19 10:49:50,286 - streaming_ordering_chatbot.api.flows.conversation_flows_SK - INFO - Produced token:  Here's
2025-06-19 10:49:50,338 - streaming_ordering_chatbot.api.flows.conversation_flows_SK - INFO - Produced token:  your
2025-06-19 10:49:50,391 - streaming_ordering_chatbot.api.flows.conversation_flows_SK - INFO - Produced token:  current
2025-06-19 10:49:50,443 - streaming_ordering_chatbot.api.flows.conversation_flows_SK - INFO - Produced token:  order
2025-06-19 10:49:50,744 - streaming_ordering_chatbot.api.flows.conversation_flows_SK - INFO - Produced token:  so
2025-06-19 10:49:50,796 - streaming_ordering_chatbot.api.flows.conversation_flows_SK - INFO - Produced token:  far
2025-06-19 10:49:50,849 - streaming_ordering_chatbot.api.flows.conversation_flows_SK - INFO - Produced token: :


2025-06-19 10:49:50,901 - streaming_ordering_chatbot.api.flows.conversation_flows_SK - INFO - Produced token: -
2025-06-19 10:49:50,954 - streaming_ordering_chatbot.api.flows.conversation_flows_SK - INFO - Produced token:  **
2025-06-19 10:49:51,161 - streaming_ordering_chatbot.api.flows.conversation_flows_SK - INFO - Produced token: Hamb
2025-06-19 10:49:51,212 - streaming_ordering_chatbot.api.flows.conversation_flows_SK - INFO - Produced token: urger
2025-06-19 10:49:51,264 - streaming_ordering_chatbot.api.flows.conversation_flows_SK - INFO - Produced token: **
2025-06-19 10:49:51,317 - streaming_ordering_chatbot.api.flows.conversation_flows_SK - INFO - Produced token: :
2025-06-19 10:49:51,369 - streaming_ordering_chatbot.api.flows.conversation_flows_SK - INFO - Produced token:  Single
2025-06-19 10:49:51,555 - streaming_ordering_chatbot.api.flows.conversation_flows_SK - INFO - Produced token:  pat
2025-06-19 10:49:51,607 - streaming_ordering_chatbot.api.flows.conversation_flows_SK - INFO - Produced token: ty
2025-06-19 10:49:51,659 - streaming_ordering_chatbot.api.flows.conversation_flows_SK - INFO - Produced token: ,
2025-06-19 10:49:51,712 - streaming_ordering_chatbot.api.flows.conversation_flows_SK - INFO - Produced token:  quarter
2025-06-19 10:49:51,765 - streaming_ordering_chatbot.api.flows.conversation_flows_SK - INFO - Produced token:  lb
2025-06-19 10:49:51,950 - streaming_ordering_chatbot.api.flows.conversation_flows_SK - INFO - Produced token: ,
2025-06-19 10:49:52,003 - streaming_ordering_chatbot.api.flows.conversation_flows_SK - INFO - Produced token:  Pret
2025-06-19 10:49:52,055 - streaming_ordering_chatbot.api.flows.conversation_flows_SK - INFO - Produced token: zel
2025-06-19 10:49:52,107 - streaming_ordering_chatbot.api.flows.conversation_flows_SK - INFO - Produced token:  bun
2025-06-19 10:49:52,159 - streaming_ordering_chatbot.api.flows.conversation_flows_SK - INFO - Produced token: ,
2025-06-19 10:49:52,344 - streaming_ordering_chatbot.api.flows.conversation_flows_SK - INFO - Produced token:  Normal
2025-06-19 10:49:52,396 - streaming_ordering_chatbot.api.flows.conversation_flows_SK - INFO - Produced token:  cook
2025-06-19 10:49:52,448 - streaming_ordering_chatbot.api.flows.conversation_flows_SK - INFO - Produced token: ,
2025-06-19 10:49:52,500 - streaming_ordering_chatbot.api.flows.conversation_flows_SK - INFO - Produced token:  with
2025-06-19 10:49:52,552 - streaming_ordering_chatbot.api.flows.conversation_flows_SK - INFO - Produced token:  Onion
2025-06-19 10:49:52,737 - streaming_ordering_chatbot.api.flows.conversation_flows_SK - INFO - Produced token: ,
2025-06-19 10:49:52,789 - streaming_ordering_chatbot.api.flows.conversation_flows_SK - INFO - Produced token:  Mayo
2025-06-19 10:49:52,841 - streaming_ordering_chatbot.api.flows.conversation_flows_SK - INFO - Produced token: ,
2025-06-19 10:49:52,893 - streaming_ordering_chatbot.api.flows.conversation_flows_SK - INFO - Produced token:  Bacon
2025-06-19 10:49:52,945 - streaming_ordering_chatbot.api.flows.conversation_flows_SK - INFO - Produced token: ,
2025-06-19 10:49:53,133 - streaming_ordering_chatbot.api.flows.conversation_flows_SK - INFO - Produced token:  and
2025-06-19 10:49:53,185 - streaming_ordering_chatbot.api.flows.conversation_flows_SK - INFO - Produced token:  Lett
2025-06-19 10:49:53,237 - streaming_ordering_chatbot.api.flows.conversation_flows_SK - INFO - Produced token: uce
2025-06-19 10:49:53,289 - streaming_ordering_chatbot.api.flows.conversation_flows_SK - INFO - Produced token: .

2025-06-19 10:49:53,341 - streaming_ordering_chatbot.api.flows.conversation_flows_SK - INFO - Produced token: -
2025-06-19 10:49:53,542 - streaming_ordering_chatbot.api.flows.conversation_flows_SK - INFO - Produced token:  **
2025-06-19 10:49:53,594 - streaming_ordering_chatbot.api.flows.conversation_flows_SK - INFO - Produced token: Fr
2025-06-19 10:49:53,647 - streaming_ordering_chatbot.api.flows.conversation_flows_SK - INFO - Produced token: ies
2025-06-19 10:49:53,699 - streaming_ordering_chatbot.api.flows.conversation_flows_SK - INFO - Produced token: **
2025-06-19 10:49:53,752 - streaming_ordering_chatbot.api.flows.conversation_flows_SK - INFO - Produced token: :
2025-06-19 10:49:53,938 - streaming_ordering_chatbot.api.flows.conversation_flows_SK - INFO - Produced token:  Large
2025-06-19 10:49:53,990 - streaming_ordering_chatbot.api.flows.conversation_flows_SK - INFO - Produced token: ,
2025-06-19 10:49:54,042 - streaming_ordering_chatbot.api.flows.conversation_flows_SK - INFO - Produced token:  No
2025-06-19 10:49:54,094 - streaming_ordering_chatbot.api.flows.conversation_flows_SK - INFO - Produced token:  salt
2025-06-19 10:49:54,146 - streaming_ordering_chatbot.api.flows.conversation_flows_SK - INFO - Produced token: .

2025-06-19 10:49:54,338 - streaming_ordering_chatbot.api.flows.conversation_flows_SK - INFO - Produced token: -
2025-06-19 10:49:54,391 - streaming_ordering_chatbot.api.flows.conversation_flows_SK - INFO - Produced token:  **
2025-06-19 10:49:54,443 - streaming_ordering_chatbot.api.flows.conversation_flows_SK - INFO - Produced token: Col
2025-06-19 10:49:54,496 - streaming_ordering_chatbot.api.flows.conversation_flows_SK - INFO - Produced token: a
2025-06-19 10:49:54,548 - streaming_ordering_chatbot.api.flows.conversation_flows_SK - INFO - Produced token: **
2025-06-19 10:49:54,738 - streaming_ordering_chatbot.api.flows.conversation_flows_SK - INFO - Produced token: :
2025-06-19 10:49:54,790 - streaming_ordering_chatbot.api.flows.conversation_flows_SK - INFO - Produced token:  Medium
2025-06-19 10:49:54,842 - streaming_ordering_chatbot.api.flows.conversation_flows_SK - INFO - Produced token: .


2025-06-19 10:49:54,895 - streaming_ordering_chatbot.api.flows.conversation_flows_SK - INFO - Produced token: Let
2025-06-19 10:49:54,948 - streaming_ordering_chatbot.api.flows.conversation_flows_SK - INFO - Produced token:  me
2025-06-19 10:49:55,140 - streaming_ordering_chatbot.api.flows.conversation_flows_SK - INFO - Produced token:  know
2025-06-19 10:49:55,192 - streaming_ordering_chatbot.api.flows.conversation_flows_SK - INFO - Produced token:  if
2025-06-19 10:49:55,244 - streaming_ordering_chatbot.api.flows.conversation_flows_SK - INFO - Produced token:  you'd
2025-06-19 10:49:55,297 - streaming_ordering_chatbot.api.flows.conversation_flows_SK - INFO - Produced token:  like
2025-06-19 10:49:55,349 - streaming_ordering_chatbot.api.flows.conversation_flows_SK - INFO - Produced token:  to
2025-06-19 10:49:55,533 - streaming_ordering_chatbot.api.flows.conversation_flows_SK - INFO - Produced token:  make
2025-06-19 10:49:55,586 - streaming_ordering_chatbot.api.flows.conversation_flows_SK - INFO - Produced token:  any
2025-06-19 10:49:55,638 - streaming_ordering_chatbot.api.flows.conversation_flows_SK - INFO - Produced token:  adjustments
2025-06-19 10:49:55,689 - streaming_ordering_chatbot.api.flows.conversation_flows_SK - INFO - Produced token:  or
2025-06-19 10:49:55,741 - streaming_ordering_chatbot.api.flows.conversation_flows_SK - INFO - Produced token:  add
2025-06-19 10:49:55,929 - streaming_ordering_chatbot.api.flows.conversation_flows_SK - INFO - Produced token:  anything
2025-06-19 10:49:55,982 - streaming_ordering_chatbot.api.flows.conversation_flows_SK - INFO - Produced token:  else
2025-06-19 10:49:56,034 - streaming_ordering_chatbot.api.flows.conversation_flows_SK - INFO - Produced token:  to
2025-06-19 10:49:56,087 - streaming_ordering_chatbot.api.flows.conversation_flows_SK - INFO - Produced token:  your
2025-06-19 10:49:56,139 - streaming_ordering_chatbot.api.flows.conversation_flows_SK - INFO - Produced token:  order
2025-06-19 10:49:56,329 - streaming_ordering_chatbot.api.flows.conversation_flows_SK - INFO - Produced token: !
2025-06-19 10:49:56,382 - streaming_ordering_chatbot.api.flows.conversation_flows_SK - INFO - Produced token:  😊
2025-06-19 10:50:09,091 - streaming_ordering_chatbot.api.flows.conversation_flows_SK - INFO - Produced token: Hi
2025-06-19 10:50:09,278 - streaming_ordering_chatbot.api.flows.conversation_flows_SK - INFO - Produced token:  there
2025-06-19 10:50:09,330 - streaming_ordering_chatbot.api.flows.conversation_flows_SK - INFO - Produced token: !
2025-06-19 10:50:09,383 - streaming_ordering_chatbot.api.flows.conversation_flows_SK - INFO - Produced token:  Here's
2025-06-19 10:50:09,435 - streaming_ordering_chatbot.api.flows.conversation_flows_SK - INFO - Produced token:  what
2025-06-19 10:50:09,486 - streaming_ordering_chatbot.api.flows.conversation_flows_SK - INFO - Produced token:  your
2025-06-19 10:50:09,663 - streaming_ordering_chatbot.api.flows.conversation_flows_SK - INFO - Produced token:  order
2025-06-19 10:50:09,715 - streaming_ordering_chatbot.api.flows.conversation_flows_SK - INFO - Produced token:  looks
2025-06-19 10:50:09,767 - streaming_ordering_chatbot.api.flows.conversation_flows_SK - INFO - Produced token:  like
2025-06-19 10:50:09,820 - streaming_ordering_chatbot.api.flows.conversation_flows_SK - INFO - Produced token: :


2025-06-19 10:50:09,873 - streaming_ordering_chatbot.api.flows.conversation_flows_SK - INFO - Produced token: **
2025-06-19 10:50:10,064 - streaming_ordering_chatbot.api.flows.conversation_flows_SK - INFO - Produced token: Your
2025-06-19 10:50:10,116 - streaming_ordering_chatbot.api.flows.conversation_flows_SK - INFO - Produced token:  Order
2025-06-19 10:50:10,169 - streaming_ordering_chatbot.api.flows.conversation_flows_SK - INFO - Produced token: :
2025-06-19 10:50:10,221 - streaming_ordering_chatbot.api.flows.conversation_flows_SK - INFO - Produced token: **

2025-06-19 10:50:10,273 - streaming_ordering_chatbot.api.flows.conversation_flows_SK - INFO - Produced token: -
2025-06-19 10:50:10,478 - streaming_ordering_chatbot.api.flows.conversation_flows_SK - INFO - Produced token:  **
2025-06-19 10:50:10,530 - streaming_ordering_chatbot.api.flows.conversation_flows_SK - INFO - Produced token: Burger
2025-06-19 10:50:10,582 - streaming_ordering_chatbot.api.flows.conversation_flows_SK - INFO - Produced token: :**
2025-06-19 10:50:10,634 - streaming_ordering_chatbot.api.flows.conversation_flows_SK - INFO - Produced token:  Hamburger
2025-06-19 10:50:10,686 - streaming_ordering_chatbot.api.flows.conversation_flows_SK - INFO - Produced token: ,
2025-06-19 10:50:10,870 - streaming_ordering_chatbot.api.flows.conversation_flows_SK - INFO - Produced token:  single
2025-06-19 10:50:10,922 - streaming_ordering_chatbot.api.flows.conversation_flows_SK - INFO - Produced token:  pat
2025-06-19 10:50:10,974 - streaming_ordering_chatbot.api.flows.conversation_flows_SK - INFO - Produced token: ty
2025-06-19 10:50:11,026 - streaming_ordering_chatbot.api.flows.conversation_flows_SK - INFO - Produced token: ,
2025-06-19 10:50:11,078 - streaming_ordering_chatbot.api.flows.conversation_flows_SK - INFO - Produced token:  pret
2025-06-19 10:50:11,257 - streaming_ordering_chatbot.api.flows.conversation_flows_SK - INFO - Produced token: zel
2025-06-19 10:50:11,310 - streaming_ordering_chatbot.api.flows.conversation_flows_SK - INFO - Produced token:  bun
2025-06-19 10:50:11,362 - streaming_ordering_chatbot.api.flows.conversation_flows_SK - INFO - Produced token: ,
2025-06-19 10:50:11,414 - streaming_ordering_chatbot.api.flows.conversation_flows_SK - INFO - Produced token:  normal
2025-06-19 10:50:11,467 - streaming_ordering_chatbot.api.flows.conversation_flows_SK - INFO - Produced token:  cook
2025-06-19 10:50:11,656 - streaming_ordering_chatbot.api.flows.conversation_flows_SK - INFO - Produced token: ,
2025-06-19 10:50:11,707 - streaming_ordering_chatbot.api.flows.conversation_flows_SK - INFO - Produced token:  topped
2025-06-19 10:50:11,759 - streaming_ordering_chatbot.api.flows.conversation_flows_SK - INFO - Produced token:  with
2025-06-19 10:50:11,812 - streaming_ordering_chatbot.api.flows.conversation_flows_SK - INFO - Produced token:  lettuce
2025-06-19 10:50:11,864 - streaming_ordering_chatbot.api.flows.conversation_flows_SK - INFO - Produced token: ,
2025-06-19 10:50:12,042 - streaming_ordering_chatbot.api.flows.conversation_flows_SK - INFO - Produced token:  onion
2025-06-19 10:50:12,094 - streaming_ordering_chatbot.api.flows.conversation_flows_SK - INFO - Produced token: ,
2025-06-19 10:50:12,146 - streaming_ordering_chatbot.api.flows.conversation_flows_SK - INFO - Produced token:  mayo
2025-06-19 10:50:12,198 - streaming_ordering_chatbot.api.flows.conversation_flows_SK - INFO - Produced token: ,
2025-06-19 10:50:12,251 - streaming_ordering_chatbot.api.flows.conversation_flows_SK - INFO - Produced token:  and
2025-06-19 10:50:12,443 - streaming_ordering_chatbot.api.flows.conversation_flows_SK - INFO - Produced token:  bacon
2025-06-19 10:50:12,496 - streaming_ordering_chatbot.api.flows.conversation_flows_SK - INFO - Produced token: .

2025-06-19 10:50:12,548 - streaming_ordering_chatbot.api.flows.conversation_flows_SK - INFO - Produced token: -
2025-06-19 10:50:12,600 - streaming_ordering_chatbot.api.flows.conversation_flows_SK - INFO - Produced token:  **
2025-06-19 10:50:12,651 - streaming_ordering_chatbot.api.flows.conversation_flows_SK - INFO - Produced token: Fr
2025-06-19 10:50:12,833 - streaming_ordering_chatbot.api.flows.conversation_flows_SK - INFO - Produced token: ies
2025-06-19 10:50:12,885 - streaming_ordering_chatbot.api.flows.conversation_flows_SK - INFO - Produced token: :**
2025-06-19 10:50:12,937 - streaming_ordering_chatbot.api.flows.conversation_flows_SK - INFO - Produced token:  Large
2025-06-19 10:50:12,990 - streaming_ordering_chatbot.api.flows.conversation_flows_SK - INFO - Produced token: ,
2025-06-19 10:50:13,042 - streaming_ordering_chatbot.api.flows.conversation_flows_SK - INFO - Produced token:  no
2025-06-19 10:50:13,234 - streaming_ordering_chatbot.api.flows.conversation_flows_SK - INFO - Produced token:  salt
2025-06-19 10:50:13,287 - streaming_ordering_chatbot.api.flows.conversation_flows_SK - INFO - Produced token: .

2025-06-19 10:50:13,339 - streaming_ordering_chatbot.api.flows.conversation_flows_SK - INFO - Produced token: -
2025-06-19 10:50:13,391 - streaming_ordering_chatbot.api.flows.conversation_flows_SK - INFO - Produced token:  **
2025-06-19 10:50:13,443 - streaming_ordering_chatbot.api.flows.conversation_flows_SK - INFO - Produced token: Drink
2025-06-19 10:50:13,624 - streaming_ordering_chatbot.api.flows.conversation_flows_SK - INFO - Produced token: :**
2025-06-19 10:50:13,676 - streaming_ordering_chatbot.api.flows.conversation_flows_SK - INFO - Produced token:  Medium
2025-06-19 10:50:13,729 - streaming_ordering_chatbot.api.flows.conversation_flows_SK - INFO - Produced token:  cola
2025-06-19 10:50:13,781 - streaming_ordering_chatbot.api.flows.conversation_flows_SK - INFO - Produced token: .


2025-06-19 10:50:13,834 - streaming_ordering_chatbot.api.flows.conversation_flows_SK - INFO - Produced token: Does
2025-06-19 10:50:14,027 - streaming_ordering_chatbot.api.flows.conversation_flows_SK - INFO - Produced token:  everything
2025-06-19 10:50:14,079 - streaming_ordering_chatbot.api.flows.conversation_flows_SK - INFO - Produced token:  look
2025-06-19 10:50:14,130 - streaming_ordering_chatbot.api.flows.conversation_flows_SK - INFO - Produced token:  right
2025-06-19 10:50:14,182 - streaming_ordering_chatbot.api.flows.conversation_flows_SK - INFO - Produced token: ?
2025-06-19 10:50:14,234 - streaming_ordering_chatbot.api.flows.conversation_flows_SK - INFO - Produced token:  😊
2025-06-19 10:50:28,408 - streaming_ordering_chatbot.api.flows.conversation_flows_SK - INFO - Produced token: Thank
2025-06-19 10:50:28,595 - streaming_ordering_chatbot.api.flows.conversation_flows_SK - INFO - Produced token:  you
2025-06-19 10:50:28,647 - streaming_ordering_chatbot.api.flows.conversation_flows_SK - INFO - Produced token:  for
2025-06-19 10:50:28,699 - streaming_ordering_chatbot.api.flows.conversation_flows_SK - INFO - Produced token:  your
2025-06-19 10:50:28,751 - streaming_ordering_chatbot.api.flows.conversation_flows_SK - INFO - Produced token:  order
2025-06-19 10:50:28,803 - streaming_ordering_chatbot.api.flows.conversation_flows_SK - INFO - Produced token: !
2025-06-19 10:50:28,983 - streaming_ordering_chatbot.api.flows.conversation_flows_SK - INFO - Produced token:  Here
2025-06-19 10:50:29,036 - streaming_ordering_chatbot.api.flows.conversation_flows_SK - INFO - Produced token: ’s
2025-06-19 10:50:29,088 - streaming_ordering_chatbot.api.flows.conversation_flows_SK - INFO - Produced token:  what
2025-06-19 10:50:29,140 - streaming_ordering_chatbot.api.flows.conversation_flows_SK - INFO - Produced token:  we
2025-06-19 10:50:29,193 - streaming_ordering_chatbot.api.flows.conversation_flows_SK - INFO - Produced token:  have
2025-06-19 10:50:29,382 - streaming_ordering_chatbot.api.flows.conversation_flows_SK - INFO - Produced token:  so
2025-06-19 10:50:29,433 - streaming_ordering_chatbot.api.flows.conversation_flows_SK - INFO - Produced token:  far
2025-06-19 10:50:29,485 - streaming_ordering_chatbot.api.flows.conversation_flows_SK - INFO - Produced token: :


2025-06-19 10:50:29,537 - streaming_ordering_chatbot.api.flows.conversation_flows_SK - INFO - Produced token: ###
2025-06-19 10:50:29,589 - streaming_ordering_chatbot.api.flows.conversation_flows_SK - INFO - Produced token:  **
2025-06-19 10:50:29,777 - streaming_ordering_chatbot.api.flows.conversation_flows_SK - INFO - Produced token: Your
2025-06-19 10:50:29,830 - streaming_ordering_chatbot.api.flows.conversation_flows_SK - INFO - Produced token:  Order
2025-06-19 10:50:29,907 - streaming_ordering_chatbot.api.flows.conversation_flows_SK - INFO - Produced token: **

2025-06-19 10:50:29,959 - streaming_ordering_chatbot.api.flows.conversation_flows_SK - INFO - Produced token: -
2025-06-19 10:50:30,011 - streaming_ordering_chatbot.api.flows.conversation_flows_SK - INFO - Produced token:  **
2025-06-19 10:50:30,201 - streaming_ordering_chatbot.api.flows.conversation_flows_SK - INFO - Produced token: Hamb
2025-06-19 10:50:30,253 - streaming_ordering_chatbot.api.flows.conversation_flows_SK - INFO - Produced token: urger
2025-06-19 10:50:30,306 - streaming_ordering_chatbot.api.flows.conversation_flows_SK - INFO - Produced token: **
2025-06-19 10:50:30,359 - streaming_ordering_chatbot.api.flows.conversation_flows_SK - INFO - Produced token: :
2025-06-19 10:50:30,411 - streaming_ordering_chatbot.api.flows.conversation_flows_SK - INFO - Produced token:  Single
2025-06-19 10:50:30,600 - streaming_ordering_chatbot.api.flows.conversation_flows_SK - INFO - Produced token:  pat
2025-06-19 10:50:30,652 - streaming_ordering_chatbot.api.flows.conversation_flows_SK - INFO - Produced token: ty
2025-06-19 10:50:30,704 - streaming_ordering_chatbot.api.flows.conversation_flows_SK - INFO - Produced token: ,
2025-06-19 10:50:30,757 - streaming_ordering_chatbot.api.flows.conversation_flows_SK - INFO - Produced token:  pret
2025-06-19 10:50:30,809 - streaming_ordering_chatbot.api.flows.conversation_flows_SK - INFO - Produced token: zel
2025-06-19 10:50:30,990 - streaming_ordering_chatbot.api.flows.conversation_flows_SK - INFO - Produced token:  bun
2025-06-19 10:50:31,042 - streaming_ordering_chatbot.api.flows.conversation_flows_SK - INFO - Produced token: ,
2025-06-19 10:50:31,095 - streaming_ordering_chatbot.api.flows.conversation_flows_SK - INFO - Produced token:  cooked
2025-06-19 10:50:31,147 - streaming_ordering_chatbot.api.flows.conversation_flows_SK - INFO - Produced token:  normal
2025-06-19 10:50:31,199 - streaming_ordering_chatbot.api.flows.conversation_flows_SK - INFO - Produced token: ,
2025-06-19 10:50:31,385 - streaming_ordering_chatbot.api.flows.conversation_flows_SK - INFO - Produced token:  with
2025-06-19 10:50:31,437 - streaming_ordering_chatbot.api.flows.conversation_flows_SK - INFO - Produced token:  lettuce
2025-06-19 10:50:31,489 - streaming_ordering_chatbot.api.flows.conversation_flows_SK - INFO - Produced token: ,
2025-06-19 10:50:31,542 - streaming_ordering_chatbot.api.flows.conversation_flows_SK - INFO - Produced token:  onion
2025-06-19 10:50:31,594 - streaming_ordering_chatbot.api.flows.conversation_flows_SK - INFO - Produced token: ,
2025-06-19 10:50:31,783 - streaming_ordering_chatbot.api.flows.conversation_flows_SK - INFO - Produced token:  mayo
2025-06-19 10:50:31,835 - streaming_ordering_chatbot.api.flows.conversation_flows_SK - INFO - Produced token: ,
2025-06-19 10:50:31,887 - streaming_ordering_chatbot.api.flows.conversation_flows_SK - INFO - Produced token:  and
2025-06-19 10:50:31,939 - streaming_ordering_chatbot.api.flows.conversation_flows_SK - INFO - Produced token:  bacon
2025-06-19 10:50:31,991 - streaming_ordering_chatbot.api.flows.conversation_flows_SK - INFO - Produced token: .

2025-06-19 10:50:32,182 - streaming_ordering_chatbot.api.flows.conversation_flows_SK - INFO - Produced token: -
2025-06-19 10:50:32,234 - streaming_ordering_chatbot.api.flows.conversation_flows_SK - INFO - Produced token:  **
2025-06-19 10:50:32,286 - streaming_ordering_chatbot.api.flows.conversation_flows_SK - INFO - Produced token: Fr
2025-06-19 10:50:32,338 - streaming_ordering_chatbot.api.flows.conversation_flows_SK - INFO - Produced token: ies
2025-06-19 10:50:32,390 - streaming_ordering_chatbot.api.flows.conversation_flows_SK - INFO - Produced token: **
2025-06-19 10:50:32,574 - streaming_ordering_chatbot.api.flows.conversation_flows_SK - INFO - Produced token: :
2025-06-19 10:50:32,627 - streaming_ordering_chatbot.api.flows.conversation_flows_SK - INFO - Produced token:  Large
2025-06-19 10:50:32,679 - streaming_ordering_chatbot.api.flows.conversation_flows_SK - INFO - Produced token: ,
2025-06-19 10:50:32,732 - streaming_ordering_chatbot.api.flows.conversation_flows_SK - INFO - Produced token:  no
2025-06-19 10:50:32,784 - streaming_ordering_chatbot.api.flows.conversation_flows_SK - INFO - Produced token:  salt
2025-06-19 10:50:32,971 - streaming_ordering_chatbot.api.flows.conversation_flows_SK - INFO - Produced token: .

2025-06-19 10:50:33,023 - streaming_ordering_chatbot.api.flows.conversation_flows_SK - INFO - Produced token: -
2025-06-19 10:50:33,075 - streaming_ordering_chatbot.api.flows.conversation_flows_SK - INFO - Produced token:  **
2025-06-19 10:50:33,127 - streaming_ordering_chatbot.api.flows.conversation_flows_SK - INFO - Produced token: Drink
2025-06-19 10:50:33,178 - streaming_ordering_chatbot.api.flows.conversation_flows_SK - INFO - Produced token: **
2025-06-19 10:50:33,372 - streaming_ordering_chatbot.api.flows.conversation_flows_SK - INFO - Produced token: :
2025-06-19 10:50:33,426 - streaming_ordering_chatbot.api.flows.conversation_flows_SK - INFO - Produced token:  Medium
2025-06-19 10:50:33,478 - streaming_ordering_chatbot.api.flows.conversation_flows_SK - INFO - Produced token:  Cola
2025-06-19 10:50:33,529 - streaming_ordering_chatbot.api.flows.conversation_flows_SK - INFO - Produced token: .


2025-06-19 10:50:33,582 - streaming_ordering_chatbot.api.flows.conversation_flows_SK - INFO - Produced token: Is
2025-06-19 10:50:33,766 - streaming_ordering_chatbot.api.flows.conversation_flows_SK - INFO - Produced token:  everything
2025-06-19 10:50:33,818 - streaming_ordering_chatbot.api.flows.conversation_flows_SK - INFO - Produced token:  correct
2025-06-19 10:50:33,870 - streaming_ordering_chatbot.api.flows.conversation_flows_SK - INFO - Produced token: ?
2025-06-19 10:50:33,922 - streaming_ordering_chatbot.api.flows.conversation_flows_SK - INFO - Produced token:  Let
2025-06-19 10:50:33,974 - streaming_ordering_chatbot.api.flows.conversation_flows_SK - INFO - Produced token:  me
2025-06-19 10:50:34,161 - streaming_ordering_chatbot.api.flows.conversation_flows_SK - INFO - Produced token:  know
2025-06-19 10:50:34,214 - streaming_ordering_chatbot.api.flows.conversation_flows_SK - INFO - Produced token:  if
2025-06-19 10:50:34,266 - streaming_ordering_chatbot.api.flows.conversation_flows_SK - INFO - Produced token:  you'd
2025-06-19 10:50:34,317 - streaming_ordering_chatbot.api.flows.conversation_flows_SK - INFO - Produced token:  like
2025-06-19 10:50:34,369 - streaming_ordering_chatbot.api.flows.conversation_flows_SK - INFO - Produced token:  any
2025-06-19 10:50:34,555 - streaming_ordering_chatbot.api.flows.conversation_flows_SK - INFO - Produced token:  changes
2025-06-19 10:50:34,607 - streaming_ordering_chatbot.api.flows.conversation_flows_SK - INFO - Produced token:  or
2025-06-19 10:50:34,660 - streaming_ordering_chatbot.api.flows.conversation_flows_SK - INFO - Produced token:  need
2025-06-19 10:50:34,713 - streaming_ordering_chatbot.api.flows.conversation_flows_SK - INFO - Produced token:  anything
2025-06-19 10:50:34,765 - streaming_ordering_chatbot.api.flows.conversation_flows_SK - INFO - Produced token:  else
2025-06-19 10:50:34,949 - streaming_ordering_chatbot.api.flows.conversation_flows_SK - INFO - Produced token: !
2025-06-19 10:50:35,001 - streaming_ordering_chatbot.api.flows.conversation_flows_SK - INFO - Produced token:  😊
2025-06-19 10:50:59,418 - streaming_ordering_chatbot.api.flows.conversation_flows_SK - INFO - Produced token: Thank
2025-06-19 10:50:59,607 - streaming_ordering_chatbot.api.flows.conversation_flows_SK - INFO - Produced token:  you
2025-06-19 10:50:59,658 - streaming_ordering_chatbot.api.flows.conversation_flows_SK - INFO - Produced token:  for
2025-06-19 10:50:59,727 - streaming_ordering_chatbot.api.flows.conversation_flows_SK - INFO - Produced token:  your
2025-06-19 10:50:59,779 - streaming_ordering_chatbot.api.flows.conversation_flows_SK - INFO - Produced token:  order
2025-06-19 10:50:59,830 - streaming_ordering_chatbot.api.flows.conversation_flows_SK - INFO - Produced token: !
2025-06-19 10:51:00,012 - streaming_ordering_chatbot.api.flows.conversation_flows_SK - INFO - Produced token:  Here's
2025-06-19 10:51:00,064 - streaming_ordering_chatbot.api.flows.conversation_flows_SK - INFO - Produced token:  what
2025-06-19 10:51:00,116 - streaming_ordering_chatbot.api.flows.conversation_flows_SK - INFO - Produced token:  you
2025-06-19 10:51:00,168 - streaming_ordering_chatbot.api.flows.conversation_flows_SK - INFO - Produced token:  have
2025-06-19 10:51:00,219 - streaming_ordering_chatbot.api.flows.conversation_flows_SK - INFO - Produced token: :


2025-06-19 10:51:00,413 - streaming_ordering_chatbot.api.flows.conversation_flows_SK - INFO - Produced token: -
2025-06-19 10:51:00,465 - streaming_ordering_chatbot.api.flows.conversation_flows_SK - INFO - Produced token:  **
2025-06-19 10:51:00,518 - streaming_ordering_chatbot.api.flows.conversation_flows_SK - INFO - Produced token: Hamb
2025-06-19 10:51:00,570 - streaming_ordering_chatbot.api.flows.conversation_flows_SK - INFO - Produced token: urger
2025-06-19 10:51:00,622 - streaming_ordering_chatbot.api.flows.conversation_flows_SK - INFO - Produced token: **
2025-06-19 10:51:00,895 - streaming_ordering_chatbot.api.flows.conversation_flows_SK - INFO - Produced token: :
2025-06-19 10:51:00,946 - streaming_ordering_chatbot.api.flows.conversation_flows_SK - INFO - Produced token:  Single
2025-06-19 10:51:00,997 - streaming_ordering_chatbot.api.flows.conversation_flows_SK - INFO - Produced token:  pat
2025-06-19 10:51:01,049 - streaming_ordering_chatbot.api.flows.conversation_flows_SK - INFO - Produced token: ty
2025-06-19 10:51:01,101 - streaming_ordering_chatbot.api.flows.conversation_flows_SK - INFO - Produced token: ,
2025-06-19 10:51:01,292 - streaming_ordering_chatbot.api.flows.conversation_flows_SK - INFO - Produced token:  Pret
2025-06-19 10:51:01,345 - streaming_ordering_chatbot.api.flows.conversation_flows_SK - INFO - Produced token: zel
2025-06-19 10:51:01,397 - streaming_ordering_chatbot.api.flows.conversation_flows_SK - INFO - Produced token:  bun
2025-06-19 10:51:01,450 - streaming_ordering_chatbot.api.flows.conversation_flows_SK - INFO - Produced token: ,
2025-06-19 10:51:01,502 - streaming_ordering_chatbot.api.flows.conversation_flows_SK - INFO - Produced token:  topped
2025-06-19 10:51:01,747 - streaming_ordering_chatbot.api.flows.conversation_flows_SK - INFO - Produced token:  with
2025-06-19 10:51:01,799 - streaming_ordering_chatbot.api.flows.conversation_flows_SK - INFO - Produced token:  Onion
2025-06-19 10:51:01,851 - streaming_ordering_chatbot.api.flows.conversation_flows_SK - INFO - Produced token: ,
2025-06-19 10:51:01,903 - streaming_ordering_chatbot.api.flows.conversation_flows_SK - INFO - Produced token:  Mayo
2025-06-19 10:51:01,955 - streaming_ordering_chatbot.api.flows.conversation_flows_SK - INFO - Produced token: ,
2025-06-19 10:51:02,158 - streaming_ordering_chatbot.api.flows.conversation_flows_SK - INFO - Produced token:  Bacon
2025-06-19 10:51:02,210 - streaming_ordering_chatbot.api.flows.conversation_flows_SK - INFO - Produced token: ,
2025-06-19 10:51:02,261 - streaming_ordering_chatbot.api.flows.conversation_flows_SK - INFO - Produced token:  Lett
2025-06-19 10:51:02,314 - streaming_ordering_chatbot.api.flows.conversation_flows_SK - INFO - Produced token: uce
2025-06-19 10:51:02,366 - streaming_ordering_chatbot.api.flows.conversation_flows_SK - INFO - Produced token: 

2025-06-19 10:51:02,418 - streaming_ordering_chatbot.api.flows.conversation_flows_SK - INFO - Produced token: -
2025-06-19 10:51:02,470 - streaming_ordering_chatbot.api.flows.conversation_flows_SK - INFO - Produced token:  **
2025-06-19 10:51:02,523 - streaming_ordering_chatbot.api.flows.conversation_flows_SK - INFO - Produced token: Fr
2025-06-19 10:51:02,574 - streaming_ordering_chatbot.api.flows.conversation_flows_SK - INFO - Produced token: ies
2025-06-19 10:51:02,627 - streaming_ordering_chatbot.api.flows.conversation_flows_SK - INFO - Produced token: **
2025-06-19 10:51:02,814 - streaming_ordering_chatbot.api.flows.conversation_flows_SK - INFO - Produced token: :
2025-06-19 10:51:02,866 - streaming_ordering_chatbot.api.flows.conversation_flows_SK - INFO - Produced token:  Large
2025-06-19 10:51:02,918 - streaming_ordering_chatbot.api.flows.conversation_flows_SK - INFO - Produced token: ,
2025-06-19 10:51:02,969 - streaming_ordering_chatbot.api.flows.conversation_flows_SK - INFO - Produced token:  No
2025-06-19 10:51:03,021 - streaming_ordering_chatbot.api.flows.conversation_flows_SK - INFO - Produced token:  Salt
2025-06-19 10:51:03,213 - streaming_ordering_chatbot.api.flows.conversation_flows_SK - INFO - Produced token: 

2025-06-19 10:51:03,265 - streaming_ordering_chatbot.api.flows.conversation_flows_SK - INFO - Produced token: -
2025-06-19 10:51:03,317 - streaming_ordering_chatbot.api.flows.conversation_flows_SK - INFO - Produced token:  **
2025-06-19 10:51:03,369 - streaming_ordering_chatbot.api.flows.conversation_flows_SK - INFO - Produced token: Drink
2025-06-19 10:51:03,421 - streaming_ordering_chatbot.api.flows.conversation_flows_SK - INFO - Produced token: **
2025-06-19 10:51:03,618 - streaming_ordering_chatbot.api.flows.conversation_flows_SK - INFO - Produced token: :
2025-06-19 10:51:03,671 - streaming_ordering_chatbot.api.flows.conversation_flows_SK - INFO - Produced token:  Medium
2025-06-19 10:51:03,724 - streaming_ordering_chatbot.api.flows.conversation_flows_SK - INFO - Produced token:  Cola
2025-06-19 10:51:03,776 - streaming_ordering_chatbot.api.flows.conversation_flows_SK - INFO - Produced token: 


2025-06-19 10:51:03,827 - streaming_ordering_chatbot.api.flows.conversation_flows_SK - INFO - Produced token: If
2025-06-19 10:51:04,012 - streaming_ordering_chatbot.api.flows.conversation_flows_SK - INFO - Produced token:  everything
2025-06-19 10:51:04,064 - streaming_ordering_chatbot.api.flows.conversation_flows_SK - INFO - Produced token:  looks
2025-06-19 10:51:04,116 - streaming_ordering_chatbot.api.flows.conversation_flows_SK - INFO - Produced token:  good
2025-06-19 10:51:04,168 - streaming_ordering_chatbot.api.flows.conversation_flows_SK - INFO - Produced token: ,
2025-06-19 10:51:04,220 - streaming_ordering_chatbot.api.flows.conversation_flows_SK - INFO - Produced token:  we
2025-06-19 10:51:04,418 - streaming_ordering_chatbot.api.flows.conversation_flows_SK - INFO - Produced token: ’re
2025-06-19 10:51:04,470 - streaming_ordering_chatbot.api.flows.conversation_flows_SK - INFO - Produced token:  all
2025-06-19 10:51:04,522 - streaming_ordering_chatbot.api.flows.conversation_flows_SK - INFO - Produced token:  set
2025-06-19 10:51:04,574 - streaming_ordering_chatbot.api.flows.conversation_flows_SK - INFO - Produced token: !
2025-06-19 10:51:04,625 - streaming_ordering_chatbot.api.flows.conversation_flows_SK - INFO - Produced token:  Feel
2025-06-19 10:51:04,813 - streaming_ordering_chatbot.api.flows.conversation_flows_SK - INFO - Produced token:  free
2025-06-19 10:51:04,866 - streaming_ordering_chatbot.api.flows.conversation_flows_SK - INFO - Produced token:  to
2025-06-19 10:51:04,918 - streaming_ordering_chatbot.api.flows.conversation_flows_SK - INFO - Produced token:  reach
2025-06-19 10:51:04,970 - streaming_ordering_chatbot.api.flows.conversation_flows_SK - INFO - Produced token:  out
2025-06-19 10:51:05,022 - streaming_ordering_chatbot.api.flows.conversation_flows_SK - INFO - Produced token:  if
2025-06-19 10:51:05,217 - streaming_ordering_chatbot.api.flows.conversation_flows_SK - INFO - Produced token:  you
2025-06-19 10:51:05,269 - streaming_ordering_chatbot.api.flows.conversation_flows_SK - INFO - Produced token:  need
2025-06-19 10:51:05,321 - streaming_ordering_chatbot.api.flows.conversation_flows_SK - INFO - Produced token:  anything
2025-06-19 10:51:05,373 - streaming_ordering_chatbot.api.flows.conversation_flows_SK - INFO - Produced token:  else
2025-06-19 10:51:05,426 - streaming_ordering_chatbot.api.flows.conversation_flows_SK - INFO - Produced token: .
2025-06-19 10:51:05,610 - streaming_ordering_chatbot.api.flows.conversation_flows_SK - INFO - Produced token:  Have
2025-06-19 10:51:05,662 - streaming_ordering_chatbot.api.flows.conversation_flows_SK - INFO - Produced token:  a
2025-06-19 10:51:05,714 - streaming_ordering_chatbot.api.flows.conversation_flows_SK - INFO - Produced token:  great
2025-06-19 10:51:05,766 - streaming_ordering_chatbot.api.flows.conversation_flows_SK - INFO - Produced token:  day
2025-06-19 10:51:05,818 - streaming_ordering_chatbot.api.flows.conversation_flows_SK - INFO - Produced token: !
2025-06-19 10:51:06,007 - streaming_ordering_chatbot.api.flows.conversation_flows_SK - INFO - Produced token:  😊
2025-06-19 10:51:19,552 - streaming_ordering_chatbot.api.flows.conversation_flows_SK - INFO - Produced token: You're
2025-06-19 10:51:19,742 - streaming_ordering_chatbot.api.flows.conversation_flows_SK - INFO - Produced token:  very
2025-06-19 10:51:19,794 - streaming_ordering_chatbot.api.flows.conversation_flows_SK - INFO - Produced token:  welcome
2025-06-19 10:51:19,846 - streaming_ordering_chatbot.api.flows.conversation_flows_SK - INFO - Produced token: !
2025-06-19 10:51:19,899 - streaming_ordering_chatbot.api.flows.conversation_flows_SK - INFO - Produced token:  Here's
2025-06-19 10:51:19,951 - streaming_ordering_chatbot.api.flows.conversation_flows_SK - INFO - Produced token:  your
2025-06-19 10:51:20,151 - streaming_ordering_chatbot.api.flows.conversation_flows_SK - INFO - Produced token:  order
2025-06-19 10:51:20,205 - streaming_ordering_chatbot.api.flows.conversation_flows_SK - INFO - Produced token:  summary
2025-06-19 10:51:20,257 - streaming_ordering_chatbot.api.flows.conversation_flows_SK - INFO - Produced token: :


2025-06-19 10:51:20,309 - streaming_ordering_chatbot.api.flows.conversation_flows_SK - INFO - Produced token: -
2025-06-19 10:51:20,362 - streaming_ordering_chatbot.api.flows.conversation_flows_SK - INFO - Produced token:  **
2025-06-19 10:51:20,551 - streaming_ordering_chatbot.api.flows.conversation_flows_SK - INFO - Produced token: Hamb
2025-06-19 10:51:20,603 - streaming_ordering_chatbot.api.flows.conversation_flows_SK - INFO - Produced token: urger
2025-06-19 10:51:20,655 - streaming_ordering_chatbot.api.flows.conversation_flows_SK - INFO - Produced token: **
2025-06-19 10:51:20,707 - streaming_ordering_chatbot.api.flows.conversation_flows_SK - INFO - Produced token: :
2025-06-19 10:51:20,759 - streaming_ordering_chatbot.api.flows.conversation_flows_SK - INFO - Produced token:  Single
2025-06-19 10:51:20,948 - streaming_ordering_chatbot.api.flows.conversation_flows_SK - INFO - Produced token:  pat
2025-06-19 10:51:21,000 - streaming_ordering_chatbot.api.flows.conversation_flows_SK - INFO - Produced token: ty
2025-06-19 10:51:21,052 - streaming_ordering_chatbot.api.flows.conversation_flows_SK - INFO - Produced token: ,
2025-06-19 10:51:21,104 - streaming_ordering_chatbot.api.flows.conversation_flows_SK - INFO - Produced token:  pret
2025-06-19 10:51:21,156 - streaming_ordering_chatbot.api.flows.conversation_flows_SK - INFO - Produced token: zel
2025-06-19 10:51:21,352 - streaming_ordering_chatbot.api.flows.conversation_flows_SK - INFO - Produced token:  bun
2025-06-19 10:51:21,405 - streaming_ordering_chatbot.api.flows.conversation_flows_SK - INFO - Produced token: ,
2025-06-19 10:51:21,457 - streaming_ordering_chatbot.api.flows.conversation_flows_SK - INFO - Produced token:  with
2025-06-19 10:51:21,509 - streaming_ordering_chatbot.api.flows.conversation_flows_SK - INFO - Produced token:  onion
2025-06-19 10:51:21,562 - streaming_ordering_chatbot.api.flows.conversation_flows_SK - INFO - Produced token: ,
2025-06-19 10:51:22,314 - streaming_ordering_chatbot.api.flows.conversation_flows_SK - INFO - Produced token:  mayo
2025-06-19 10:51:22,366 - streaming_ordering_chatbot.api.flows.conversation_flows_SK - INFO - Produced token: ,
2025-06-19 10:51:22,419 - streaming_ordering_chatbot.api.flows.conversation_flows_SK - INFO - Produced token:  bacon
2025-06-19 10:51:22,471 - streaming_ordering_chatbot.api.flows.conversation_flows_SK - INFO - Produced token: ,
2025-06-19 10:51:22,524 - streaming_ordering_chatbot.api.flows.conversation_flows_SK - INFO - Produced token:  and
2025-06-19 10:51:22,713 - streaming_ordering_chatbot.api.flows.conversation_flows_SK - INFO - Produced token:  lettuce
2025-06-19 10:51:22,765 - streaming_ordering_chatbot.api.flows.conversation_flows_SK - INFO - Produced token: .
2025-06-19 10:51:22,817 - streaming_ordering_chatbot.api.flows.conversation_flows_SK - INFO - Produced token:   

2025-06-19 10:51:22,870 - streaming_ordering_chatbot.api.flows.conversation_flows_SK - INFO - Produced token: -
2025-06-19 10:51:22,922 - streaming_ordering_chatbot.api.flows.conversation_flows_SK - INFO - Produced token:  **
2025-06-19 10:51:23,109 - streaming_ordering_chatbot.api.flows.conversation_flows_SK - INFO - Produced token: Fr
2025-06-19 10:51:23,161 - streaming_ordering_chatbot.api.flows.conversation_flows_SK - INFO - Produced token: ies
2025-06-19 10:51:23,213 - streaming_ordering_chatbot.api.flows.conversation_flows_SK - INFO - Produced token: **
2025-06-19 10:51:23,264 - streaming_ordering_chatbot.api.flows.conversation_flows_SK - INFO - Produced token: :
2025-06-19 10:51:23,316 - streaming_ordering_chatbot.api.flows.conversation_flows_SK - INFO - Produced token:  Large
2025-06-19 10:51:23,494 - streaming_ordering_chatbot.api.flows.conversation_flows_SK - INFO - Produced token: ,
2025-06-19 10:51:23,547 - streaming_ordering_chatbot.api.flows.conversation_flows_SK - INFO - Produced token:  no
2025-06-19 10:51:23,599 - streaming_ordering_chatbot.api.flows.conversation_flows_SK - INFO - Produced token:  salt
2025-06-19 10:51:23,652 - streaming_ordering_chatbot.api.flows.conversation_flows_SK - INFO - Produced token: .
2025-06-19 10:51:23,704 - streaming_ordering_chatbot.api.flows.conversation_flows_SK - INFO - Produced token:   

2025-06-19 10:51:23,756 - streaming_ordering_chatbot.api.flows.conversation_flows_SK - INFO - Produced token: -
2025-06-19 10:51:23,809 - streaming_ordering_chatbot.api.flows.conversation_flows_SK - INFO - Produced token:  **
2025-06-19 10:51:23,876 - streaming_ordering_chatbot.api.flows.conversation_flows_SK - INFO - Produced token: Drink
2025-06-19 10:51:23,928 - streaming_ordering_chatbot.api.flows.conversation_flows_SK - INFO - Produced token: **
2025-06-19 10:51:23,980 - streaming_ordering_chatbot.api.flows.conversation_flows_SK - INFO - Produced token: :
2025-06-19 10:51:24,168 - streaming_ordering_chatbot.api.flows.conversation_flows_SK - INFO - Produced token:  Medium
2025-06-19 10:51:24,221 - streaming_ordering_chatbot.api.flows.conversation_flows_SK - INFO - Produced token:  cola
2025-06-19 10:51:24,273 - streaming_ordering_chatbot.api.flows.conversation_flows_SK - INFO - Produced token: .
2025-06-19 10:51:24,325 - streaming_ordering_chatbot.api.flows.conversation_flows_SK - INFO - Produced token:   


2025-06-19 10:51:24,378 - streaming_ordering_chatbot.api.flows.conversation_flows_SK - INFO - Produced token: Thanks
2025-06-19 10:51:24,578 - streaming_ordering_chatbot.api.flows.conversation_flows_SK - INFO - Produced token:  for
2025-06-19 10:51:24,630 - streaming_ordering_chatbot.api.flows.conversation_flows_SK - INFO - Produced token:  ordering
2025-06-19 10:51:24,682 - streaming_ordering_chatbot.api.flows.conversation_flows_SK - INFO - Produced token:  with
2025-06-19 10:51:24,734 - streaming_ordering_chatbot.api.flows.conversation_flows_SK - INFO - Produced token:  us
2025-06-19 10:51:24,785 - streaming_ordering_chatbot.api.flows.conversation_flows_SK - INFO - Produced token: !
2025-06-19 10:51:24,995 - streaming_ordering_chatbot.api.flows.conversation_flows_SK - INFO - Produced token:  Let
2025-06-19 10:51:25,047 - streaming_ordering_chatbot.api.flows.conversation_flows_SK - INFO - Produced token:  us
2025-06-19 10:51:25,098 - streaming_ordering_chatbot.api.flows.conversation_flows_SK - INFO - Produced token:  know
2025-06-19 10:51:25,150 - streaming_ordering_chatbot.api.flows.conversation_flows_SK - INFO - Produced token:  if
2025-06-19 10:51:25,203 - streaming_ordering_chatbot.api.flows.conversation_flows_SK - INFO - Produced token:  you
2025-06-19 10:51:25,387 - streaming_ordering_chatbot.api.flows.conversation_flows_SK - INFO - Produced token:  need
2025-06-19 10:51:25,439 - streaming_ordering_chatbot.api.flows.conversation_flows_SK - INFO - Produced token:  anything
2025-06-19 10:51:25,491 - streaming_ordering_chatbot.api.flows.conversation_flows_SK - INFO - Produced token:  else
2025-06-19 10:51:25,543 - streaming_ordering_chatbot.api.flows.conversation_flows_SK - INFO - Produced token: .
2025-06-19 10:51:25,595 - streaming_ordering_chatbot.api.flows.conversation_flows_SK - INFO - Produced token:  Have
2025-06-19 10:51:25,774 - streaming_ordering_chatbot.api.flows.conversation_flows_SK - INFO - Produced token:  a
2025-06-19 10:51:25,825 - streaming_ordering_chatbot.api.flows.conversation_flows_SK - INFO - Produced token:  great
2025-06-19 10:51:25,877 - streaming_ordering_chatbot.api.flows.conversation_flows_SK - INFO - Produced token:  day
2025-06-19 10:51:25,929 - streaming_ordering_chatbot.api.flows.conversation_flows_SK - INFO - Produced token: !
2025-06-19 10:51:25,981 - streaming_ordering_chatbot.api.flows.conversation_flows_SK - INFO - Produced token:  😊
2025-06-19 11:08:42,262 - streaming_ordering_chatbot.api.flows.conversation_flows_SK - INFO - Produced token: Welcome
2025-06-19 11:08:42,716 - streaming_ordering_chatbot.api.flows.conversation_flows_SK - INFO - Produced token:  to
2025-06-19 11:08:42,768 - streaming_ordering_chatbot.api.flows.conversation_flows_SK - INFO - Produced token:  Cont
2025-06-19 11:08:42,820 - streaming_ordering_chatbot.api.flows.conversation_flows_SK - INFO - Produced token: oso
2025-06-19 11:08:42,872 - streaming_ordering_chatbot.api.flows.conversation_flows_SK - INFO - Produced token:  Restaurant
2025-06-19 11:08:42,925 - streaming_ordering_chatbot.api.flows.conversation_flows_SK - INFO - Produced token: !
2025-06-19 11:08:43,118 - streaming_ordering_chatbot.api.flows.conversation_flows_SK - INFO - Produced token:  How
2025-06-19 11:08:43,170 - streaming_ordering_chatbot.api.flows.conversation_flows_SK - INFO - Produced token:  can
2025-06-19 11:08:43,222 - streaming_ordering_chatbot.api.flows.conversation_flows_SK - INFO - Produced token:  I
2025-06-19 11:08:43,275 - streaming_ordering_chatbot.api.flows.conversation_flows_SK - INFO - Produced token:  assist
2025-06-19 11:08:43,328 - streaming_ordering_chatbot.api.flows.conversation_flows_SK - INFO - Produced token:  you
2025-06-19 11:08:43,519 - streaming_ordering_chatbot.api.flows.conversation_flows_SK - INFO - Produced token:  today
2025-06-19 11:08:43,573 - streaming_ordering_chatbot.api.flows.conversation_flows_SK - INFO - Produced token: ?
2025-06-19 11:08:43,625 - streaming_ordering_chatbot.api.flows.conversation_flows_SK - INFO - Produced token:  I
2025-06-19 11:08:43,678 - streaming_ordering_chatbot.api.flows.conversation_flows_SK - INFO - Produced token:  can
2025-06-19 11:08:43,732 - streaming_ordering_chatbot.api.flows.conversation_flows_SK - INFO - Produced token:  help
2025-06-19 11:08:43,911 - streaming_ordering_chatbot.api.flows.conversation_flows_SK - INFO - Produced token:  with
2025-06-19 11:08:43,963 - streaming_ordering_chatbot.api.flows.conversation_flows_SK - INFO - Produced token:  questions
2025-06-19 11:08:44,016 - streaming_ordering_chatbot.api.flows.conversation_flows_SK - INFO - Produced token:  about
2025-06-19 11:08:44,069 - streaming_ordering_chatbot.api.flows.conversation_flows_SK - INFO - Produced token:  the
2025-06-19 11:08:44,121 - streaming_ordering_chatbot.api.flows.conversation_flows_SK - INFO - Produced token:  menu
2025-06-19 11:08:44,315 - streaming_ordering_chatbot.api.flows.conversation_flows_SK - INFO - Produced token: ,
2025-06-19 11:08:44,368 - streaming_ordering_chatbot.api.flows.conversation_flows_SK - INFO - Produced token:  taking
2025-06-19 11:08:44,421 - streaming_ordering_chatbot.api.flows.conversation_flows_SK - INFO - Produced token:  or
2025-06-19 11:08:44,475 - streaming_ordering_chatbot.api.flows.conversation_flows_SK - INFO - Produced token:  modifying
2025-06-19 11:08:44,528 - streaming_ordering_chatbot.api.flows.conversation_flows_SK - INFO - Produced token:  orders
2025-06-19 11:08:44,735 - streaming_ordering_chatbot.api.flows.conversation_flows_SK - INFO - Produced token: ,
2025-06-19 11:08:44,787 - streaming_ordering_chatbot.api.flows.conversation_flows_SK - INFO - Produced token:  and
2025-06-19 11:08:44,841 - streaming_ordering_chatbot.api.flows.conversation_flows_SK - INFO - Produced token:  providing
2025-06-19 11:08:44,893 - streaming_ordering_chatbot.api.flows.conversation_flows_SK - INFO - Produced token:  information
2025-06-19 11:08:44,946 - streaming_ordering_chatbot.api.flows.conversation_flows_SK - INFO - Produced token:  about
2025-06-19 11:08:45,130 - streaming_ordering_chatbot.api.flows.conversation_flows_SK - INFO - Produced token:  our
2025-06-19 11:08:45,183 - streaming_ordering_chatbot.api.flows.conversation_flows_SK - INFO - Produced token:  restaurant
2025-06-19 11:08:45,236 - streaming_ordering_chatbot.api.flows.conversation_flows_SK - INFO - Produced token: .
2025-06-19 11:09:35,865 - streaming_ordering_chatbot.api.flows.conversation_flows_SK - INFO - Produced token: Hello
2025-06-19 11:09:36,050 - streaming_ordering_chatbot.api.flows.conversation_flows_SK - INFO - Produced token: !
2025-06-19 11:09:36,101 - streaming_ordering_chatbot.api.flows.conversation_flows_SK - INFO - Produced token:  Here's
2025-06-19 11:09:36,154 - streaming_ordering_chatbot.api.flows.conversation_flows_SK - INFO - Produced token:  what
2025-06-19 11:09:36,207 - streaming_ordering_chatbot.api.flows.conversation_flows_SK - INFO - Produced token:  we
2025-06-19 11:09:36,259 - streaming_ordering_chatbot.api.flows.conversation_flows_SK - INFO - Produced token:  have
2025-06-19 11:09:36,445 - streaming_ordering_chatbot.api.flows.conversation_flows_SK - INFO - Produced token:  on
2025-06-19 11:09:36,498 - streaming_ordering_chatbot.api.flows.conversation_flows_SK - INFO - Produced token:  the
2025-06-19 11:09:36,550 - streaming_ordering_chatbot.api.flows.conversation_flows_SK - INFO - Produced token:  menu
2025-06-19 11:09:36,603 - streaming_ordering_chatbot.api.flows.conversation_flows_SK - INFO - Produced token: :


2025-06-19 11:09:36,656 - streaming_ordering_chatbot.api.flows.conversation_flows_SK - INFO - Produced token: ###
2025-06-19 11:09:36,842 - streaming_ordering_chatbot.api.flows.conversation_flows_SK - INFO - Produced token:  Burg
2025-06-19 11:09:36,895 - streaming_ordering_chatbot.api.flows.conversation_flows_SK - INFO - Produced token: ers
2025-06-19 11:09:36,949 - streaming_ordering_chatbot.api.flows.conversation_flows_SK - INFO - Produced token: :

2025-06-19 11:09:37,002 - streaming_ordering_chatbot.api.flows.conversation_flows_SK - INFO - Produced token: -
2025-06-19 11:09:37,054 - streaming_ordering_chatbot.api.flows.conversation_flows_SK - INFO - Produced token:  **
2025-06-19 11:09:37,243 - streaming_ordering_chatbot.api.flows.conversation_flows_SK - INFO - Produced token: Options
2025-06-19 11:09:37,296 - streaming_ordering_chatbot.api.flows.conversation_flows_SK - INFO - Produced token: :**
2025-06-19 11:09:37,349 - streaming_ordering_chatbot.api.flows.conversation_flows_SK - INFO - Produced token:  Hamburger
2025-06-19 11:09:37,401 - streaming_ordering_chatbot.api.flows.conversation_flows_SK - INFO - Produced token: ,
2025-06-19 11:09:37,454 - streaming_ordering_chatbot.api.flows.conversation_flows_SK - INFO - Produced token:  Chees
2025-06-19 11:09:37,638 - streaming_ordering_chatbot.api.flows.conversation_flows_SK - INFO - Produced token: eb
2025-06-19 11:09:37,692 - streaming_ordering_chatbot.api.flows.conversation_flows_SK - INFO - Produced token: urger
2025-06-19 11:09:37,745 - streaming_ordering_chatbot.api.flows.conversation_flows_SK - INFO - Produced token: ,
2025-06-19 11:09:37,798 - streaming_ordering_chatbot.api.flows.conversation_flows_SK - INFO - Produced token:  Black
2025-06-19 11:09:37,850 - streaming_ordering_chatbot.api.flows.conversation_flows_SK - INFO - Produced token:  Bean
2025-06-19 11:09:38,037 - streaming_ordering_chatbot.api.flows.conversation_flows_SK - INFO - Produced token:  Burger
2025-06-19 11:09:38,092 - streaming_ordering_chatbot.api.flows.conversation_flows_SK - INFO - Produced token:  (
2025-06-19 11:09:38,145 - streaming_ordering_chatbot.api.flows.conversation_flows_SK - INFO - Produced token: veget
2025-06-19 11:09:38,198 - streaming_ordering_chatbot.api.flows.conversation_flows_SK - INFO - Produced token: arian
2025-06-19 11:09:38,251 - streaming_ordering_chatbot.api.flows.conversation_flows_SK - INFO - Produced token: )

2025-06-19 11:09:38,437 - streaming_ordering_chatbot.api.flows.conversation_flows_SK - INFO - Produced token: -
2025-06-19 11:09:38,489 - streaming_ordering_chatbot.api.flows.conversation_flows_SK - INFO - Produced token:  **
2025-06-19 11:09:38,542 - streaming_ordering_chatbot.api.flows.conversation_flows_SK - INFO - Produced token: P
2025-06-19 11:09:38,597 - streaming_ordering_chatbot.api.flows.conversation_flows_SK - INFO - Produced token: att
2025-06-19 11:09:38,649 - streaming_ordering_chatbot.api.flows.conversation_flows_SK - INFO - Produced token: ies
2025-06-19 11:09:38,848 - streaming_ordering_chatbot.api.flows.conversation_flows_SK - INFO - Produced token: :**
2025-06-19 11:09:38,901 - streaming_ordering_chatbot.api.flows.conversation_flows_SK - INFO - Produced token:  Single
2025-06-19 11:09:38,954 - streaming_ordering_chatbot.api.flows.conversation_flows_SK - INFO - Produced token:  or
2025-06-19 11:09:39,007 - streaming_ordering_chatbot.api.flows.conversation_flows_SK - INFO - Produced token:  Double
2025-06-19 11:09:39,593 - streaming_ordering_chatbot.api.flows.conversation_flows_SK - INFO - Produced token:  (
2025-06-19 11:09:39,776 - streaming_ordering_chatbot.api.flows.conversation_flows_SK - INFO - Produced token: default
2025-06-19 11:09:39,828 - streaming_ordering_chatbot.api.flows.conversation_flows_SK - INFO - Produced token: :
2025-06-19 11:09:39,881 - streaming_ordering_chatbot.api.flows.conversation_flows_SK - INFO - Produced token:  Single
2025-06-19 11:09:39,933 - streaming_ordering_chatbot.api.flows.conversation_flows_SK - INFO - Produced token: )

2025-06-19 11:09:39,986 - streaming_ordering_chatbot.api.flows.conversation_flows_SK - INFO - Produced token: -
2025-06-19 11:09:40,167 - streaming_ordering_chatbot.api.flows.conversation_flows_SK - INFO - Produced token:  **
2025-06-19 11:09:40,220 - streaming_ordering_chatbot.api.flows.conversation_flows_SK - INFO - Produced token: Size
2025-06-19 11:09:40,272 - streaming_ordering_chatbot.api.flows.conversation_flows_SK - INFO - Produced token: :**
2025-06-19 11:09:40,325 - streaming_ordering_chatbot.api.flows.conversation_flows_SK - INFO - Produced token:  Quarter
2025-06-19 11:09:40,377 - streaming_ordering_chatbot.api.flows.conversation_flows_SK - INFO - Produced token:  lb
2025-06-19 11:09:40,565 - streaming_ordering_chatbot.api.flows.conversation_flows_SK - INFO - Produced token:  or
2025-06-19 11:09:40,617 - streaming_ordering_chatbot.api.flows.conversation_flows_SK - INFO - Produced token:  Half
2025-06-19 11:09:40,669 - streaming_ordering_chatbot.api.flows.conversation_flows_SK - INFO - Produced token:  lb
2025-06-19 11:09:40,722 - streaming_ordering_chatbot.api.flows.conversation_flows_SK - INFO - Produced token:  (
2025-06-19 11:09:40,775 - streaming_ordering_chatbot.api.flows.conversation_flows_SK - INFO - Produced token: default
2025-06-19 11:09:40,956 - streaming_ordering_chatbot.api.flows.conversation_flows_SK - INFO - Produced token: :
2025-06-19 11:09:41,009 - streaming_ordering_chatbot.api.flows.conversation_flows_SK - INFO - Produced token:  Quarter
2025-06-19 11:09:41,061 - streaming_ordering_chatbot.api.flows.conversation_flows_SK - INFO - Produced token:  lb
2025-06-19 11:09:41,113 - streaming_ordering_chatbot.api.flows.conversation_flows_SK - INFO - Produced token: )

2025-06-19 11:09:41,166 - streaming_ordering_chatbot.api.flows.conversation_flows_SK - INFO - Produced token: -
2025-06-19 11:09:41,351 - streaming_ordering_chatbot.api.flows.conversation_flows_SK - INFO - Produced token:  **
2025-06-19 11:09:41,403 - streaming_ordering_chatbot.api.flows.conversation_flows_SK - INFO - Produced token: B
2025-06-19 11:09:41,455 - streaming_ordering_chatbot.api.flows.conversation_flows_SK - INFO - Produced token: un
2025-06-19 11:09:41,508 - streaming_ordering_chatbot.api.flows.conversation_flows_SK - INFO - Produced token: :**
2025-06-19 11:09:41,562 - streaming_ordering_chatbot.api.flows.conversation_flows_SK - INFO - Produced token:  Sesame
2025-06-19 11:09:41,763 - streaming_ordering_chatbot.api.flows.conversation_flows_SK - INFO - Produced token:  or
2025-06-19 11:09:41,817 - streaming_ordering_chatbot.api.flows.conversation_flows_SK - INFO - Produced token:  Pret
2025-06-19 11:09:41,870 - streaming_ordering_chatbot.api.flows.conversation_flows_SK - INFO - Produced token: zel
2025-06-19 11:09:41,922 - streaming_ordering_chatbot.api.flows.conversation_flows_SK - INFO - Produced token:  (
2025-06-19 11:09:41,975 - streaming_ordering_chatbot.api.flows.conversation_flows_SK - INFO - Produced token: default
2025-06-19 11:09:42,172 - streaming_ordering_chatbot.api.flows.conversation_flows_SK - INFO - Produced token: :
2025-06-19 11:09:42,225 - streaming_ordering_chatbot.api.flows.conversation_flows_SK - INFO - Produced token:  Sesame
2025-06-19 11:09:42,278 - streaming_ordering_chatbot.api.flows.conversation_flows_SK - INFO - Produced token: )

2025-06-19 11:09:42,332 - streaming_ordering_chatbot.api.flows.conversation_flows_SK - INFO - Produced token: -
2025-06-19 11:09:42,385 - streaming_ordering_chatbot.api.flows.conversation_flows_SK - INFO - Produced token:  **
2025-06-19 11:09:42,594 - streaming_ordering_chatbot.api.flows.conversation_flows_SK - INFO - Produced token: Cook
2025-06-19 11:09:42,647 - streaming_ordering_chatbot.api.flows.conversation_flows_SK - INFO - Produced token: :**
2025-06-19 11:09:42,699 - streaming_ordering_chatbot.api.flows.conversation_flows_SK - INFO - Produced token:  Normal
2025-06-19 11:09:42,751 - streaming_ordering_chatbot.api.flows.conversation_flows_SK - INFO - Produced token:  or
2025-06-19 11:09:42,804 - streaming_ordering_chatbot.api.flows.conversation_flows_SK - INFO - Produced token:  Well
2025-06-19 11:09:42,988 - streaming_ordering_chatbot.api.flows.conversation_flows_SK - INFO - Produced token:  Done
2025-06-19 11:09:43,042 - streaming_ordering_chatbot.api.flows.conversation_flows_SK - INFO - Produced token:  (
2025-06-19 11:09:43,094 - streaming_ordering_chatbot.api.flows.conversation_flows_SK - INFO - Produced token: default
2025-06-19 11:09:43,149 - streaming_ordering_chatbot.api.flows.conversation_flows_SK - INFO - Produced token: :
2025-06-19 11:09:43,201 - streaming_ordering_chatbot.api.flows.conversation_flows_SK - INFO - Produced token:  Normal
2025-06-19 11:09:43,387 - streaming_ordering_chatbot.api.flows.conversation_flows_SK - INFO - Produced token: )

2025-06-19 11:09:43,465 - streaming_ordering_chatbot.api.flows.conversation_flows_SK - INFO - Produced token: -
2025-06-19 11:09:43,516 - streaming_ordering_chatbot.api.flows.conversation_flows_SK - INFO - Produced token:  **
2025-06-19 11:09:43,568 - streaming_ordering_chatbot.api.flows.conversation_flows_SK - INFO - Produced token: T
2025-06-19 11:09:43,621 - streaming_ordering_chatbot.api.flows.conversation_flows_SK - INFO - Produced token: oppings
2025-06-19 11:09:43,801 - streaming_ordering_chatbot.api.flows.conversation_flows_SK - INFO - Produced token: :**
2025-06-19 11:09:43,853 - streaming_ordering_chatbot.api.flows.conversation_flows_SK - INFO - Produced token:  Lett
2025-06-19 11:09:43,905 - streaming_ordering_chatbot.api.flows.conversation_flows_SK - INFO - Produced token: uce
2025-06-19 11:09:43,958 - streaming_ordering_chatbot.api.flows.conversation_flows_SK - INFO - Produced token: ,
2025-06-19 11:09:44,010 - streaming_ordering_chatbot.api.flows.conversation_flows_SK - INFO - Produced token:  Tomato
2025-06-19 11:09:44,206 - streaming_ordering_chatbot.api.flows.conversation_flows_SK - INFO - Produced token: ,
2025-06-19 11:09:44,258 - streaming_ordering_chatbot.api.flows.conversation_flows_SK - INFO - Produced token:  Onion
2025-06-19 11:09:44,311 - streaming_ordering_chatbot.api.flows.conversation_flows_SK - INFO - Produced token: ,
2025-06-19 11:09:44,363 - streaming_ordering_chatbot.api.flows.conversation_flows_SK - INFO - Produced token:  Pick
2025-06-19 11:09:44,416 - streaming_ordering_chatbot.api.flows.conversation_flows_SK - INFO - Produced token: le
2025-06-19 11:09:44,622 - streaming_ordering_chatbot.api.flows.conversation_flows_SK - INFO - Produced token: ,
2025-06-19 11:09:44,675 - streaming_ordering_chatbot.api.flows.conversation_flows_SK - INFO - Produced token:  Bacon
2025-06-19 11:09:44,727 - streaming_ordering_chatbot.api.flows.conversation_flows_SK - INFO - Produced token: ,
2025-06-19 11:09:44,780 - streaming_ordering_chatbot.api.flows.conversation_flows_SK - INFO - Produced token:  Mayo
2025-06-19 11:09:44,833 - streaming_ordering_chatbot.api.flows.conversation_flows_SK - INFO - Produced token: ,
2025-06-19 11:09:45,017 - streaming_ordering_chatbot.api.flows.conversation_flows_SK - INFO - Produced token:  K
2025-06-19 11:09:45,070 - streaming_ordering_chatbot.api.flows.conversation_flows_SK - INFO - Produced token: etchup
2025-06-19 11:09:45,125 - streaming_ordering_chatbot.api.flows.conversation_flows_SK - INFO - Produced token: ,
2025-06-19 11:09:45,178 - streaming_ordering_chatbot.api.flows.conversation_flows_SK - INFO - Produced token:  Must
2025-06-19 11:09:45,231 - streaming_ordering_chatbot.api.flows.conversation_flows_SK - INFO - Produced token: ard
2025-06-19 11:09:45,414 - streaming_ordering_chatbot.api.flows.conversation_flows_SK - INFO - Produced token: ,
2025-06-19 11:09:45,467 - streaming_ordering_chatbot.api.flows.conversation_flows_SK - INFO - Produced token:  Rel
2025-06-19 11:09:45,519 - streaming_ordering_chatbot.api.flows.conversation_flows_SK - INFO - Produced token: ish
2025-06-19 11:09:45,572 - streaming_ordering_chatbot.api.flows.conversation_flows_SK - INFO - Produced token:  (
2025-06-19 11:09:45,625 - streaming_ordering_chatbot.api.flows.conversation_flows_SK - INFO - Produced token: default
2025-06-19 11:09:45,829 - streaming_ordering_chatbot.api.flows.conversation_flows_SK - INFO - Produced token: :
2025-06-19 11:09:45,882 - streaming_ordering_chatbot.api.flows.conversation_flows_SK - INFO - Produced token:  Lett
2025-06-19 11:09:45,934 - streaming_ordering_chatbot.api.flows.conversation_flows_SK - INFO - Produced token: uce
2025-06-19 11:09:45,987 - streaming_ordering_chatbot.api.flows.conversation_flows_SK - INFO - Produced token: ,
2025-06-19 11:09:46,041 - streaming_ordering_chatbot.api.flows.conversation_flows_SK - INFO - Produced token:  Tomato
2025-06-19 11:09:46,225 - streaming_ordering_chatbot.api.flows.conversation_flows_SK - INFO - Produced token: ,
2025-06-19 11:09:46,278 - streaming_ordering_chatbot.api.flows.conversation_flows_SK - INFO - Produced token:  Onion
2025-06-19 11:09:46,331 - streaming_ordering_chatbot.api.flows.conversation_flows_SK - INFO - Produced token: ,
2025-06-19 11:09:46,383 - streaming_ordering_chatbot.api.flows.conversation_flows_SK - INFO - Produced token:  and
2025-06-19 11:09:46,436 - streaming_ordering_chatbot.api.flows.conversation_flows_SK - INFO - Produced token:  K
2025-06-19 11:09:46,635 - streaming_ordering_chatbot.api.flows.conversation_flows_SK - INFO - Produced token: etchup
2025-06-19 11:09:46,971 - streaming_ordering_chatbot.api.flows.conversation_flows_SK - INFO - Produced token: )


2025-06-19 11:09:47,027 - streaming_ordering_chatbot.api.flows.conversation_flows_SK - INFO - Produced token: ###
2025-06-19 11:09:47,081 - streaming_ordering_chatbot.api.flows.conversation_flows_SK - INFO - Produced token:  Fries
2025-06-19 11:09:47,133 - streaming_ordering_chatbot.api.flows.conversation_flows_SK - INFO - Produced token: :

2025-06-19 11:09:47,312 - streaming_ordering_chatbot.api.flows.conversation_flows_SK - INFO - Produced token: -
2025-06-19 11:09:47,365 - streaming_ordering_chatbot.api.flows.conversation_flows_SK - INFO - Produced token:  **
2025-06-19 11:09:47,417 - streaming_ordering_chatbot.api.flows.conversation_flows_SK - INFO - Produced token: Size
2025-06-19 11:09:47,470 - streaming_ordering_chatbot.api.flows.conversation_flows_SK - INFO - Produced token: :**
2025-06-19 11:09:47,526 - streaming_ordering_chatbot.api.flows.conversation_flows_SK - INFO - Produced token:  Small
2025-06-19 11:09:47,828 - streaming_ordering_chatbot.api.flows.conversation_flows_SK - INFO - Produced token: ,
2025-06-19 11:09:47,879 - streaming_ordering_chatbot.api.flows.conversation_flows_SK - INFO - Produced token:  Medium
2025-06-19 11:09:47,932 - streaming_ordering_chatbot.api.flows.conversation_flows_SK - INFO - Produced token: ,
2025-06-19 11:09:47,984 - streaming_ordering_chatbot.api.flows.conversation_flows_SK - INFO - Produced token:  or
2025-06-19 11:09:48,036 - streaming_ordering_chatbot.api.flows.conversation_flows_SK - INFO - Produced token:  Large
2025-06-19 11:09:48,234 - streaming_ordering_chatbot.api.flows.conversation_flows_SK - INFO - Produced token:  (
2025-06-19 11:09:48,287 - streaming_ordering_chatbot.api.flows.conversation_flows_SK - INFO - Produced token: default
2025-06-19 11:09:48,340 - streaming_ordering_chatbot.api.flows.conversation_flows_SK - INFO - Produced token: :
2025-06-19 11:09:48,394 - streaming_ordering_chatbot.api.flows.conversation_flows_SK - INFO - Produced token:  Medium
2025-06-19 11:09:48,446 - streaming_ordering_chatbot.api.flows.conversation_flows_SK - INFO - Produced token: )

2025-06-19 11:09:48,641 - streaming_ordering_chatbot.api.flows.conversation_flows_SK - INFO - Produced token: -
2025-06-19 11:09:48,694 - streaming_ordering_chatbot.api.flows.conversation_flows_SK - INFO - Produced token:  **
2025-06-19 11:09:48,747 - streaming_ordering_chatbot.api.flows.conversation_flows_SK - INFO - Produced token: Salt
2025-06-19 11:09:48,799 - streaming_ordering_chatbot.api.flows.conversation_flows_SK - INFO - Produced token: :**
2025-06-19 11:09:48,852 - streaming_ordering_chatbot.api.flows.conversation_flows_SK - INFO - Produced token:  Regular
2025-06-19 11:09:49,034 - streaming_ordering_chatbot.api.flows.conversation_flows_SK - INFO - Produced token:  or
2025-06-19 11:09:49,086 - streaming_ordering_chatbot.api.flows.conversation_flows_SK - INFO - Produced token:  None
2025-06-19 11:09:49,138 - streaming_ordering_chatbot.api.flows.conversation_flows_SK - INFO - Produced token:  (
2025-06-19 11:09:49,191 - streaming_ordering_chatbot.api.flows.conversation_flows_SK - INFO - Produced token: default
2025-06-19 11:09:49,247 - streaming_ordering_chatbot.api.flows.conversation_flows_SK - INFO - Produced token: :
2025-06-19 11:09:49,440 - streaming_ordering_chatbot.api.flows.conversation_flows_SK - INFO - Produced token:  Regular
2025-06-19 11:09:49,493 - streaming_ordering_chatbot.api.flows.conversation_flows_SK - INFO - Produced token: )


2025-06-19 11:09:49,545 - streaming_ordering_chatbot.api.flows.conversation_flows_SK - INFO - Produced token: ###
2025-06-19 11:09:49,598 - streaming_ordering_chatbot.api.flows.conversation_flows_SK - INFO - Produced token:  Drinks
2025-06-19 11:09:49,654 - streaming_ordering_chatbot.api.flows.conversation_flows_SK - INFO - Produced token: :

2025-06-19 11:09:49,836 - streaming_ordering_chatbot.api.flows.conversation_flows_SK - INFO - Produced token: -
2025-06-19 11:09:49,889 - streaming_ordering_chatbot.api.flows.conversation_flows_SK - INFO - Produced token:  **
2025-06-19 11:09:49,941 - streaming_ordering_chatbot.api.flows.conversation_flows_SK - INFO - Produced token: Options
2025-06-19 11:09:49,994 - streaming_ordering_chatbot.api.flows.conversation_flows_SK - INFO - Produced token: :**
2025-06-19 11:09:50,048 - streaming_ordering_chatbot.api.flows.conversation_flows_SK - INFO - Produced token:  Cola
2025-06-19 11:09:50,235 - streaming_ordering_chatbot.api.flows.conversation_flows_SK - INFO - Produced token: ,
2025-06-19 11:09:50,289 - streaming_ordering_chatbot.api.flows.conversation_flows_SK - INFO - Produced token:  Diet
2025-06-19 11:09:51,616 - streaming_ordering_chatbot.api.flows.conversation_flows_SK - INFO - Produced token:  Cola
2025-06-19 11:09:51,669 - streaming_ordering_chatbot.api.flows.conversation_flows_SK - INFO - Produced token: ,
2025-06-19 11:09:51,722 - streaming_ordering_chatbot.api.flows.conversation_flows_SK - INFO - Produced token:  Lemon
2025-06-19 11:09:51,905 - streaming_ordering_chatbot.api.flows.conversation_flows_SK - INFO - Produced token: -L
2025-06-19 11:09:51,958 - streaming_ordering_chatbot.api.flows.conversation_flows_SK - INFO - Produced token: ime
2025-06-19 11:09:52,012 - streaming_ordering_chatbot.api.flows.conversation_flows_SK - INFO - Produced token: ,
2025-06-19 11:09:52,065 - streaming_ordering_chatbot.api.flows.conversation_flows_SK - INFO - Produced token:  Root
2025-06-19 11:09:52,118 - streaming_ordering_chatbot.api.flows.conversation_flows_SK - INFO - Produced token:  Beer
2025-06-19 11:09:52,306 - streaming_ordering_chatbot.api.flows.conversation_flows_SK - INFO - Produced token: 

2025-06-19 11:09:52,358 - streaming_ordering_chatbot.api.flows.conversation_flows_SK - INFO - Produced token: -
2025-06-19 11:09:52,411 - streaming_ordering_chatbot.api.flows.conversation_flows_SK - INFO - Produced token:  **
2025-06-19 11:09:52,464 - streaming_ordering_chatbot.api.flows.conversation_flows_SK - INFO - Produced token: Size
2025-06-19 11:09:52,518 - streaming_ordering_chatbot.api.flows.conversation_flows_SK - INFO - Produced token: :**
2025-06-19 11:09:52,705 - streaming_ordering_chatbot.api.flows.conversation_flows_SK - INFO - Produced token:  Small
2025-06-19 11:09:52,765 - streaming_ordering_chatbot.api.flows.conversation_flows_SK - INFO - Produced token: ,
2025-06-19 11:09:52,827 - streaming_ordering_chatbot.api.flows.conversation_flows_SK - INFO - Produced token:  Medium
2025-06-19 11:09:52,879 - streaming_ordering_chatbot.api.flows.conversation_flows_SK - INFO - Produced token: ,
2025-06-19 11:09:52,931 - streaming_ordering_chatbot.api.flows.conversation_flows_SK - INFO - Produced token:  or
2025-06-19 11:09:53,128 - streaming_ordering_chatbot.api.flows.conversation_flows_SK - INFO - Produced token:  Large
2025-06-19 11:09:53,180 - streaming_ordering_chatbot.api.flows.conversation_flows_SK - INFO - Produced token:  (
2025-06-19 11:09:53,231 - streaming_ordering_chatbot.api.flows.conversation_flows_SK - INFO - Produced token: default
2025-06-19 11:09:53,284 - streaming_ordering_chatbot.api.flows.conversation_flows_SK - INFO - Produced token: :
2025-06-19 11:09:53,337 - streaming_ordering_chatbot.api.flows.conversation_flows_SK - INFO - Produced token:  Medium
2025-06-19 11:09:53,526 - streaming_ordering_chatbot.api.flows.conversation_flows_SK - INFO - Produced token: )


2025-06-19 11:09:53,578 - streaming_ordering_chatbot.api.flows.conversation_flows_SK - INFO - Produced token: Let
2025-06-19 11:09:53,631 - streaming_ordering_chatbot.api.flows.conversation_flows_SK - INFO - Produced token:  me
2025-06-19 11:09:53,684 - streaming_ordering_chatbot.api.flows.conversation_flows_SK - INFO - Produced token:  know
2025-06-19 11:09:53,737 - streaming_ordering_chatbot.api.flows.conversation_flows_SK - INFO - Produced token:  if
2025-06-19 11:09:53,922 - streaming_ordering_chatbot.api.flows.conversation_flows_SK - INFO - Produced token:  you'd
2025-06-19 11:09:53,975 - streaming_ordering_chatbot.api.flows.conversation_flows_SK - INFO - Produced token:  like
2025-06-19 11:09:54,035 - streaming_ordering_chatbot.api.flows.conversation_flows_SK - INFO - Produced token:  to
2025-06-19 11:09:54,087 - streaming_ordering_chatbot.api.flows.conversation_flows_SK - INFO - Produced token:  place
2025-06-19 11:09:54,139 - streaming_ordering_chatbot.api.flows.conversation_flows_SK - INFO - Produced token:  an
2025-06-19 11:09:54,327 - streaming_ordering_chatbot.api.flows.conversation_flows_SK - INFO - Produced token:  order
2025-06-19 11:09:54,381 - streaming_ordering_chatbot.api.flows.conversation_flows_SK - INFO - Produced token:  or
2025-06-19 11:09:54,434 - streaming_ordering_chatbot.api.flows.conversation_flows_SK - INFO - Produced token:  ask
2025-06-19 11:09:54,487 - streaming_ordering_chatbot.api.flows.conversation_flows_SK - INFO - Produced token:  about
2025-06-19 11:09:54,539 - streaming_ordering_chatbot.api.flows.conversation_flows_SK - INFO - Produced token:  anything
2025-06-19 11:09:54,744 - streaming_ordering_chatbot.api.flows.conversation_flows_SK - INFO - Produced token: !
2025-06-19 11:09:54,798 - streaming_ordering_chatbot.api.flows.conversation_flows_SK - INFO - Produced token:  😊
2025-06-19 11:11:11,752 - streaming_ordering_chatbot.api.flows.conversation_flows_SK - INFO - Produced token: Hi
2025-06-19 11:11:11,932 - streaming_ordering_chatbot.api.flows.conversation_flows_SK - INFO - Produced token:  there
2025-06-19 11:11:11,985 - streaming_ordering_chatbot.api.flows.conversation_flows_SK - INFO - Produced token: !
2025-06-19 11:11:12,040 - streaming_ordering_chatbot.api.flows.conversation_flows_SK - INFO - Produced token:  Here's
2025-06-19 11:11:12,094 - streaming_ordering_chatbot.api.flows.conversation_flows_SK - INFO - Produced token:  what
2025-06-19 11:11:12,146 - streaming_ordering_chatbot.api.flows.conversation_flows_SK - INFO - Produced token:  I
2025-06-19 11:11:12,325 - streaming_ordering_chatbot.api.flows.conversation_flows_SK - INFO - Produced token:  have
2025-06-19 11:11:12,377 - streaming_ordering_chatbot.api.flows.conversation_flows_SK - INFO - Produced token:  for
2025-06-19 11:11:12,430 - streaming_ordering_chatbot.api.flows.conversation_flows_SK - INFO - Produced token:  your
2025-06-19 11:11:12,482 - streaming_ordering_chatbot.api.flows.conversation_flows_SK - INFO - Produced token:  order
2025-06-19 11:11:12,535 - streaming_ordering_chatbot.api.flows.conversation_flows_SK - INFO - Produced token:  so
2025-06-19 11:11:12,721 - streaming_ordering_chatbot.api.flows.conversation_flows_SK - INFO - Produced token:  far
2025-06-19 11:11:12,775 - streaming_ordering_chatbot.api.flows.conversation_flows_SK - INFO - Produced token: :


2025-06-19 11:11:12,829 - streaming_ordering_chatbot.api.flows.conversation_flows_SK - INFO - Produced token: -
2025-06-19 11:11:12,882 - streaming_ordering_chatbot.api.flows.conversation_flows_SK - INFO - Produced token:  **
2025-06-19 11:11:12,935 - streaming_ordering_chatbot.api.flows.conversation_flows_SK - INFO - Produced token: Large
2025-06-19 11:11:13,133 - streaming_ordering_chatbot.api.flows.conversation_flows_SK - INFO - Produced token:  Fries
2025-06-19 11:11:13,186 - streaming_ordering_chatbot.api.flows.conversation_flows_SK - INFO - Produced token: **
2025-06-19 11:11:13,239 - streaming_ordering_chatbot.api.flows.conversation_flows_SK - INFO - Produced token:  (
2025-06-19 11:11:13,293 - streaming_ordering_chatbot.api.flows.conversation_flows_SK - INFO - Produced token: with
2025-06-19 11:11:13,346 - streaming_ordering_chatbot.api.flows.conversation_flows_SK - INFO - Produced token:  regular
2025-06-19 11:11:13,533 - streaming_ordering_chatbot.api.flows.conversation_flows_SK - INFO - Produced token:  salt
2025-06-19 11:11:13,587 - streaming_ordering_chatbot.api.flows.conversation_flows_SK - INFO - Produced token: )

2025-06-19 11:11:13,640 - streaming_ordering_chatbot.api.flows.conversation_flows_SK - INFO - Produced token: -
2025-06-19 11:11:13,693 - streaming_ordering_chatbot.api.flows.conversation_flows_SK - INFO - Produced token:  **
2025-06-19 11:11:13,746 - streaming_ordering_chatbot.api.flows.conversation_flows_SK - INFO - Produced token: Burger
2025-06-19 11:11:14,001 - streaming_ordering_chatbot.api.flows.conversation_flows_SK - INFO - Produced token: **
2025-06-19 11:11:14,054 - streaming_ordering_chatbot.api.flows.conversation_flows_SK - INFO - Produced token: :

2025-06-19 11:11:14,107 - streaming_ordering_chatbot.api.flows.conversation_flows_SK - INFO - Produced token:  
2025-06-19 11:11:14,161 - streaming_ordering_chatbot.api.flows.conversation_flows_SK - INFO - Produced token:  -
2025-06-19 11:11:14,214 - streaming_ordering_chatbot.api.flows.conversation_flows_SK - INFO - Produced token:  **
2025-06-19 11:11:14,403 - streaming_ordering_chatbot.api.flows.conversation_flows_SK - INFO - Produced token: B
2025-06-19 11:11:14,455 - streaming_ordering_chatbot.api.flows.conversation_flows_SK - INFO - Produced token: un
2025-06-19 11:11:14,508 - streaming_ordering_chatbot.api.flows.conversation_flows_SK - INFO - Produced token: **
2025-06-19 11:11:14,561 - streaming_ordering_chatbot.api.flows.conversation_flows_SK - INFO - Produced token: :
2025-06-19 11:11:14,615 - streaming_ordering_chatbot.api.flows.conversation_flows_SK - INFO - Produced token:  Pret
2025-06-19 11:11:14,807 - streaming_ordering_chatbot.api.flows.conversation_flows_SK - INFO - Produced token: zel
2025-06-19 11:11:14,860 - streaming_ordering_chatbot.api.flows.conversation_flows_SK - INFO - Produced token:   

2025-06-19 11:11:14,912 - streaming_ordering_chatbot.api.flows.conversation_flows_SK - INFO - Produced token:  
2025-06-19 11:11:14,965 - streaming_ordering_chatbot.api.flows.conversation_flows_SK - INFO - Produced token:  -
2025-06-19 11:11:15,018 - streaming_ordering_chatbot.api.flows.conversation_flows_SK - INFO - Produced token:  **
2025-06-19 11:11:15,215 - streaming_ordering_chatbot.api.flows.conversation_flows_SK - INFO - Produced token: T
2025-06-19 11:11:15,269 - streaming_ordering_chatbot.api.flows.conversation_flows_SK - INFO - Produced token: oppings
2025-06-19 11:11:15,322 - streaming_ordering_chatbot.api.flows.conversation_flows_SK - INFO - Produced token: **
2025-06-19 11:11:15,374 - streaming_ordering_chatbot.api.flows.conversation_flows_SK - INFO - Produced token: :
2025-06-19 11:11:15,426 - streaming_ordering_chatbot.api.flows.conversation_flows_SK - INFO - Produced token:  Lett
2025-06-19 11:11:15,611 - streaming_ordering_chatbot.api.flows.conversation_flows_SK - INFO - Produced token: uce
2025-06-19 11:11:15,664 - streaming_ordering_chatbot.api.flows.conversation_flows_SK - INFO - Produced token:  (
2025-06-19 11:11:15,718 - streaming_ordering_chatbot.api.flows.conversation_flows_SK - INFO - Produced token: default
2025-06-19 11:11:15,773 - streaming_ordering_chatbot.api.flows.conversation_flows_SK - INFO - Produced token:  toppings
2025-06-19 11:11:15,827 - streaming_ordering_chatbot.api.flows.conversation_flows_SK - INFO - Produced token:  also
2025-06-19 11:11:16,021 - streaming_ordering_chatbot.api.flows.conversation_flows_SK - INFO - Produced token:  include
2025-06-19 11:11:16,074 - streaming_ordering_chatbot.api.flows.conversation_flows_SK - INFO - Produced token:  tomato
2025-06-19 11:11:16,126 - streaming_ordering_chatbot.api.flows.conversation_flows_SK - INFO - Produced token: ,
2025-06-19 11:11:16,179 - streaming_ordering_chatbot.api.flows.conversation_flows_SK - INFO - Produced token:  onion
2025-06-19 11:11:16,231 - streaming_ordering_chatbot.api.flows.conversation_flows_SK - INFO - Produced token: ,
2025-06-19 11:11:16,431 - streaming_ordering_chatbot.api.flows.conversation_flows_SK - INFO - Produced token:  and
2025-06-19 11:11:16,484 - streaming_ordering_chatbot.api.flows.conversation_flows_SK - INFO - Produced token:  ketchup
2025-06-19 11:11:16,535 - streaming_ordering_chatbot.api.flows.conversation_flows_SK - INFO - Produced token:  unless
2025-06-19 11:11:16,587 - streaming_ordering_chatbot.api.flows.conversation_flows_SK - INFO - Produced token:  you'd
2025-06-19 11:11:16,640 - streaming_ordering_chatbot.api.flows.conversation_flows_SK - INFO - Produced token:  like
2025-06-19 11:11:16,834 - streaming_ordering_chatbot.api.flows.conversation_flows_SK - INFO - Produced token:  to
2025-06-19 11:11:16,886 - streaming_ordering_chatbot.api.flows.conversation_flows_SK - INFO - Produced token:  adjust
2025-06-19 11:11:16,939 - streaming_ordering_chatbot.api.flows.conversation_flows_SK - INFO - Produced token:  them
2025-06-19 11:11:16,993 - streaming_ordering_chatbot.api.flows.conversation_flows_SK - INFO - Produced token: )


2025-06-19 11:11:17,045 - streaming_ordering_chatbot.api.flows.conversation_flows_SK - INFO - Produced token: Could
2025-06-19 11:11:17,239 - streaming_ordering_chatbot.api.flows.conversation_flows_SK - INFO - Produced token:  you
2025-06-19 11:11:17,293 - streaming_ordering_chatbot.api.flows.conversation_flows_SK - INFO - Produced token:  let
2025-06-19 11:11:17,346 - streaming_ordering_chatbot.api.flows.conversation_flows_SK - INFO - Produced token:  me
2025-06-19 11:11:17,399 - streaming_ordering_chatbot.api.flows.conversation_flows_SK - INFO - Produced token:  know
2025-06-19 11:11:17,452 - streaming_ordering_chatbot.api.flows.conversation_flows_SK - INFO - Produced token: :

2025-06-19 11:11:17,641 - streaming_ordering_chatbot.api.flows.conversation_flows_SK - INFO - Produced token: 1
2025-06-19 11:11:17,694 - streaming_ordering_chatbot.api.flows.conversation_flows_SK - INFO - Produced token: .
2025-06-19 11:11:17,747 - streaming_ordering_chatbot.api.flows.conversation_flows_SK - INFO - Produced token:  Which
2025-06-19 11:11:17,800 - streaming_ordering_chatbot.api.flows.conversation_flows_SK - INFO - Produced token:  type
2025-06-19 11:11:17,853 - streaming_ordering_chatbot.api.flows.conversation_flows_SK - INFO - Produced token:  of
2025-06-19 11:11:18,047 - streaming_ordering_chatbot.api.flows.conversation_flows_SK - INFO - Produced token:  burger
2025-06-19 11:11:18,102 - streaming_ordering_chatbot.api.flows.conversation_flows_SK - INFO - Produced token:  you'd
2025-06-19 11:11:18,155 - streaming_ordering_chatbot.api.flows.conversation_flows_SK - INFO - Produced token:  like
2025-06-19 11:11:18,208 - streaming_ordering_chatbot.api.flows.conversation_flows_SK - INFO - Produced token: :
2025-06-19 11:11:18,261 - streaming_ordering_chatbot.api.flows.conversation_flows_SK - INFO - Produced token:  Hamburger
2025-06-19 11:11:18,455 - streaming_ordering_chatbot.api.flows.conversation_flows_SK - INFO - Produced token: ,
2025-06-19 11:11:18,507 - streaming_ordering_chatbot.api.flows.conversation_flows_SK - INFO - Produced token:  Chees
2025-06-19 11:11:18,560 - streaming_ordering_chatbot.api.flows.conversation_flows_SK - INFO - Produced token: eb
2025-06-19 11:11:18,612 - streaming_ordering_chatbot.api.flows.conversation_flows_SK - INFO - Produced token: urger
2025-06-19 11:11:18,665 - streaming_ordering_chatbot.api.flows.conversation_flows_SK - INFO - Produced token: ,
2025-06-19 11:11:18,853 - streaming_ordering_chatbot.api.flows.conversation_flows_SK - INFO - Produced token:  or
2025-06-19 11:11:18,906 - streaming_ordering_chatbot.api.flows.conversation_flows_SK - INFO - Produced token:  Black
2025-06-19 11:11:18,959 - streaming_ordering_chatbot.api.flows.conversation_flows_SK - INFO - Produced token:  Bean
2025-06-19 11:11:19,012 - streaming_ordering_chatbot.api.flows.conversation_flows_SK - INFO - Produced token:  Burger
2025-06-19 11:11:19,065 - streaming_ordering_chatbot.api.flows.conversation_flows_SK - INFO - Produced token: ?

2025-06-19 11:11:19,248 - streaming_ordering_chatbot.api.flows.conversation_flows_SK - INFO - Produced token: 2
2025-06-19 11:11:19,301 - streaming_ordering_chatbot.api.flows.conversation_flows_SK - INFO - Produced token: .
2025-06-19 11:11:19,353 - streaming_ordering_chatbot.api.flows.conversation_flows_SK - INFO - Produced token:  Number
2025-06-19 11:11:19,406 - streaming_ordering_chatbot.api.flows.conversation_flows_SK - INFO - Produced token:  of
2025-06-19 11:11:19,459 - streaming_ordering_chatbot.api.flows.conversation_flows_SK - INFO - Produced token:  patt
2025-06-19 11:11:19,641 - streaming_ordering_chatbot.api.flows.conversation_flows_SK - INFO - Produced token: ies
2025-06-19 11:11:19,693 - streaming_ordering_chatbot.api.flows.conversation_flows_SK - INFO - Produced token: :
2025-06-19 11:11:19,745 - streaming_ordering_chatbot.api.flows.conversation_flows_SK - INFO - Produced token:  Single
2025-06-19 11:11:19,798 - streaming_ordering_chatbot.api.flows.conversation_flows_SK - INFO - Produced token:  or
2025-06-19 11:11:19,851 - streaming_ordering_chatbot.api.flows.conversation_flows_SK - INFO - Produced token:  Double
2025-06-19 11:11:20,062 - streaming_ordering_chatbot.api.flows.conversation_flows_SK - INFO - Produced token: ?

2025-06-19 11:11:20,114 - streaming_ordering_chatbot.api.flows.conversation_flows_SK - INFO - Produced token: 3
2025-06-19 11:11:20,167 - streaming_ordering_chatbot.api.flows.conversation_flows_SK - INFO - Produced token: .
2025-06-19 11:11:20,220 - streaming_ordering_chatbot.api.flows.conversation_flows_SK - INFO - Produced token:  Patty
2025-06-19 11:11:20,273 - streaming_ordering_chatbot.api.flows.conversation_flows_SK - INFO - Produced token:  size
2025-06-19 11:11:20,460 - streaming_ordering_chatbot.api.flows.conversation_flows_SK - INFO - Produced token: :
2025-06-19 11:11:20,513 - streaming_ordering_chatbot.api.flows.conversation_flows_SK - INFO - Produced token:  Quarter
2025-06-19 11:11:20,565 - streaming_ordering_chatbot.api.flows.conversation_flows_SK - INFO - Produced token:  lb
2025-06-19 11:11:20,617 - streaming_ordering_chatbot.api.flows.conversation_flows_SK - INFO - Produced token:  or
2025-06-19 11:11:20,671 - streaming_ordering_chatbot.api.flows.conversation_flows_SK - INFO - Produced token:  Half
2025-06-19 11:11:20,851 - streaming_ordering_chatbot.api.flows.conversation_flows_SK - INFO - Produced token:  lb
2025-06-19 11:11:20,904 - streaming_ordering_chatbot.api.flows.conversation_flows_SK - INFO - Produced token: ?

2025-06-19 11:11:20,956 - streaming_ordering_chatbot.api.flows.conversation_flows_SK - INFO - Produced token: 4
2025-06-19 11:11:21,009 - streaming_ordering_chatbot.api.flows.conversation_flows_SK - INFO - Produced token: .
2025-06-19 11:11:21,061 - streaming_ordering_chatbot.api.flows.conversation_flows_SK - INFO - Produced token:  How
2025-06-19 11:11:21,243 - streaming_ordering_chatbot.api.flows.conversation_flows_SK - INFO - Produced token:  you
2025-06-19 11:11:21,295 - streaming_ordering_chatbot.api.flows.conversation_flows_SK - INFO - Produced token: ’d
2025-06-19 11:11:21,347 - streaming_ordering_chatbot.api.flows.conversation_flows_SK - INFO - Produced token:  like
2025-06-19 11:11:21,399 - streaming_ordering_chatbot.api.flows.conversation_flows_SK - INFO - Produced token:  it
2025-06-19 11:11:21,452 - streaming_ordering_chatbot.api.flows.conversation_flows_SK - INFO - Produced token:  cooked
2025-06-19 11:11:21,635 - streaming_ordering_chatbot.api.flows.conversation_flows_SK - INFO - Produced token: :
2025-06-19 11:11:21,687 - streaming_ordering_chatbot.api.flows.conversation_flows_SK - INFO - Produced token:  Normal
2025-06-19 11:11:21,739 - streaming_ordering_chatbot.api.flows.conversation_flows_SK - INFO - Produced token:  or
2025-06-19 11:11:21,791 - streaming_ordering_chatbot.api.flows.conversation_flows_SK - INFO - Produced token:  Well
2025-06-19 11:11:21,843 - streaming_ordering_chatbot.api.flows.conversation_flows_SK - INFO - Produced token:  Done
2025-06-19 11:11:22,078 - streaming_ordering_chatbot.api.flows.conversation_flows_SK - INFO - Produced token: ?


2025-06-19 11:11:22,130 - streaming_ordering_chatbot.api.flows.conversation_flows_SK - INFO - Produced token: Let
2025-06-19 11:11:22,182 - streaming_ordering_chatbot.api.flows.conversation_flows_SK - INFO - Produced token:  me
2025-06-19 11:11:22,235 - streaming_ordering_chatbot.api.flows.conversation_flows_SK - INFO - Produced token:  know
2025-06-19 11:11:22,288 - streaming_ordering_chatbot.api.flows.conversation_flows_SK - INFO - Produced token: ,
2025-06-19 11:11:22,472 - streaming_ordering_chatbot.api.flows.conversation_flows_SK - INFO - Produced token:  and
2025-06-19 11:11:22,525 - streaming_ordering_chatbot.api.flows.conversation_flows_SK - INFO - Produced token:  I'll
2025-06-19 11:11:22,577 - streaming_ordering_chatbot.api.flows.conversation_flows_SK - INFO - Produced token:  finalize
2025-06-19 11:11:22,632 - streaming_ordering_chatbot.api.flows.conversation_flows_SK - INFO - Produced token:  your
2025-06-19 11:11:22,685 - streaming_ordering_chatbot.api.flows.conversation_flows_SK - INFO - Produced token:  order
2025-06-19 11:11:22,873 - streaming_ordering_chatbot.api.flows.conversation_flows_SK - INFO - Produced token: !
2025-06-19 11:11:22,926 - streaming_ordering_chatbot.api.flows.conversation_flows_SK - INFO - Produced token:  😊
2025-06-19 11:12:25,581 - streaming_ordering_chatbot.api.flows.conversation_flows_SK - INFO - Produced token: Hi
2025-06-19 11:12:25,780 - streaming_ordering_chatbot.api.flows.conversation_flows_SK - INFO - Produced token:  there
2025-06-19 11:12:25,835 - streaming_ordering_chatbot.api.flows.conversation_flows_SK - INFO - Produced token: !
2025-06-19 11:12:25,889 - streaming_ordering_chatbot.api.flows.conversation_flows_SK - INFO - Produced token:  Here
2025-06-19 11:12:25,940 - streaming_ordering_chatbot.api.flows.conversation_flows_SK - INFO - Produced token: ’s
2025-06-19 11:12:25,993 - streaming_ordering_chatbot.api.flows.conversation_flows_SK - INFO - Produced token:  your
2025-06-19 11:12:26,194 - streaming_ordering_chatbot.api.flows.conversation_flows_SK - INFO - Produced token:  updated
2025-06-19 11:12:26,247 - streaming_ordering_chatbot.api.flows.conversation_flows_SK - INFO - Produced token:  order
2025-06-19 11:12:26,301 - streaming_ordering_chatbot.api.flows.conversation_flows_SK - INFO - Produced token:  based
2025-06-19 11:12:26,354 - streaming_ordering_chatbot.api.flows.conversation_flows_SK - INFO - Produced token:  on
2025-06-19 11:12:26,406 - streaming_ordering_chatbot.api.flows.conversation_flows_SK - INFO - Produced token:  your
2025-06-19 11:12:26,618 - streaming_ordering_chatbot.api.flows.conversation_flows_SK - INFO - Produced token:  request
2025-06-19 11:12:26,671 - streaming_ordering_chatbot.api.flows.conversation_flows_SK - INFO - Produced token: :


2025-06-19 11:12:26,724 - streaming_ordering_chatbot.api.flows.conversation_flows_SK - INFO - Produced token: -
2025-06-19 11:12:26,776 - streaming_ordering_chatbot.api.flows.conversation_flows_SK - INFO - Produced token:  **
2025-06-19 11:12:26,829 - streaming_ordering_chatbot.api.flows.conversation_flows_SK - INFO - Produced token: Che
2025-06-19 11:12:27,015 - streaming_ordering_chatbot.api.flows.conversation_flows_SK - INFO - Produced token: es
2025-06-19 11:12:27,070 - streaming_ordering_chatbot.api.flows.conversation_flows_SK - INFO - Produced token: eb
2025-06-19 11:12:27,123 - streaming_ordering_chatbot.api.flows.conversation_flows_SK - INFO - Produced token: urger
2025-06-19 11:12:27,177 - streaming_ordering_chatbot.api.flows.conversation_flows_SK - INFO - Produced token: **
2025-06-19 11:12:27,229 - streaming_ordering_chatbot.api.flows.conversation_flows_SK - INFO - Produced token:   

2025-06-19 11:12:27,282 - streaming_ordering_chatbot.api.flows.conversation_flows_SK - INFO - Produced token:  
2025-06-19 11:12:27,335 - streaming_ordering_chatbot.api.flows.conversation_flows_SK - INFO - Produced token:  -
2025-06-19 11:12:27,388 - streaming_ordering_chatbot.api.flows.conversation_flows_SK - INFO - Produced token:  **
2025-06-19 11:12:27,442 - streaming_ordering_chatbot.api.flows.conversation_flows_SK - INFO - Produced token: B
2025-06-19 11:12:27,494 - streaming_ordering_chatbot.api.flows.conversation_flows_SK - INFO - Produced token: un
2025-06-19 11:12:27,694 - streaming_ordering_chatbot.api.flows.conversation_flows_SK - INFO - Produced token: **
2025-06-19 11:12:27,747 - streaming_ordering_chatbot.api.flows.conversation_flows_SK - INFO - Produced token: :
2025-06-19 11:12:27,799 - streaming_ordering_chatbot.api.flows.conversation_flows_SK - INFO - Produced token:  Pret
2025-06-19 11:12:27,853 - streaming_ordering_chatbot.api.flows.conversation_flows_SK - INFO - Produced token: zel
2025-06-19 11:12:27,905 - streaming_ordering_chatbot.api.flows.conversation_flows_SK - INFO - Produced token:   

2025-06-19 11:12:27,958 - streaming_ordering_chatbot.api.flows.conversation_flows_SK - INFO - Produced token:  
2025-06-19 11:12:28,012 - streaming_ordering_chatbot.api.flows.conversation_flows_SK - INFO - Produced token:  -
2025-06-19 11:12:28,065 - streaming_ordering_chatbot.api.flows.conversation_flows_SK - INFO - Produced token:  **
2025-06-19 11:12:28,119 - streaming_ordering_chatbot.api.flows.conversation_flows_SK - INFO - Produced token: P
2025-06-19 11:12:28,171 - streaming_ordering_chatbot.api.flows.conversation_flows_SK - INFO - Produced token: att
2025-06-19 11:12:28,358 - streaming_ordering_chatbot.api.flows.conversation_flows_SK - INFO - Produced token: ies
2025-06-19 11:12:28,411 - streaming_ordering_chatbot.api.flows.conversation_flows_SK - INFO - Produced token: **
2025-06-19 11:12:28,464 - streaming_ordering_chatbot.api.flows.conversation_flows_SK - INFO - Produced token: :
2025-06-19 11:12:28,517 - streaming_ordering_chatbot.api.flows.conversation_flows_SK - INFO - Produced token:  Double
2025-06-19 11:12:28,570 - streaming_ordering_chatbot.api.flows.conversation_flows_SK - INFO - Produced token:   

2025-06-19 11:12:28,623 - streaming_ordering_chatbot.api.flows.conversation_flows_SK - INFO - Produced token:  
2025-06-19 11:12:28,676 - streaming_ordering_chatbot.api.flows.conversation_flows_SK - INFO - Produced token:  -
2025-06-19 11:12:28,729 - streaming_ordering_chatbot.api.flows.conversation_flows_SK - INFO - Produced token:  **
2025-06-19 11:12:28,782 - streaming_ordering_chatbot.api.flows.conversation_flows_SK - INFO - Produced token: T
2025-06-19 11:12:28,837 - streaming_ordering_chatbot.api.flows.conversation_flows_SK - INFO - Produced token: oppings
2025-06-19 11:12:29,029 - streaming_ordering_chatbot.api.flows.conversation_flows_SK - INFO - Produced token: **
2025-06-19 11:12:29,087 - streaming_ordering_chatbot.api.flows.conversation_flows_SK - INFO - Produced token: :
2025-06-19 11:12:29,145 - streaming_ordering_chatbot.api.flows.conversation_flows_SK - INFO - Produced token:  Lett
2025-06-19 11:12:29,204 - streaming_ordering_chatbot.api.flows.conversation_flows_SK - INFO - Produced token: uce
2025-06-19 11:12:29,275 - streaming_ordering_chatbot.api.flows.conversation_flows_SK - INFO - Produced token:  (
2025-06-19 11:12:29,474 - streaming_ordering_chatbot.api.flows.conversation_flows_SK - INFO - Produced token: default
2025-06-19 11:12:29,527 - streaming_ordering_chatbot.api.flows.conversation_flows_SK - INFO - Produced token:  toppings
2025-06-19 11:12:29,579 - streaming_ordering_chatbot.api.flows.conversation_flows_SK - INFO - Produced token:  of
2025-06-19 11:12:29,631 - streaming_ordering_chatbot.api.flows.conversation_flows_SK - INFO - Produced token:  tomato
2025-06-19 11:12:29,684 - streaming_ordering_chatbot.api.flows.conversation_flows_SK - INFO - Produced token: ,
2025-06-19 11:12:29,874 - streaming_ordering_chatbot.api.flows.conversation_flows_SK - INFO - Produced token:  onion
2025-06-19 11:12:29,928 - streaming_ordering_chatbot.api.flows.conversation_flows_SK - INFO - Produced token: ,
2025-06-19 11:12:29,980 - streaming_ordering_chatbot.api.flows.conversation_flows_SK - INFO - Produced token:  and
2025-06-19 11:12:30,032 - streaming_ordering_chatbot.api.flows.conversation_flows_SK - INFO - Produced token:  ketchup
2025-06-19 11:12:30,084 - streaming_ordering_chatbot.api.flows.conversation_flows_SK - INFO - Produced token:  will
2025-06-19 11:12:30,263 - streaming_ordering_chatbot.api.flows.conversation_flows_SK - INFO - Produced token:  also
2025-06-19 11:12:30,315 - streaming_ordering_chatbot.api.flows.conversation_flows_SK - INFO - Produced token:  be
2025-06-19 11:12:30,368 - streaming_ordering_chatbot.api.flows.conversation_flows_SK - INFO - Produced token:  included
2025-06-19 11:12:30,420 - streaming_ordering_chatbot.api.flows.conversation_flows_SK - INFO - Produced token: )
2025-06-19 11:12:30,473 - streaming_ordering_chatbot.api.flows.conversation_flows_SK - INFO - Produced token:   


2025-06-19 11:12:30,527 - streaming_ordering_chatbot.api.flows.conversation_flows_SK - INFO - Produced token: -
2025-06-19 11:12:30,580 - streaming_ordering_chatbot.api.flows.conversation_flows_SK - INFO - Produced token:  **
2025-06-19 11:12:30,634 - streaming_ordering_chatbot.api.flows.conversation_flows_SK - INFO - Produced token: Fr
2025-06-19 11:12:30,687 - streaming_ordering_chatbot.api.flows.conversation_flows_SK - INFO - Produced token: ies
2025-06-19 11:12:30,740 - streaming_ordering_chatbot.api.flows.conversation_flows_SK - INFO - Produced token: **
2025-06-19 11:12:30,928 - streaming_ordering_chatbot.api.flows.conversation_flows_SK - INFO - Produced token:   

2025-06-19 11:12:30,980 - streaming_ordering_chatbot.api.flows.conversation_flows_SK - INFO - Produced token:  
2025-06-19 11:12:31,033 - streaming_ordering_chatbot.api.flows.conversation_flows_SK - INFO - Produced token:  -
2025-06-19 11:12:31,089 - streaming_ordering_chatbot.api.flows.conversation_flows_SK - INFO - Produced token:  **
2025-06-19 11:12:31,142 - streaming_ordering_chatbot.api.flows.conversation_flows_SK - INFO - Produced token: Size
2025-06-19 11:12:31,324 - streaming_ordering_chatbot.api.flows.conversation_flows_SK - INFO - Produced token: **
2025-06-19 11:12:31,377 - streaming_ordering_chatbot.api.flows.conversation_flows_SK - INFO - Produced token: :
2025-06-19 11:12:31,431 - streaming_ordering_chatbot.api.flows.conversation_flows_SK - INFO - Produced token:  Large
2025-06-19 11:12:31,485 - streaming_ordering_chatbot.api.flows.conversation_flows_SK - INFO - Produced token:   

2025-06-19 11:12:31,538 - streaming_ordering_chatbot.api.flows.conversation_flows_SK - INFO - Produced token:  
2025-06-19 11:12:31,592 - streaming_ordering_chatbot.api.flows.conversation_flows_SK - INFO - Produced token:  -
2025-06-19 11:12:31,648 - streaming_ordering_chatbot.api.flows.conversation_flows_SK - INFO - Produced token:  **
2025-06-19 11:12:31,701 - streaming_ordering_chatbot.api.flows.conversation_flows_SK - INFO - Produced token: Salt
2025-06-19 11:12:31,754 - streaming_ordering_chatbot.api.flows.conversation_flows_SK - INFO - Produced token: **
2025-06-19 11:12:31,807 - streaming_ordering_chatbot.api.flows.conversation_flows_SK - INFO - Produced token: :
2025-06-19 11:12:31,987 - streaming_ordering_chatbot.api.flows.conversation_flows_SK - INFO - Produced token:  None
2025-06-19 11:12:32,040 - streaming_ordering_chatbot.api.flows.conversation_flows_SK - INFO - Produced token:   


2025-06-19 11:12:32,093 - streaming_ordering_chatbot.api.flows.conversation_flows_SK - INFO - Produced token: Does
2025-06-19 11:12:32,146 - streaming_ordering_chatbot.api.flows.conversation_flows_SK - INFO - Produced token:  this
2025-06-19 11:12:32,200 - streaming_ordering_chatbot.api.flows.conversation_flows_SK - INFO - Produced token:  look
2025-06-19 11:12:32,386 - streaming_ordering_chatbot.api.flows.conversation_flows_SK - INFO - Produced token:  good
2025-06-19 11:12:32,441 - streaming_ordering_chatbot.api.flows.conversation_flows_SK - INFO - Produced token:  to
2025-06-19 11:12:32,493 - streaming_ordering_chatbot.api.flows.conversation_flows_SK - INFO - Produced token:  you
2025-06-19 11:12:32,546 - streaming_ordering_chatbot.api.flows.conversation_flows_SK - INFO - Produced token: ?
2025-06-19 11:12:32,599 - streaming_ordering_chatbot.api.flows.conversation_flows_SK - INFO - Produced token:  Let
2025-06-19 11:12:32,794 - streaming_ordering_chatbot.api.flows.conversation_flows_SK - INFO - Produced token:  me
2025-06-19 11:12:32,846 - streaming_ordering_chatbot.api.flows.conversation_flows_SK - INFO - Produced token:  know
2025-06-19 11:12:32,899 - streaming_ordering_chatbot.api.flows.conversation_flows_SK - INFO - Produced token:  if
2025-06-19 11:12:32,953 - streaming_ordering_chatbot.api.flows.conversation_flows_SK - INFO - Produced token:  you
2025-06-19 11:12:33,006 - streaming_ordering_chatbot.api.flows.conversation_flows_SK - INFO - Produced token: ’d
2025-06-19 11:12:33,193 - streaming_ordering_chatbot.api.flows.conversation_flows_SK - INFO - Produced token:  like
2025-06-19 11:12:33,246 - streaming_ordering_chatbot.api.flows.conversation_flows_SK - INFO - Produced token:  to
2025-06-19 11:12:33,300 - streaming_ordering_chatbot.api.flows.conversation_flows_SK - INFO - Produced token:  make
2025-06-19 11:12:33,353 - streaming_ordering_chatbot.api.flows.conversation_flows_SK - INFO - Produced token:  any
2025-06-19 11:12:33,405 - streaming_ordering_chatbot.api.flows.conversation_flows_SK - INFO - Produced token:  changes
2025-06-19 11:12:33,588 - streaming_ordering_chatbot.api.flows.conversation_flows_SK - INFO - Produced token: !
2025-06-19 11:12:33,641 - streaming_ordering_chatbot.api.flows.conversation_flows_SK - INFO - Produced token:  😊
2025-06-19 11:13:02,508 - streaming_ordering_chatbot.api.flows.conversation_flows_SK - INFO - Produced token: Hello
2025-06-19 11:13:02,693 - streaming_ordering_chatbot.api.flows.conversation_flows_SK - INFO - Produced token: !
2025-06-19 11:13:02,746 - streaming_ordering_chatbot.api.flows.conversation_flows_SK - INFO - Produced token:  Here's
2025-06-19 11:13:02,798 - streaming_ordering_chatbot.api.flows.conversation_flows_SK - INFO - Produced token:  your
2025-06-19 11:13:02,851 - streaming_ordering_chatbot.api.flows.conversation_flows_SK - INFO - Produced token:  updated
2025-06-19 11:13:02,903 - streaming_ordering_chatbot.api.flows.conversation_flows_SK - INFO - Produced token:  order
2025-06-19 11:13:03,085 - streaming_ordering_chatbot.api.flows.conversation_flows_SK - INFO - Produced token:  so
2025-06-19 11:13:03,138 - streaming_ordering_chatbot.api.flows.conversation_flows_SK - INFO - Produced token:  far
2025-06-19 11:13:03,190 - streaming_ordering_chatbot.api.flows.conversation_flows_SK - INFO - Produced token: :
2025-06-19 11:13:03,244 - streaming_ordering_chatbot.api.flows.conversation_flows_SK - INFO - Produced token:   


2025-06-19 11:13:03,296 - streaming_ordering_chatbot.api.flows.conversation_flows_SK - INFO - Produced token: -
2025-06-19 11:13:03,482 - streaming_ordering_chatbot.api.flows.conversation_flows_SK - INFO - Produced token:  **
2025-06-19 11:13:03,535 - streaming_ordering_chatbot.api.flows.conversation_flows_SK - INFO - Produced token: Che
2025-06-19 11:13:03,588 - streaming_ordering_chatbot.api.flows.conversation_flows_SK - INFO - Produced token: es
2025-06-19 11:13:03,641 - streaming_ordering_chatbot.api.flows.conversation_flows_SK - INFO - Produced token: eb
2025-06-19 11:13:03,696 - streaming_ordering_chatbot.api.flows.conversation_flows_SK - INFO - Produced token: urger
2025-06-19 11:13:03,888 - streaming_ordering_chatbot.api.flows.conversation_flows_SK - INFO - Produced token: **
2025-06-19 11:13:03,940 - streaming_ordering_chatbot.api.flows.conversation_flows_SK - INFO - Produced token:   

2025-06-19 11:13:03,993 - streaming_ordering_chatbot.api.flows.conversation_flows_SK - INFO - Produced token:  
2025-06-19 11:13:04,045 - streaming_ordering_chatbot.api.flows.conversation_flows_SK - INFO - Produced token:  -
2025-06-19 11:13:04,098 - streaming_ordering_chatbot.api.flows.conversation_flows_SK - INFO - Produced token:  **
2025-06-19 11:13:04,298 - streaming_ordering_chatbot.api.flows.conversation_flows_SK - INFO - Produced token: B
2025-06-19 11:13:04,351 - streaming_ordering_chatbot.api.flows.conversation_flows_SK - INFO - Produced token: un
2025-06-19 11:13:04,403 - streaming_ordering_chatbot.api.flows.conversation_flows_SK - INFO - Produced token: **
2025-06-19 11:13:04,455 - streaming_ordering_chatbot.api.flows.conversation_flows_SK - INFO - Produced token: :
2025-06-19 11:13:04,509 - streaming_ordering_chatbot.api.flows.conversation_flows_SK - INFO - Produced token:  Pret
2025-06-19 11:13:04,694 - streaming_ordering_chatbot.api.flows.conversation_flows_SK - INFO - Produced token: zel
2025-06-19 11:13:04,746 - streaming_ordering_chatbot.api.flows.conversation_flows_SK - INFO - Produced token:   

2025-06-19 11:13:04,798 - streaming_ordering_chatbot.api.flows.conversation_flows_SK - INFO - Produced token:  
2025-06-19 11:13:04,851 - streaming_ordering_chatbot.api.flows.conversation_flows_SK - INFO - Produced token:  -
2025-06-19 11:13:04,903 - streaming_ordering_chatbot.api.flows.conversation_flows_SK - INFO - Produced token:  **
2025-06-19 11:13:05,084 - streaming_ordering_chatbot.api.flows.conversation_flows_SK - INFO - Produced token: P
2025-06-19 11:13:05,136 - streaming_ordering_chatbot.api.flows.conversation_flows_SK - INFO - Produced token: att
2025-06-19 11:13:05,189 - streaming_ordering_chatbot.api.flows.conversation_flows_SK - INFO - Produced token: ies
2025-06-19 11:13:05,241 - streaming_ordering_chatbot.api.flows.conversation_flows_SK - INFO - Produced token: **
2025-06-19 11:13:05,293 - streaming_ordering_chatbot.api.flows.conversation_flows_SK - INFO - Produced token: :
2025-06-19 11:13:05,481 - streaming_ordering_chatbot.api.flows.conversation_flows_SK - INFO - Produced token:  Double
2025-06-19 11:13:05,533 - streaming_ordering_chatbot.api.flows.conversation_flows_SK - INFO - Produced token:   

2025-06-19 11:13:05,586 - streaming_ordering_chatbot.api.flows.conversation_flows_SK - INFO - Produced token:  
2025-06-19 11:13:05,639 - streaming_ordering_chatbot.api.flows.conversation_flows_SK - INFO - Produced token:  -
2025-06-19 11:13:05,692 - streaming_ordering_chatbot.api.flows.conversation_flows_SK - INFO - Produced token:  **
2025-06-19 11:13:05,881 - streaming_ordering_chatbot.api.flows.conversation_flows_SK - INFO - Produced token: Size
2025-06-19 11:13:05,933 - streaming_ordering_chatbot.api.flows.conversation_flows_SK - INFO - Produced token: **
2025-06-19 11:13:05,985 - streaming_ordering_chatbot.api.flows.conversation_flows_SK - INFO - Produced token: :
2025-06-19 11:13:06,038 - streaming_ordering_chatbot.api.flows.conversation_flows_SK - INFO - Produced token:  Quarter
2025-06-19 11:13:06,090 - streaming_ordering_chatbot.api.flows.conversation_flows_SK - INFO - Produced token:  lb
2025-06-19 11:13:06,286 - streaming_ordering_chatbot.api.flows.conversation_flows_SK - INFO - Produced token:   

2025-06-19 11:13:06,339 - streaming_ordering_chatbot.api.flows.conversation_flows_SK - INFO - Produced token:  
2025-06-19 11:13:06,392 - streaming_ordering_chatbot.api.flows.conversation_flows_SK - INFO - Produced token:  -
2025-06-19 11:13:06,444 - streaming_ordering_chatbot.api.flows.conversation_flows_SK - INFO - Produced token:  **
2025-06-19 11:13:06,496 - streaming_ordering_chatbot.api.flows.conversation_flows_SK - INFO - Produced token: T
2025-06-19 11:13:06,680 - streaming_ordering_chatbot.api.flows.conversation_flows_SK - INFO - Produced token: oppings
2025-06-19 11:13:06,734 - streaming_ordering_chatbot.api.flows.conversation_flows_SK - INFO - Produced token: **
2025-06-19 11:13:06,787 - streaming_ordering_chatbot.api.flows.conversation_flows_SK - INFO - Produced token: :
2025-06-19 11:13:06,840 - streaming_ordering_chatbot.api.flows.conversation_flows_SK - INFO - Produced token:  Lett
2025-06-19 11:13:06,892 - streaming_ordering_chatbot.api.flows.conversation_flows_SK - INFO - Produced token: uce
2025-06-19 11:13:07,079 - streaming_ordering_chatbot.api.flows.conversation_flows_SK - INFO - Produced token:   

2025-06-19 11:13:07,131 - streaming_ordering_chatbot.api.flows.conversation_flows_SK - INFO - Produced token:  
2025-06-19 11:13:07,183 - streaming_ordering_chatbot.api.flows.conversation_flows_SK - INFO - Produced token:  -
2025-06-19 11:13:07,236 - streaming_ordering_chatbot.api.flows.conversation_flows_SK - INFO - Produced token:  **
2025-06-19 11:13:07,288 - streaming_ordering_chatbot.api.flows.conversation_flows_SK - INFO - Produced token: Cook
2025-06-19 11:13:07,471 - streaming_ordering_chatbot.api.flows.conversation_flows_SK - INFO - Produced token: **
2025-06-19 11:13:07,523 - streaming_ordering_chatbot.api.flows.conversation_flows_SK - INFO - Produced token: :
2025-06-19 11:13:07,576 - streaming_ordering_chatbot.api.flows.conversation_flows_SK - INFO - Produced token:  Normal
2025-06-19 11:13:07,628 - streaming_ordering_chatbot.api.flows.conversation_flows_SK - INFO - Produced token:   


2025-06-19 11:13:07,681 - streaming_ordering_chatbot.api.flows.conversation_flows_SK - INFO - Produced token: -
2025-06-19 11:13:07,893 - streaming_ordering_chatbot.api.flows.conversation_flows_SK - INFO - Produced token:  **
2025-06-19 11:13:07,947 - streaming_ordering_chatbot.api.flows.conversation_flows_SK - INFO - Produced token: Fr
2025-06-19 11:13:07,999 - streaming_ordering_chatbot.api.flows.conversation_flows_SK - INFO - Produced token: ies
2025-06-19 11:13:08,052 - streaming_ordering_chatbot.api.flows.conversation_flows_SK - INFO - Produced token: **
2025-06-19 11:13:08,105 - streaming_ordering_chatbot.api.flows.conversation_flows_SK - INFO - Produced token:   

2025-06-19 11:13:08,159 - streaming_ordering_chatbot.api.flows.conversation_flows_SK - INFO - Produced token:  
2025-06-19 11:13:08,211 - streaming_ordering_chatbot.api.flows.conversation_flows_SK - INFO - Produced token:  -
2025-06-19 11:13:08,264 - streaming_ordering_chatbot.api.flows.conversation_flows_SK - INFO - Produced token:  **
2025-06-19 11:13:08,316 - streaming_ordering_chatbot.api.flows.conversation_flows_SK - INFO - Produced token: Size
2025-06-19 11:13:08,369 - streaming_ordering_chatbot.api.flows.conversation_flows_SK - INFO - Produced token: **
2025-06-19 11:13:08,554 - streaming_ordering_chatbot.api.flows.conversation_flows_SK - INFO - Produced token: :
2025-06-19 11:13:08,607 - streaming_ordering_chatbot.api.flows.conversation_flows_SK - INFO - Produced token:  Large
2025-06-19 11:13:08,660 - streaming_ordering_chatbot.api.flows.conversation_flows_SK - INFO - Produced token:   

2025-06-19 11:13:08,713 - streaming_ordering_chatbot.api.flows.conversation_flows_SK - INFO - Produced token:  
2025-06-19 11:13:08,765 - streaming_ordering_chatbot.api.flows.conversation_flows_SK - INFO - Produced token:  -
2025-06-19 11:13:08,953 - streaming_ordering_chatbot.api.flows.conversation_flows_SK - INFO - Produced token:  **
2025-06-19 11:13:09,006 - streaming_ordering_chatbot.api.flows.conversation_flows_SK - INFO - Produced token: Salt
2025-06-19 11:13:09,060 - streaming_ordering_chatbot.api.flows.conversation_flows_SK - INFO - Produced token: **
2025-06-19 11:13:09,113 - streaming_ordering_chatbot.api.flows.conversation_flows_SK - INFO - Produced token: :
2025-06-19 11:13:09,169 - streaming_ordering_chatbot.api.flows.conversation_flows_SK - INFO - Produced token:  None
2025-06-19 11:13:09,363 - streaming_ordering_chatbot.api.flows.conversation_flows_SK - INFO - Produced token:   


2025-06-19 11:13:09,416 - streaming_ordering_chatbot.api.flows.conversation_flows_SK - INFO - Produced token: Does
2025-06-19 11:13:09,472 - streaming_ordering_chatbot.api.flows.conversation_flows_SK - INFO - Produced token:  that
2025-06-19 11:13:09,526 - streaming_ordering_chatbot.api.flows.conversation_flows_SK - INFO - Produced token:  look
2025-06-19 11:13:09,582 - streaming_ordering_chatbot.api.flows.conversation_flows_SK - INFO - Produced token:  good
2025-06-19 11:13:09,773 - streaming_ordering_chatbot.api.flows.conversation_flows_SK - INFO - Produced token: ,
2025-06-19 11:13:09,827 - streaming_ordering_chatbot.api.flows.conversation_flows_SK - INFO - Produced token:  or
2025-06-19 11:13:09,880 - streaming_ordering_chatbot.api.flows.conversation_flows_SK - INFO - Produced token:  would
2025-06-19 11:13:09,933 - streaming_ordering_chatbot.api.flows.conversation_flows_SK - INFO - Produced token:  you
2025-06-19 11:13:09,986 - streaming_ordering_chatbot.api.flows.conversation_flows_SK - INFO - Produced token:  like
2025-06-19 11:13:10,170 - streaming_ordering_chatbot.api.flows.conversation_flows_SK - INFO - Produced token:  to
2025-06-19 11:13:10,223 - streaming_ordering_chatbot.api.flows.conversation_flows_SK - INFO - Produced token:  make
2025-06-19 11:13:10,277 - streaming_ordering_chatbot.api.flows.conversation_flows_SK - INFO - Produced token:  any
2025-06-19 11:13:10,331 - streaming_ordering_chatbot.api.flows.conversation_flows_SK - INFO - Produced token:  changes
2025-06-19 11:13:10,384 - streaming_ordering_chatbot.api.flows.conversation_flows_SK - INFO - Produced token: ?
2025-06-19 11:13:10,569 - streaming_ordering_chatbot.api.flows.conversation_flows_SK - INFO - Produced token:  😊
2025-06-19 11:44:28,413 - streaming_ordering_chatbot.api.flows.conversation_flows_SK - INFO - Produced token: Welcome
2025-06-19 11:44:28,880 - streaming_ordering_chatbot.api.flows.conversation_flows_SK - INFO - Produced token:  to
2025-06-19 11:44:28,933 - streaming_ordering_chatbot.api.flows.conversation_flows_SK - INFO - Produced token:  Cont
2025-06-19 11:44:28,986 - streaming_ordering_chatbot.api.flows.conversation_flows_SK - INFO - Produced token: oso
2025-06-19 11:44:29,039 - streaming_ordering_chatbot.api.flows.conversation_flows_SK - INFO - Produced token:  Restaurant
2025-06-19 11:44:29,093 - streaming_ordering_chatbot.api.flows.conversation_flows_SK - INFO - Produced token: !
2025-06-19 11:44:29,287 - streaming_ordering_chatbot.api.flows.conversation_flows_SK - INFO - Produced token:  How
2025-06-19 11:44:29,340 - streaming_ordering_chatbot.api.flows.conversation_flows_SK - INFO - Produced token:  can
2025-06-19 11:44:29,393 - streaming_ordering_chatbot.api.flows.conversation_flows_SK - INFO - Produced token:  I
2025-06-19 11:44:29,447 - streaming_ordering_chatbot.api.flows.conversation_flows_SK - INFO - Produced token:  assist
2025-06-19 11:44:29,500 - streaming_ordering_chatbot.api.flows.conversation_flows_SK - INFO - Produced token:  you
2025-06-19 11:44:29,683 - streaming_ordering_chatbot.api.flows.conversation_flows_SK - INFO - Produced token:  today
2025-06-19 11:44:29,736 - streaming_ordering_chatbot.api.flows.conversation_flows_SK - INFO - Produced token: ?
2025-06-19 11:44:29,789 - streaming_ordering_chatbot.api.flows.conversation_flows_SK - INFO - Produced token:  I
2025-06-19 11:44:29,842 - streaming_ordering_chatbot.api.flows.conversation_flows_SK - INFO - Produced token:  can
2025-06-19 11:44:29,895 - streaming_ordering_chatbot.api.flows.conversation_flows_SK - INFO - Produced token:  help
2025-06-19 11:44:30,078 - streaming_ordering_chatbot.api.flows.conversation_flows_SK - INFO - Produced token:  with
2025-06-19 11:44:30,131 - streaming_ordering_chatbot.api.flows.conversation_flows_SK - INFO - Produced token:  answering
2025-06-19 11:44:30,183 - streaming_ordering_chatbot.api.flows.conversation_flows_SK - INFO - Produced token:  questions
2025-06-19 11:44:30,236 - streaming_ordering_chatbot.api.flows.conversation_flows_SK - INFO - Produced token:  about
2025-06-19 11:44:30,289 - streaming_ordering_chatbot.api.flows.conversation_flows_SK - INFO - Produced token:  our
2025-06-19 11:44:30,475 - streaming_ordering_chatbot.api.flows.conversation_flows_SK - INFO - Produced token:  menu
2025-06-19 11:44:30,528 - streaming_ordering_chatbot.api.flows.conversation_flows_SK - INFO - Produced token: ,
2025-06-19 11:44:30,582 - streaming_ordering_chatbot.api.flows.conversation_flows_SK - INFO - Produced token:  taking
2025-06-19 11:44:30,635 - streaming_ordering_chatbot.api.flows.conversation_flows_SK - INFO - Produced token:  or
2025-06-19 11:44:30,688 - streaming_ordering_chatbot.api.flows.conversation_flows_SK - INFO - Produced token:  modifying
2025-06-19 11:44:30,878 - streaming_ordering_chatbot.api.flows.conversation_flows_SK - INFO - Produced token:  orders
2025-06-19 11:44:30,930 - streaming_ordering_chatbot.api.flows.conversation_flows_SK - INFO - Produced token: ,
2025-06-19 11:44:30,984 - streaming_ordering_chatbot.api.flows.conversation_flows_SK - INFO - Produced token:  and
2025-06-19 11:44:31,036 - streaming_ordering_chatbot.api.flows.conversation_flows_SK - INFO - Produced token:  providing
2025-06-19 11:44:31,090 - streaming_ordering_chatbot.api.flows.conversation_flows_SK - INFO - Produced token:  information
2025-06-19 11:44:31,274 - streaming_ordering_chatbot.api.flows.conversation_flows_SK - INFO - Produced token:  about
2025-06-19 11:44:31,327 - streaming_ordering_chatbot.api.flows.conversation_flows_SK - INFO - Produced token:  our
2025-06-19 11:44:31,381 - streaming_ordering_chatbot.api.flows.conversation_flows_SK - INFO - Produced token:  restaurant
2025-06-19 11:44:31,434 - streaming_ordering_chatbot.api.flows.conversation_flows_SK - INFO - Produced token: .
2025-06-19 11:44:47,222 - streaming_ordering_chatbot.api.flows.conversation_flows_SK - INFO - Produced token: Hello
2025-06-19 11:44:47,409 - streaming_ordering_chatbot.api.flows.conversation_flows_SK - INFO - Produced token: !
2025-06-19 11:44:47,463 - streaming_ordering_chatbot.api.flows.conversation_flows_SK - INFO - Produced token:  Welcome
2025-06-19 11:44:47,516 - streaming_ordering_chatbot.api.flows.conversation_flows_SK - INFO - Produced token:  to
2025-06-19 11:44:47,570 - streaming_ordering_chatbot.api.flows.conversation_flows_SK - INFO - Produced token:  Cont
2025-06-19 11:44:47,632 - streaming_ordering_chatbot.api.flows.conversation_flows_SK - INFO - Produced token: oso
2025-06-19 11:44:47,829 - streaming_ordering_chatbot.api.flows.conversation_flows_SK - INFO - Produced token:  Burger
2025-06-19 11:44:47,883 - streaming_ordering_chatbot.api.flows.conversation_flows_SK - INFO - Produced token: .
2025-06-19 11:44:47,937 - streaming_ordering_chatbot.api.flows.conversation_flows_SK - INFO - Produced token:  How
2025-06-19 11:44:47,989 - streaming_ordering_chatbot.api.flows.conversation_flows_SK - INFO - Produced token:  can
2025-06-19 11:44:48,042 - streaming_ordering_chatbot.api.flows.conversation_flows_SK - INFO - Produced token:  I
2025-06-19 11:44:48,228 - streaming_ordering_chatbot.api.flows.conversation_flows_SK - INFO - Produced token:  help
2025-06-19 11:44:48,282 - streaming_ordering_chatbot.api.flows.conversation_flows_SK - INFO - Produced token:  you
2025-06-19 11:44:48,334 - streaming_ordering_chatbot.api.flows.conversation_flows_SK - INFO - Produced token:  today
2025-06-19 11:44:48,387 - streaming_ordering_chatbot.api.flows.conversation_flows_SK - INFO - Produced token: ?
2025-06-19 11:44:48,441 - streaming_ordering_chatbot.api.flows.conversation_flows_SK - INFO - Produced token:  Would
2025-06-19 11:44:48,653 - streaming_ordering_chatbot.api.flows.conversation_flows_SK - INFO - Produced token:  you
2025-06-19 11:44:48,707 - streaming_ordering_chatbot.api.flows.conversation_flows_SK - INFO - Produced token:  like
2025-06-19 11:44:48,761 - streaming_ordering_chatbot.api.flows.conversation_flows_SK - INFO - Produced token:  to
2025-06-19 11:44:48,814 - streaming_ordering_chatbot.api.flows.conversation_flows_SK - INFO - Produced token:  know
2025-06-19 11:44:48,867 - streaming_ordering_chatbot.api.flows.conversation_flows_SK - INFO - Produced token:  more
2025-06-19 11:44:49,055 - streaming_ordering_chatbot.api.flows.conversation_flows_SK - INFO - Produced token:  about
2025-06-19 11:44:49,108 - streaming_ordering_chatbot.api.flows.conversation_flows_SK - INFO - Produced token:  our
2025-06-19 11:44:49,161 - streaming_ordering_chatbot.api.flows.conversation_flows_SK - INFO - Produced token:  menu
2025-06-19 11:44:49,214 - streaming_ordering_chatbot.api.flows.conversation_flows_SK - INFO - Produced token:  or
2025-06-19 11:44:49,267 - streaming_ordering_chatbot.api.flows.conversation_flows_SK - INFO - Produced token:  need
2025-06-19 11:44:49,460 - streaming_ordering_chatbot.api.flows.conversation_flows_SK - INFO - Produced token:  assistance
2025-06-19 11:44:49,512 - streaming_ordering_chatbot.api.flows.conversation_flows_SK - INFO - Produced token:  with
2025-06-19 11:44:49,565 - streaming_ordering_chatbot.api.flows.conversation_flows_SK - INFO - Produced token:  placing
2025-06-19 11:44:49,618 - streaming_ordering_chatbot.api.flows.conversation_flows_SK - INFO - Produced token:  an
2025-06-19 11:44:49,671 - streaming_ordering_chatbot.api.flows.conversation_flows_SK - INFO - Produced token:  order
2025-06-19 11:44:49,857 - streaming_ordering_chatbot.api.flows.conversation_flows_SK - INFO - Produced token: ?
2025-06-19 11:44:49,910 - streaming_ordering_chatbot.api.flows.conversation_flows_SK - INFO - Produced token:  😊
2025-06-19 11:45:00,540 - streaming_ordering_chatbot.api.flows.conversation_flows_SK - INFO - Produced token: Hello
2025-06-19 11:45:00,729 - streaming_ordering_chatbot.api.flows.conversation_flows_SK - INFO - Produced token: !
2025-06-19 11:45:00,782 - streaming_ordering_chatbot.api.flows.conversation_flows_SK - INFO - Produced token:  Welcome
2025-06-19 11:45:00,834 - streaming_ordering_chatbot.api.flows.conversation_flows_SK - INFO - Produced token:  to
2025-06-19 11:45:00,888 - streaming_ordering_chatbot.api.flows.conversation_flows_SK - INFO - Produced token:  Cont
2025-06-19 11:45:00,940 - streaming_ordering_chatbot.api.flows.conversation_flows_SK - INFO - Produced token: oso
2025-06-19 11:45:01,132 - streaming_ordering_chatbot.api.flows.conversation_flows_SK - INFO - Produced token:  Burger
2025-06-19 11:45:01,185 - streaming_ordering_chatbot.api.flows.conversation_flows_SK - INFO - Produced token: .
2025-06-19 11:45:01,238 - streaming_ordering_chatbot.api.flows.conversation_flows_SK - INFO - Produced token:  How
2025-06-19 11:45:01,291 - streaming_ordering_chatbot.api.flows.conversation_flows_SK - INFO - Produced token:  can
2025-06-19 11:45:01,344 - streaming_ordering_chatbot.api.flows.conversation_flows_SK - INFO - Produced token:  I
2025-06-19 11:45:01,529 - streaming_ordering_chatbot.api.flows.conversation_flows_SK - INFO - Produced token:  assist
2025-06-19 11:45:01,583 - streaming_ordering_chatbot.api.flows.conversation_flows_SK - INFO - Produced token:  you
2025-06-19 11:45:01,636 - streaming_ordering_chatbot.api.flows.conversation_flows_SK - INFO - Produced token:  today
2025-06-19 11:45:01,690 - streaming_ordering_chatbot.api.flows.conversation_flows_SK - INFO - Produced token: ?
2025-06-19 11:45:01,743 - streaming_ordering_chatbot.api.flows.conversation_flows_SK - INFO - Produced token:  Whether
2025-06-19 11:45:01,933 - streaming_ordering_chatbot.api.flows.conversation_flows_SK - INFO - Produced token:  you
2025-06-19 11:45:01,986 - streaming_ordering_chatbot.api.flows.conversation_flows_SK - INFO - Produced token:  have
2025-06-19 11:45:02,039 - streaming_ordering_chatbot.api.flows.conversation_flows_SK - INFO - Produced token:  questions
2025-06-19 11:45:02,091 - streaming_ordering_chatbot.api.flows.conversation_flows_SK - INFO - Produced token:  about
2025-06-19 11:45:02,144 - streaming_ordering_chatbot.api.flows.conversation_flows_SK - INFO - Produced token:  our
2025-06-19 11:45:02,342 - streaming_ordering_chatbot.api.flows.conversation_flows_SK - INFO - Produced token:  menu
2025-06-19 11:45:02,395 - streaming_ordering_chatbot.api.flows.conversation_flows_SK - INFO - Produced token: ,
2025-06-19 11:45:02,449 - streaming_ordering_chatbot.api.flows.conversation_flows_SK - INFO - Produced token:  need
2025-06-19 11:45:02,502 - streaming_ordering_chatbot.api.flows.conversation_flows_SK - INFO - Produced token:  help
2025-06-19 11:45:02,555 - streaming_ordering_chatbot.api.flows.conversation_flows_SK - INFO - Produced token:  with
2025-06-19 11:45:02,741 - streaming_ordering_chatbot.api.flows.conversation_flows_SK - INFO - Produced token:  your
2025-06-19 11:45:02,794 - streaming_ordering_chatbot.api.flows.conversation_flows_SK - INFO - Produced token:  order
2025-06-19 11:45:02,846 - streaming_ordering_chatbot.api.flows.conversation_flows_SK - INFO - Produced token: ,
2025-06-19 11:45:02,899 - streaming_ordering_chatbot.api.flows.conversation_flows_SK - INFO - Produced token:  or
2025-06-19 11:45:02,952 - streaming_ordering_chatbot.api.flows.conversation_flows_SK - INFO - Produced token:  anything
2025-06-19 11:45:03,139 - streaming_ordering_chatbot.api.flows.conversation_flows_SK - INFO - Produced token:  else
2025-06-19 11:45:03,193 - streaming_ordering_chatbot.api.flows.conversation_flows_SK - INFO - Produced token: ,
2025-06-19 11:45:03,246 - streaming_ordering_chatbot.api.flows.conversation_flows_SK - INFO - Produced token:  I'm
2025-06-19 11:45:03,300 - streaming_ordering_chatbot.api.flows.conversation_flows_SK - INFO - Produced token:  here
2025-06-19 11:45:03,352 - streaming_ordering_chatbot.api.flows.conversation_flows_SK - INFO - Produced token:  to
2025-06-19 11:45:03,543 - streaming_ordering_chatbot.api.flows.conversation_flows_SK - INFO - Produced token:  help
2025-06-19 11:45:03,596 - streaming_ordering_chatbot.api.flows.conversation_flows_SK - INFO - Produced token: !
2025-06-19 11:45:10,263 - streaming_ordering_chatbot.api.flows.conversation_flows_SK - INFO - Produced token: Hello
2025-06-19 11:45:10,460 - streaming_ordering_chatbot.api.flows.conversation_flows_SK - INFO - Produced token: !
2025-06-19 11:45:10,514 - streaming_ordering_chatbot.api.flows.conversation_flows_SK - INFO - Produced token:  Welcome
2025-06-19 11:45:10,568 - streaming_ordering_chatbot.api.flows.conversation_flows_SK - INFO - Produced token:  to
2025-06-19 11:45:10,623 - streaming_ordering_chatbot.api.flows.conversation_flows_SK - INFO - Produced token:  Cont
2025-06-19 11:45:10,676 - streaming_ordering_chatbot.api.flows.conversation_flows_SK - INFO - Produced token: oso
2025-06-19 11:45:10,868 - streaming_ordering_chatbot.api.flows.conversation_flows_SK - INFO - Produced token:  Burger
2025-06-19 11:45:10,923 - streaming_ordering_chatbot.api.flows.conversation_flows_SK - INFO - Produced token: .
2025-06-19 11:45:10,977 - streaming_ordering_chatbot.api.flows.conversation_flows_SK - INFO - Produced token:  How
2025-06-19 11:45:11,030 - streaming_ordering_chatbot.api.flows.conversation_flows_SK - INFO - Produced token:  can
2025-06-19 11:45:11,085 - streaming_ordering_chatbot.api.flows.conversation_flows_SK - INFO - Produced token:  I
2025-06-19 11:45:11,279 - streaming_ordering_chatbot.api.flows.conversation_flows_SK - INFO - Produced token:  help
2025-06-19 11:45:11,334 - streaming_ordering_chatbot.api.flows.conversation_flows_SK - INFO - Produced token:  you
2025-06-19 11:45:11,387 - streaming_ordering_chatbot.api.flows.conversation_flows_SK - INFO - Produced token:  today
2025-06-19 11:45:11,441 - streaming_ordering_chatbot.api.flows.conversation_flows_SK - INFO - Produced token: ?
2025-06-19 11:45:11,494 - streaming_ordering_chatbot.api.flows.conversation_flows_SK - INFO - Produced token:  😊
2025-06-19 11:45:23,714 - streaming_ordering_chatbot.api.flows.conversation_flows_SK - INFO - Produced token: Hello
2025-06-19 11:45:23,900 - streaming_ordering_chatbot.api.flows.conversation_flows_SK - INFO - Produced token: !
2025-06-19 11:45:23,953 - streaming_ordering_chatbot.api.flows.conversation_flows_SK - INFO - Produced token:  Welcome
2025-06-19 11:45:24,005 - streaming_ordering_chatbot.api.flows.conversation_flows_SK - INFO - Produced token:  to
2025-06-19 11:45:24,058 - streaming_ordering_chatbot.api.flows.conversation_flows_SK - INFO - Produced token:  Cont
2025-06-19 11:45:24,111 - streaming_ordering_chatbot.api.flows.conversation_flows_SK - INFO - Produced token: oso
2025-06-19 11:45:24,303 - streaming_ordering_chatbot.api.flows.conversation_flows_SK - INFO - Produced token:  Burger
2025-06-19 11:45:24,356 - streaming_ordering_chatbot.api.flows.conversation_flows_SK - INFO - Produced token: !
2025-06-19 11:45:24,410 - streaming_ordering_chatbot.api.flows.conversation_flows_SK - INFO - Produced token:  How
2025-06-19 11:45:24,463 - streaming_ordering_chatbot.api.flows.conversation_flows_SK - INFO - Produced token:  can
2025-06-19 11:45:24,516 - streaming_ordering_chatbot.api.flows.conversation_flows_SK - INFO - Produced token:  I
2025-06-19 11:45:24,727 - streaming_ordering_chatbot.api.flows.conversation_flows_SK - INFO - Produced token:  help
2025-06-19 11:45:24,781 - streaming_ordering_chatbot.api.flows.conversation_flows_SK - INFO - Produced token:  you
2025-06-19 11:45:24,834 - streaming_ordering_chatbot.api.flows.conversation_flows_SK - INFO - Produced token:  today
2025-06-19 11:45:24,887 - streaming_ordering_chatbot.api.flows.conversation_flows_SK - INFO - Produced token: ?
2025-06-19 11:45:24,940 - streaming_ordering_chatbot.api.flows.conversation_flows_SK - INFO - Produced token:  😊
2025-06-19 11:45:35,224 - streaming_ordering_chatbot.api.flows.conversation_flows_SK - INFO - Produced token: Hello
2025-06-19 11:45:35,442 - streaming_ordering_chatbot.api.flows.conversation_flows_SK - INFO - Produced token: !
2025-06-19 11:45:35,495 - streaming_ordering_chatbot.api.flows.conversation_flows_SK - INFO - Produced token:  How
2025-06-19 11:45:35,549 - streaming_ordering_chatbot.api.flows.conversation_flows_SK - INFO - Produced token:  can
2025-06-19 11:45:35,602 - streaming_ordering_chatbot.api.flows.conversation_flows_SK - INFO - Produced token:  I
2025-06-19 11:45:35,655 - streaming_ordering_chatbot.api.flows.conversation_flows_SK - INFO - Produced token:  assist
2025-06-19 11:45:35,848 - streaming_ordering_chatbot.api.flows.conversation_flows_SK - INFO - Produced token:  you
2025-06-19 11:45:35,901 - streaming_ordering_chatbot.api.flows.conversation_flows_SK - INFO - Produced token:  today
2025-06-19 11:45:35,954 - streaming_ordering_chatbot.api.flows.conversation_flows_SK - INFO - Produced token: ?
2025-06-19 11:45:36,008 - streaming_ordering_chatbot.api.flows.conversation_flows_SK - INFO - Produced token:  Would
2025-06-19 11:45:36,061 - streaming_ordering_chatbot.api.flows.conversation_flows_SK - INFO - Produced token:  you
2025-06-19 11:45:36,248 - streaming_ordering_chatbot.api.flows.conversation_flows_SK - INFO - Produced token:  like
2025-06-19 11:45:36,302 - streaming_ordering_chatbot.api.flows.conversation_flows_SK - INFO - Produced token:  to
2025-06-19 11:45:36,355 - streaming_ordering_chatbot.api.flows.conversation_flows_SK - INFO - Produced token:  know
2025-06-19 11:45:36,408 - streaming_ordering_chatbot.api.flows.conversation_flows_SK - INFO - Produced token:  more
2025-06-19 11:45:36,461 - streaming_ordering_chatbot.api.flows.conversation_flows_SK - INFO - Produced token:  about
2025-06-19 11:45:36,646 - streaming_ordering_chatbot.api.flows.conversation_flows_SK - INFO - Produced token:  our
2025-06-19 11:45:36,700 - streaming_ordering_chatbot.api.flows.conversation_flows_SK - INFO - Produced token:  menu
2025-06-19 11:45:36,753 - streaming_ordering_chatbot.api.flows.conversation_flows_SK - INFO - Produced token: ,
2025-06-19 11:45:36,806 - streaming_ordering_chatbot.api.flows.conversation_flows_SK - INFO - Produced token:  place
2025-06-19 11:45:36,859 - streaming_ordering_chatbot.api.flows.conversation_flows_SK - INFO - Produced token:  an
2025-06-19 11:45:37,044 - streaming_ordering_chatbot.api.flows.conversation_flows_SK - INFO - Produced token:  order
2025-06-19 11:45:37,096 - streaming_ordering_chatbot.api.flows.conversation_flows_SK - INFO - Produced token: ,
2025-06-19 11:45:37,149 - streaming_ordering_chatbot.api.flows.conversation_flows_SK - INFO - Produced token:  or
2025-06-19 11:45:37,201 - streaming_ordering_chatbot.api.flows.conversation_flows_SK - INFO - Produced token:  something
2025-06-19 11:45:37,255 - streaming_ordering_chatbot.api.flows.conversation_flows_SK - INFO - Produced token:  else
2025-06-19 11:45:37,451 - streaming_ordering_chatbot.api.flows.conversation_flows_SK - INFO - Produced token: ?
2025-06-19 11:45:37,505 - streaming_ordering_chatbot.api.flows.conversation_flows_SK - INFO - Produced token:  😊
2025-06-19 11:51:30,228 - streaming_ordering_chatbot.api.flows.conversation_flows_SK - INFO - Produced token: Welcome
2025-06-19 11:51:30,700 - streaming_ordering_chatbot.api.flows.conversation_flows_SK - INFO - Produced token:  to
2025-06-19 11:51:30,753 - streaming_ordering_chatbot.api.flows.conversation_flows_SK - INFO - Produced token:  Cont
2025-06-19 11:51:30,807 - streaming_ordering_chatbot.api.flows.conversation_flows_SK - INFO - Produced token: oso
2025-06-19 11:51:30,861 - streaming_ordering_chatbot.api.flows.conversation_flows_SK - INFO - Produced token:  Restaurant
2025-06-19 11:51:30,914 - streaming_ordering_chatbot.api.flows.conversation_flows_SK - INFO - Produced token: !
2025-06-19 11:51:31,108 - streaming_ordering_chatbot.api.flows.conversation_flows_SK - INFO - Produced token:   


2025-06-19 11:51:31,162 - streaming_ordering_chatbot.api.flows.conversation_flows_SK - INFO - Produced token: How
2025-06-19 11:51:31,216 - streaming_ordering_chatbot.api.flows.conversation_flows_SK - INFO - Produced token:  can
2025-06-19 11:51:31,269 - streaming_ordering_chatbot.api.flows.conversation_flows_SK - INFO - Produced token:  I
2025-06-19 11:51:31,322 - streaming_ordering_chatbot.api.flows.conversation_flows_SK - INFO - Produced token:  assist
2025-06-19 11:51:31,517 - streaming_ordering_chatbot.api.flows.conversation_flows_SK - INFO - Produced token:  you
2025-06-19 11:51:31,571 - streaming_ordering_chatbot.api.flows.conversation_flows_SK - INFO - Produced token:  today
2025-06-19 11:51:31,624 - streaming_ordering_chatbot.api.flows.conversation_flows_SK - INFO - Produced token: ?
2025-06-19 11:51:31,677 - streaming_ordering_chatbot.api.flows.conversation_flows_SK - INFO - Produced token:   


2025-06-19 11:51:31,731 - streaming_ordering_chatbot.api.flows.conversation_flows_SK - INFO - Produced token: I
2025-06-19 11:51:31,924 - streaming_ordering_chatbot.api.flows.conversation_flows_SK - INFO - Produced token: ’m
2025-06-19 11:51:31,977 - streaming_ordering_chatbot.api.flows.conversation_flows_SK - INFO - Produced token:  here
2025-06-19 11:51:32,030 - streaming_ordering_chatbot.api.flows.conversation_flows_SK - INFO - Produced token:  to
2025-06-19 11:51:32,084 - streaming_ordering_chatbot.api.flows.conversation_flows_SK - INFO - Produced token:  help
2025-06-19 11:51:32,138 - streaming_ordering_chatbot.api.flows.conversation_flows_SK - INFO - Produced token:  with
2025-06-19 11:51:32,329 - streaming_ordering_chatbot.api.flows.conversation_flows_SK - INFO - Produced token: :
2025-06-19 11:51:32,382 - streaming_ordering_chatbot.api.flows.conversation_flows_SK - INFO - Produced token:   

2025-06-19 11:51:32,436 - streaming_ordering_chatbot.api.flows.conversation_flows_SK - INFO - Produced token:  
2025-06-19 11:51:32,489 - streaming_ordering_chatbot.api.flows.conversation_flows_SK - INFO - Produced token:  *
2025-06-19 11:51:32,543 - streaming_ordering_chatbot.api.flows.conversation_flows_SK - INFO - Produced token:  Answer
2025-06-19 11:51:32,752 - streaming_ordering_chatbot.api.flows.conversation_flows_SK - INFO - Produced token: ing
2025-06-19 11:51:32,806 - streaming_ordering_chatbot.api.flows.conversation_flows_SK - INFO - Produced token:  any
2025-06-19 11:51:32,859 - streaming_ordering_chatbot.api.flows.conversation_flows_SK - INFO - Produced token:  questions
2025-06-19 11:51:32,918 - streaming_ordering_chatbot.api.flows.conversation_flows_SK - INFO - Produced token:  about
2025-06-19 11:51:32,970 - streaming_ordering_chatbot.api.flows.conversation_flows_SK - INFO - Produced token:  our
2025-06-19 11:51:33,160 - streaming_ordering_chatbot.api.flows.conversation_flows_SK - INFO - Produced token:  menu
2025-06-19 11:51:33,212 - streaming_ordering_chatbot.api.flows.conversation_flows_SK - INFO - Produced token:   

2025-06-19 11:51:33,266 - streaming_ordering_chatbot.api.flows.conversation_flows_SK - INFO - Produced token:  
2025-06-19 11:51:33,319 - streaming_ordering_chatbot.api.flows.conversation_flows_SK - INFO - Produced token:  *
2025-06-19 11:51:33,373 - streaming_ordering_chatbot.api.flows.conversation_flows_SK - INFO - Produced token:  Taking
2025-06-19 11:51:33,562 - streaming_ordering_chatbot.api.flows.conversation_flows_SK - INFO - Produced token:  and
2025-06-19 11:51:33,615 - streaming_ordering_chatbot.api.flows.conversation_flows_SK - INFO - Produced token:  modifying
2025-06-19 11:51:33,666 - streaming_ordering_chatbot.api.flows.conversation_flows_SK - INFO - Produced token:  your
2025-06-19 11:51:33,719 - streaming_ordering_chatbot.api.flows.conversation_flows_SK - INFO - Produced token:  orders
2025-06-19 11:51:33,772 - streaming_ordering_chatbot.api.flows.conversation_flows_SK - INFO - Produced token:   

2025-06-19 11:51:33,826 - streaming_ordering_chatbot.api.flows.conversation_flows_SK - INFO - Produced token:  
2025-06-19 11:51:33,879 - streaming_ordering_chatbot.api.flows.conversation_flows_SK - INFO - Produced token:  *
2025-06-19 11:51:33,933 - streaming_ordering_chatbot.api.flows.conversation_flows_SK - INFO - Produced token:  Providing
2025-06-19 11:51:33,987 - streaming_ordering_chatbot.api.flows.conversation_flows_SK - INFO - Produced token:  information
2025-06-19 11:51:34,041 - streaming_ordering_chatbot.api.flows.conversation_flows_SK - INFO - Produced token:  about
2025-06-19 11:51:34,226 - streaming_ordering_chatbot.api.flows.conversation_flows_SK - INFO - Produced token:  our
2025-06-19 11:51:34,279 - streaming_ordering_chatbot.api.flows.conversation_flows_SK - INFO - Produced token:  restaurant
2025-06-19 11:51:34,332 - streaming_ordering_chatbot.api.flows.conversation_flows_SK - INFO - Produced token:   


2025-06-19 11:51:34,385 - streaming_ordering_chatbot.api.flows.conversation_flows_SK - INFO - Produced token: Let
2025-06-19 11:51:34,438 - streaming_ordering_chatbot.api.flows.conversation_flows_SK - INFO - Produced token:  me
2025-06-19 11:51:34,633 - streaming_ordering_chatbot.api.flows.conversation_flows_SK - INFO - Produced token:  know
2025-06-19 11:51:34,686 - streaming_ordering_chatbot.api.flows.conversation_flows_SK - INFO - Produced token:  how
2025-06-19 11:51:34,755 - streaming_ordering_chatbot.api.flows.conversation_flows_SK - INFO - Produced token:  I
2025-06-19 11:51:34,809 - streaming_ordering_chatbot.api.flows.conversation_flows_SK - INFO - Produced token:  can
2025-06-19 11:51:34,862 - streaming_ordering_chatbot.api.flows.conversation_flows_SK - INFO - Produced token:  make
2025-06-19 11:51:35,106 - streaming_ordering_chatbot.api.flows.conversation_flows_SK - INFO - Produced token:  your
2025-06-19 11:51:35,160 - streaming_ordering_chatbot.api.flows.conversation_flows_SK - INFO - Produced token:  experience
2025-06-19 11:51:35,214 - streaming_ordering_chatbot.api.flows.conversation_flows_SK - INFO - Produced token:  wonderful
2025-06-19 11:51:35,267 - streaming_ordering_chatbot.api.flows.conversation_flows_SK - INFO - Produced token: !
